Package	Version	Repository
abind	1.4-8	CRAN
ade4	1.7-24	CRAN
aggregation	1.0.2	CRAN
AnnotationDbi	1.74.0	Bioconductor
AnnotationFilter	1.36.0	Bioconductor
askpass	1.2.1	CRAN
assertthat	0.2.1	CRAN
assorthead	1.6.3	Bioconductor
backports	1.5.1	CRAN
bamsignals	1.44.1	Bioconductor
base64enc	0.1-6	CRAN
beachmat	2.28.0	Bioconductor
beeswarm	0.4.0	CRAN
bezier	1.1.2	CRAN
BH	1.90.0-1	CRAN
Biobase	2.72.0	Bioconductor
BiocFileCache	3.2.0	Bioconductor
BiocGenerics	0.58.1	Bioconductor
BiocIO	1.22.0	Bioconductor
biocmake	1.4.0	Bioconductor
BiocManager	1.30.27	CRAN
BiocParallel	1.46.0	Bioconductor
BiocSingular	1.28.0	Bioconductor
BiocVersion	3.23.1	Bioconductor
biomaRt	2.68.0	Bioconductor
Biostrings	2.80.2	Bioconductor
biovizBase	1.60.0	Bioconductor
bit	4.6.0	CRAN
bit64	4.8.6	CRAN
bitops	1.1-0	CRAN
blob	1.3.0	CRAN
boot	1.3-32	CRAN
broom	1.0.13	CRAN
BSgenome	1.80.0	Bioconductor
BSgenome.Hsapiens.UCSC.hg38	1.4.5	Bioconductor
bslib	0.12.0	CRAN
bsseq	1.48.0	Bioconductor
cachem	1.1.0	CRAN
Cairo	1.7-0	CRAN
callr	3.8.0	CRAN
car	3.1-5	CRAN
carData	3.0-6	CRAN
cellranger	1.1.0	CRAN
CGHbase	1.72.0	Bioconductor
CGHcall	2.74.0	Bioconductor
checkmate	2.3.4	CRAN
cigarillo	1.2.1	Bioconductor
circlize	0.4.18	CRAN
class	7.3-24	CRAN
cli	3.6.6	CRAN
clipr	0.8.1	CRAN
clue	0.3-68	CRAN
cluster	2.1.8.2	CRAN
codetools	0.2-19	CRAN
colorspace	2.1-3	CRAN
commonmark	2.0.0	CRAN
ComplexHeatmap	2.28.0	Bioconductor
conflicted	1.2.0	CRAN
corrplot	0.95	CRAN
cowplot	1.2.0	CRAN
cpp11	0.5.5	CRAN
crayon	1.5.3	CRAN
curl	8.0.0	CRAN
data.table	1.18.6.1	CRAN
DBI	1.3.0	CRAN
dbplyr	2.6.0	CRAN
dbscan	1.2.7	CRAN
DelayedArray	0.38.2	Bioconductor
DelayedMatrixStats	1.34.0	Bioconductor
Deriv	4.3.5	CRAN
dichromat	2.0-1	CRAN
digest	0.6.39	CRAN
dir.expiry	1.20.0	Bioconductor
DNAcopy	1.86.0	Bioconductor
doBy	4.7.2	CRAN
doParallel	1.0.17	CRAN
dplyr	1.2.1	CRAN
dtplyr	1.3.3	CRAN
e1071	1.7-17	CRAN
ensembldb	2.36.1	Bioconductor
evaluate	1.0.5	CRAN
farver	2.1.2	CRAN
fastmap	1.2.0	CRAN
filelock	1.0.3	CRAN
fontawesome	0.5.3	CRAN
forcats	1.0.1	CRAN
foreach	1.5.2	CRAN
forecast	9.0.2	CRAN
foreign	0.8-91	CRAN
formatR	1.14	CRAN
Formula	1.2-6	CRAN
fracdiff	1.5-4	CRAN
fs	2.1.0	CRAN
futile.logger	1.4.9	CRAN
futile.options	1.0.1	CRAN
future	1.76.0	CRAN
future.apply	1.20.2	CRAN
gargle	1.6.1	CRAN
generics	0.1.4	CRAN
GenomeInfoDb	1.48.0	Bioconductor
GenomicAlignments	1.48.0	Bioconductor
GenomicFeatures	1.64.0	Bioconductor
GenomicRanges	1.64.0	Bioconductor
GetoptLong	1.1.1	CRAN
ggalluvial	0.12.6	CRAN
ggbeeswarm	0.7.3	CRAN
ggfortify	0.4.24	CRAN
ggplot2	4.0.3	CRAN
ggplotify	0.1.3	CRAN
ggpubr	1.0.0	CRAN
ggrastr	1.0.2	CRAN
ggrepel	0.9.8	CRAN
ggsci	5.2.0	CRAN
ggsignif	0.6.4	CRAN
GlobalOptions	0.1.4	CRAN
globals	0.19.1	CRAN
glue	1.8.1	CRAN
googledrive	2.1.2	CRAN
googlesheets4	1.1.2	CRAN
gridExtra	2.3.1	CRAN
gridGraphics	0.5-1	CRAN
gtable	0.3.6	CRAN
gtools	3.9.5	CRAN
h5mread	1.4.1	Bioconductor
haven	2.5.5	CRAN
HDF5Array	1.40.0	Bioconductor
highr	0.12	CRAN
Hmisc	5.3-0	CRAN
hms	1.1.4	CRAN
htmlTable	2.5.0	CRAN
htmltools	0.5.9	CRAN
htmlwidgets	1.6.4	CRAN
httpuv	1.6.17	CRAN
httr	1.4.9	CRAN
httr2	1.3.0	CRAN
ids	1.0.1	CRAN
impute	1.86.0	Bioconductor
IRanges	2.46.0	Bioconductor
irlba	2.4.1	CRAN
isoband	0.3.0	CRAN
iterators	1.0.14	CRAN
jquerylib	0.1.4	CRAN
jsonlite	2.0.0	CRAN
karyoploteR	1.38.0	Bioconductor
KEGGREST	1.52.2	Bioconductor
knitr	1.52	CRAN
labeling	0.4.3	CRAN
lambda.r	1.2.4	CRAN
later	1.4.8	CRAN
lattice	0.23-1	CRAN
lazyeval	0.2.3	CRAN
lifecycle	1.0.5	CRAN
limma	3.68.5	Bioconductor
listenv	1.1.0	CRAN
lme4	2.0-6	CRAN
lmtest	0.9-40	CRAN
locfit	1.5-9.12	CRAN
lubridate	1.9.5	CRAN
magrittr	2.0.5	CRAN
marray	1.90.0	Bioconductor
MASS	7.3-66	CRAN
Matrix	1.7-6	CRAN
MatrixGenerics	1.24.0	Bioconductor
MatrixModels	0.5-4	CRAN
matrixStats	1.5.0	CRAN
memoise	2.0.1	CRAN
mgcv	1.9-4	CRAN
mime	0.13	CRAN
minqa	1.2.8	CRAN
modelr	0.1.11	CRAN
NanoMethViz	3.8.0	Bioconductor
nlme	3.1-171	CRAN
nloptr	2.2.1	CRAN
nnet	7.3-21	CRAN
numDeriv	2016.8-1.1	CRAN
openssl	2.4.2	CRAN
org.Hs.eg.db	3.23.1	Bioconductor
otel	0.2.0	CRAN
parallelly	1.48.0	CRAN
patchwork	1.3.2	CRAN
pbkrtest	0.5.5	CRAN
permute	0.9-10	CRAN
pheatmap	1.0.13	CRAN
pillar	1.11.1	CRAN
pixmap	0.4-14	CRAN
pkgconfig	2.0.3	CRAN
plyr	1.8.9	CRAN
png	0.1-9	CRAN
polynom	1.4-1	CRAN
prettyunits	1.2.0	CRAN
processx	3.9.0	CRAN
progress	1.2.3	CRAN
promises	1.5.0	CRAN
ProtGenerics	1.44.0	Bioconductor
proxy	0.4-29	CRAN
ps	1.9.3	CRAN
purrr	1.2.2	CRAN
QDNAseq	1.48.0	Bioconductor
QDNAseq.hg38	1.2.0	GitHub
quantreg	6.1	CRAN
R.methodsS3	1.8.2	CRAN
R.oo	1.27.1	CRAN
R.utils	2.13.0	CRAN
R6	2.6.1	CRAN
ragg	1.5.2	CRAN
rappdirs	0.3.4	CRAN
rbibutils	2.4.1	CRAN
RColorBrewer	1.1-3	CRAN
Rcpp	1.1.2	CRAN
RcppArmadillo	15.6.0-1	CRAN
RcppEigen	0.3.4.0.2	CRAN
RCurl	1.98-1.20	CRAN
Rdpack	2.6.6	CRAN
readr	2.2.0	CRAN
readxl	1.5.0.1	CRAN
reformulas	0.4.4	CRAN
regioneR	1.44.0	Bioconductor
rematch	2.0.0	CRAN
rematch2	2.1.2	CRAN
renv	1.3.0	CRAN
reprex	2.1.1	CRAN
reshape2	1.4.5	CRAN
restfulr	0.0.17	CRAN
rhdf5	2.56.1	Bioconductor
rhdf5filters	1.24.1	Bioconductor
Rhdf5lib	2.0.0	Bioconductor
Rhtslib	3.8.0	Bioconductor
rjson	0.2.23	CRAN
rlang	1.3.0	CRAN
rmarkdown	2.32	CRAN
rpart	4.1.27	CRAN
Rsamtools	2.28.0	Bioconductor
RSQLite	3.53.3	CRAN
rstatix	1.1.0	CRAN
rstudioapi	0.19.0	CRAN
rsvd	1.0.5	CRAN
rtracklayer	1.72.0	Bioconductor
rvest	1.0.5	CRAN
S4Arrays	1.12.1	Bioconductor
S4Vectors	0.50.3	Bioconductor
S7	0.2.2	CRAN
sass	0.4.10	CRAN
ScaledMatrix	1.20.0	Bioconductor
scales	1.4.0	CRAN
segmented	2.2-2	CRAN
selectr	0.8-0	CRAN
Seqinfo	1.2.0	Bioconductor
seqinr	4.2-44	CRAN
shape	1.4.6.1	CRAN
shiny	1.14.0	CRAN
sleuth	0.30.2	GitHub
snow	0.4-4	CRAN
snowfall	1.84-6.3	CRAN
sourcetools	0.1.7-2	CRAN
sp	2.2-3	CRAN
SparseArray	1.12.3	Bioconductor
SparseM	1.84-2	CRAN
sparseMatrixStats	1.24.0	Bioconductor
statmod	1.5.2	CRAN
stringi	1.8.9	CRAN
stringr	1.6.0	CRAN
SummarizedExperiment	1.42.0	Bioconductor
survival	3.8-12	CRAN
sys	3.4.3	CRAN
systemfonts	1.3.2	CRAN
textshaping	1.0.5	CRAN
tibble	3.3.1	CRAN
tidyr	1.3.2	CRAN
tidyselect	1.2.1	CRAN
tidyverse	2.0.0	CRAN
timechange	0.4.0	CRAN
timeDate	4052.112	CRAN
tinytex	0.61	CRAN
TxDb.Hsapiens.UCSC.hg38.knownGene	3.22.0	Bioconductor
tximport	1.40.0	Bioconductor
tzdb	0.5.0	CRAN
UCSC.utils	1.8.0	Bioconductor
urca	1.3-4	CRAN
utf8	1.2.6	CRAN
uuid	1.2-2	CRAN
VariantAnnotation	1.58.0	Bioconductor
vctrs	0.7.3	CRAN
vipor	0.4.7	CRAN
viridisLite	0.4.3	CRAN
vroom	1.7.1	CRAN
withr	3.0.3	CRAN
xfun	0.61	CRAN
XML	3.99-0.25	CRAN
xml2	1.6.0	CRAN
xtable	1.8-8	CRAN
XVector	0.52.0	Bioconductor
yaml	2.3.12	CRAN
yulab.utils	0.2.5	CRAN
zoo	1.9-1	CRAN
