sample	variable	n	min	max	median	iqr	mean	sd	se	ci	XCI pattern
300008	value	2	65.9	66.2	66.05	0.15	66.05	0.212	0.15	1.906	non-skewed
300036	value	2	52.7	57.7	55.2	2.5	55.2	3.536	2.5	31.766	non-skewed
300046	value	2	56.8	61	58.9	2.1	58.9	2.97	2.1	26.683	non-skewed
300049	value	2	54.7	59	56.85	2.15	56.85	3.041	2.15	27.318	non-skewed
300053	value	1	70.1	70.1	70.1	0	70.1	NA	NA	NA	non-skewed
300055	value	2	62	62.3	62.15	0.15	62.15	0.212	0.15	1.906	non-skewed
300063	value	2	53	59.6	56.3	3.3	56.3	4.667	3.3	41.93	non-skewed
300069	value	1	81.7	81.7	81.7	0	81.7	NA	NA	NA	skewed
300074	value	2	51.5	54.6	53.05	1.55	53.05	2.192	1.55	19.695	non-skewed
300077	value	2	71.3	73.6	72.45	1.15	72.45	1.626	1.15	14.612	non-skewed
300079	value	2	51.8	66.6	59.2	7.4	59.2	10.465	7.4	94.026	non-skewed
300085	value	2	69.4	71.8	70.6	1.2	70.6	1.697	1.2	15.247	non-skewed
300086	value	2	54	67.7	60.85	6.85	60.85	9.687	6.85	87.038	non-skewed
300087	value	2	81.3	82	81.65	0.35	81.65	0.495	0.35	4.447	skewed
300089	value	1	52.8	52.8	52.8	0	52.8	NA	NA	NA	non-skewed
300091	value	2	58.8	69.2	64	5.2	64	7.354	5.2	66.072	non-skewed
300093	value	1	57.4	57.4	57.4	0	57.4	NA	NA	NA	non-skewed
300098	value	2	71.9	83.9	77.9	6	77.9	8.485	6	76.237	skewed
300100	value	2	66.9	70.9	68.9	2	68.9	2.828	2	25.412	non-skewed
300101	value	2	67.2	67.4	67.3	0.1	67.3	0.141	0.1	1.271	non-skewed
300115	value	2	52.4	53.7	53.05	0.65	53.05	0.919	0.65	8.259	non-skewed
300120	value	2	50.9	61.2	56.05	5.15	56.05	7.283	5.15	65.437	non-skewed
300133	value	1	53.1	53.1	53.1	0	53.1	NA	NA	NA	non-skewed
300137	value	2	83.1	85.5	84.3	1.2	84.3	1.697	1.2	15.247	skewed
300146	value	1	52.7	52.7	52.7	0	52.7	NA	NA	NA	non-skewed
300151	value	2	70.6	73.8	72.2	1.6	72.2	2.263	1.6	20.33	non-skewed
300154	value	1	54.5	54.5	54.5	0	54.5	NA	NA	NA	non-skewed
300156	value	2	72.3	86.8	79.55	7.25	79.55	10.253	7.25	92.12	skewed
300159	value	2	61.8	66.4	64.1	2.3	64.1	3.253	2.3	29.224	non-skewed
300162	value	2	53.9	65.5	59.7	5.8	59.7	8.202	5.8	73.696	non-skewed
300166	value	2	54.2	54.9	54.55	0.35	54.55	0.495	0.35	4.447	non-skewed
300169	value	1	68	68	68	0	68	NA	NA	NA	non-skewed
300172	value	1	56.7	56.7	56.7	0	56.7	NA	NA	NA	non-skewed
300173	value	1	50.4	50.4	50.4	0	50.4	NA	NA	NA	non-skewed
300177	value	2	65.1	76.3	70.7	5.6	70.7	7.92	5.6	71.155	non-skewed
300178	value	2	56.2	61.7	58.95	2.75	58.95	3.889	2.75	34.942	non-skewed
300184	value	2	55.2	63.4	59.3	4.1	59.3	5.798	4.1	52.095	non-skewed
300188	value	2	51.2	55.8	53.5	2.3	53.5	3.253	2.3	29.224	non-skewed
300190	value	2	54.9	58	56.45	1.55	56.45	2.192	1.55	19.695	non-skewed
300195	value	2	63.6	63.8	63.7	0.1	63.7	0.141	0.1	1.271	non-skewed
300199	value	2	74.3	82.9	78.6	4.3	78.6	6.081	4.3	54.637	skewed
300200	value	2	58.7	70.6	64.65	5.95	64.65	8.415	5.95	75.602	non-skewed
300205	value	1	53.2	53.2	53.2	0	53.2	NA	NA	NA	non-skewed
300207	value	2	54.6	55.5	55.05	0.45	55.05	0.636	0.45	5.718	non-skewed
300211	value	2	54.6	55.9	55.25	0.65	55.25	0.919	0.65	8.259	non-skewed
300212	value	1	66.2	66.2	66.2	0	66.2	NA	NA	NA	non-skewed
300214	value	1	50.3	50.3	50.3	0	50.3	NA	NA	NA	non-skewed
300215	value	2	59.1	68.3	63.7	4.6	63.7	6.505	4.6	58.449	non-skewed
300216	value	1	50.2	50.2	50.2	0	50.2	NA	NA	NA	non-skewed
300223	value	2	58.5	61.4	59.95	1.45	59.95	2.051	1.45	18.424	non-skewed
300226	value	2	65.4	79.8	72.6	7.2	72.6	10.182	7.2	91.485	non-skewed
300236	value	2	52.4	56.4	54.4	2	54.4	2.828	2	25.412	non-skewed
300239	value	2	61.1	62	61.55	0.45	61.55	0.636	0.45	5.718	non-skewed
300242	value	2	59.2	67.4	63.3	4.1	63.3	5.798	4.1	52.095	non-skewed
300244	value	2	50.7	62.4	56.55	5.85	56.55	8.273	5.85	74.331	non-skewed
300245	value	1	69.1	69.1	69.1	0	69.1	NA	NA	NA	non-skewed
300247	value	1	67	67	67	0	67	NA	NA	NA	non-skewed
300259	value	1	56.8	56.8	56.8	0	56.8	NA	NA	NA	non-skewed
300265	value	2	56.2	62.5	59.35	3.15	59.35	4.455	3.15	40.025	non-skewed
300271	value	1	66.2	66.2	66.2	0	66.2	NA	NA	NA	non-skewed
300278	value	2	79	87.4	83.2	4.2	83.2	5.94	4.2	53.366	skewed
300281	value	2	57.1	58.9	58	0.9	58	1.273	0.9	11.436	non-skewed
300284	value	2	71	74.9	72.95	1.95	72.95	2.758	1.95	24.777	non-skewed
300285	value	1	89.6	89.6	89.6	0	89.6	NA	NA	NA	skewed
300287	value	1	71.5	71.5	71.5	0	71.5	NA	NA	NA	non-skewed
300295	value	1	61.8	61.8	61.8	0	61.8	NA	NA	NA	non-skewed
300299	value	2	52	53.5	52.75	0.75	52.75	1.061	0.75	9.53	non-skewed
300305	value	2	53.2	59.3	56.25	3.05	56.25	4.313	3.05	38.754	non-skewed
300311	value	1	52.4	52.4	52.4	0	52.4	NA	NA	NA	non-skewed
300315	value	2	54	65.4	59.7	5.7	59.7	8.061	5.7	72.425	non-skewed
300318	value	2	50.8	50.9	50.85	0.05	50.85	0.071	0.05	0.635	non-skewed
300324	value	2	58.5	68.4	63.45	4.95	63.45	7	4.95	62.896	non-skewed
300329	value	2	51.3	61.6	56.45	5.15	56.45	7.283	5.15	65.437	non-skewed
300332	value	2	51.1	51.7	51.4	0.3	51.4	0.424	0.3	3.812	non-skewed
300402	value	2	62.7	70.1	66.4	3.7	66.4	5.233	3.7	47.013	non-skewed
300417	value	2	50.7	57.4	54.05	3.35	54.05	4.738	3.35	42.566	non-skewed
300418	value	1	53.9	53.9	53.9	0	53.9	NA	NA	NA	non-skewed
300431	value	2	59.9	67.5	63.7	3.8	63.7	5.374	3.8	48.284	non-skewed
300432	value	2	51.4	62.8	57.1	5.7	57.1	8.061	5.7	72.425	non-skewed
300435	value	2	58.7	64.7	61.7	3	61.7	4.243	3	38.119	non-skewed
300444	value	2	51.2	53.2	52.2	1	52.2	1.414	1	12.706	non-skewed
300450	value	2	58.7	65	61.85	3.15	61.85	4.455	3.15	40.025	non-skewed
300454	value	1	57.2	57.2	57.2	0	57.2	NA	NA	NA	non-skewed
300455	value	2	67.4	74.5	70.95	3.55	70.95	5.02	3.55	45.107	non-skewed
300457	value	2	52.2	52.7	52.45	0.25	52.45	0.354	0.25	3.177	non-skewed
300459	value	1	62.6	62.6	62.6	0	62.6	NA	NA	NA	non-skewed
300463	value	1	67.9	67.9	67.9	0	67.9	NA	NA	NA	non-skewed
300468	value	2	50.3	51.8	51.05	0.75	51.05	1.061	0.75	9.53	non-skewed
300476	value	2	52.3	59.5	55.9	3.6	55.9	5.091	3.6	45.742	non-skewed
300480	value	2	61.5	65.5	63.5	2	63.5	2.828	2	25.412	non-skewed
300496	value	2	52.3	56.5	54.4	2.1	54.4	2.97	2.1	26.683	non-skewed
300513	value	2	64.2	64.7	64.45	0.25	64.45	0.354	0.25	3.177	non-skewed
300515	value	1	85.8	85.8	85.8	0	85.8	NA	NA	NA	skewed
300516	value	2	54	56.1	55.05	1.05	55.05	1.485	1.05	13.342	non-skewed
300517	value	1	55.2	55.2	55.2	0	55.2	NA	NA	NA	non-skewed
300521	value	2	56.6	67.1	61.85	5.25	61.85	7.425	5.25	66.708	non-skewed
300523	value	2	58	59.8	58.9	0.9	58.9	1.273	0.9	11.436	non-skewed
300524	value	2	52.7	56.1	54.4	1.7	54.4	2.404	1.7	21.601	non-skewed
300528	value	2	57.8	59.1	58.45	0.65	58.45	0.919	0.65	8.259	non-skewed
300530	value	2	65.1	71.5	68.3	3.2	68.3	4.525	3.2	40.66	non-skewed
300537	value	1	52.3	52.3	52.3	0	52.3	NA	NA	NA	non-skewed
300540	value	1	57.8	57.8	57.8	0	57.8	NA	NA	NA	non-skewed
300541	value	2	62.8	65.5	64.15	1.35	64.15	1.909	1.35	17.153	non-skewed
300543	value	1	52.4	52.4	52.4	0	52.4	NA	NA	NA	non-skewed
300547	value	1	51.2	51.2	51.2	0	51.2	NA	NA	NA	non-skewed
300549	value	2	65.9	74.9	70.4	4.5	70.4	6.364	4.5	57.178	non-skewed
300551	value	2	50.1	54.3	52.2	2.1	52.2	2.97	2.1	26.683	non-skewed
300554	value	2	55.1	57	56.05	0.95	56.05	1.344	0.95	12.071	non-skewed
300555	value	2	51.3	57.4	54.35	3.05	54.35	4.313	3.05	38.754	non-skewed
300556	value	2	61.7	66.1	63.9	2.2	63.9	3.111	2.2	27.954	non-skewed
300559	value	1	64	64	64	0	64	NA	NA	NA	non-skewed
300562	value	2	64.1	69.9	67	2.9	67	4.101	2.9	36.848	non-skewed
300566	value	1	53.6	53.6	53.6	0	53.6	NA	NA	NA	non-skewed
300567	value	1	54.1	54.1	54.1	0	54.1	NA	NA	NA	non-skewed
300568	value	2	58.8	60.6	59.7	0.9	59.7	1.273	0.9	11.436	non-skewed
300570	value	1	60.8	60.8	60.8	0	60.8	NA	NA	NA	non-skewed
300578	value	2	54.2	60.9	57.55	3.35	57.55	4.738	3.35	42.566	non-skewed
300600	value	2	63.7	65.4	64.55	0.85	64.55	1.202	0.85	10.8	non-skewed
300609	value	1	56.8	56.8	56.8	0	56.8	NA	NA	NA	non-skewed
300616	value	2	52.5	56.6	54.55	2.05	54.55	2.899	2.05	26.048	non-skewed
300617	value	1	72.5	72.5	72.5	0	72.5	NA	NA	NA	non-skewed
300845	value	2	58.5	67.6	63.05	4.55	63.05	6.435	4.55	57.813	non-skewed
300848	value	2	75.4	80.6	78	2.6	78	3.677	2.6	33.036	skewed
300850	value	2	53	60.3	56.65	3.65	56.65	5.162	3.65	46.378	non-skewed
300855	value	2	50.7	53.7	52.2	1.5	52.2	2.121	1.5	19.059	non-skewed
300860	value	2	51.1	57.2	54.15	3.05	54.15	4.313	3.05	38.754	non-skewed
300862	value	2	62.4	69.7	66.05	3.65	66.05	5.162	3.65	46.378	non-skewed
300868	value	1	55.2	55.2	55.2	0	55.2	NA	NA	NA	non-skewed
300869	value	2	61.4	63.4	62.4	1	62.4	1.414	1	12.706	non-skewed
300878	value	2	59.1	61.4	60.25	1.15	60.25	1.626	1.15	14.612	non-skewed
300880	value	2	54.8	56.5	55.65	0.85	55.65	1.202	0.85	10.8	non-skewed
300882	value	2	59.7	61.9	60.8	1.1	60.8	1.556	1.1	13.977	non-skewed
300884	value	1	65	65	65	0	65	NA	NA	NA	non-skewed
300891	value	2	64	64.6	64.3	0.3	64.3	0.424	0.3	3.812	non-skewed
300896	value	1	69.9	69.9	69.9	0	69.9	NA	NA	NA	non-skewed
300907	value	1	62.1	62.1	62.1	0	62.1	NA	NA	NA	non-skewed
300908	value	2	61.5	65.7	63.6	2.1	63.6	2.97	2.1	26.683	non-skewed
300910	value	2	59	65.7	62.35	3.35	62.35	4.738	3.35	42.566	non-skewed
300912	value	2	53.3	54.6	53.95	0.65	53.95	0.919	0.65	8.259	non-skewed
300915	value	2	51	60.6	55.8	4.8	55.8	6.788	4.8	60.99	non-skewed
300922	value	2	53.5	56.6	55.05	1.55	55.05	2.192	1.55	19.695	non-skewed
300926	value	1	66.4	66.4	66.4	0	66.4	NA	NA	NA	non-skewed
300928	value	2	50.1	50.8	50.45	0.35	50.45	0.495	0.35	4.447	non-skewed
300935	value	2	56.6	71.3	63.95	7.35	63.95	10.394	7.35	93.391	non-skewed
300941	value	1	57.4	57.4	57.4	0	57.4	NA	NA	NA	non-skewed
300946	value	1	56.3	56.3	56.3	0	56.3	NA	NA	NA	non-skewed
300955	value	1	50.6	50.6	50.6	0	50.6	NA	NA	NA	non-skewed
300957	value	2	72.4	80.2	76.3	3.9	76.3	5.515	3.9	49.554	skewed
300962	value	2	51.4	58.8	55.1	3.7	55.1	5.233	3.7	47.013	non-skewed
300963	value	2	53.9	55.8	54.85	0.95	54.85	1.344	0.95	12.071	non-skewed
300966	value	1	55.6	55.6	55.6	0	55.6	NA	NA	NA	non-skewed
300968	value	2	50.3	52.5	51.4	1.1	51.4	1.556	1.1	13.977	non-skewed
300972	value	1	62.3	62.3	62.3	0	62.3	NA	NA	NA	non-skewed
300974	value	2	64.1	66.1	65.1	1	65.1	1.414	1	12.706	non-skewed
300975	value	2	60.7	62.6	61.65	0.95	61.65	1.344	0.95	12.071	non-skewed
300978	value	1	53.6	53.6	53.6	0	53.6	NA	NA	NA	non-skewed
300985	value	1	58.2	58.2	58.2	0	58.2	NA	NA	NA	non-skewed
300992	value	2	55.2	62.6	58.9	3.7	58.9	5.233	3.7	47.013	non-skewed
300996	value	2	70.3	71	70.65	0.35	70.65	0.495	0.35	4.447	non-skewed
301000	value	2	58.9	60.6	59.75	0.85	59.75	1.202	0.85	10.8	non-skewed
301001	value	1	89.9	89.9	89.9	0	89.9	NA	NA	NA	skewed
301003	value	2	55.9	55.9	55.9	0	55.9	0	0	0	non-skewed
301007	value	2	54.9	66.8	60.85	5.95	60.85	8.415	5.95	75.602	non-skewed
301009	value	1	57.8	57.8	57.8	0	57.8	NA	NA	NA	non-skewed
301013	value	1	53	53	53	0	53	NA	NA	NA	non-skewed
301014	value	2	55.5	58.5	57	1.5	57	2.121	1.5	19.059	non-skewed
301015	value	2	57.2	67.5	62.35	5.15	62.35	7.283	5.15	65.437	non-skewed
301021	value	2	52.7	54.3	53.5	0.8	53.5	1.131	0.8	10.165	non-skewed
301025	value	2	60.4	62.1	61.25	0.85	61.25	1.202	0.85	10.8	non-skewed
301028	value	2	68.8	71.2	70	1.2	70	1.697	1.2	15.247	non-skewed
301032	value	2	59.4	73.1	66.25	6.85	66.25	9.687	6.85	87.038	non-skewed
301033	value	2	72.3	76.7	74.5	2.2	74.5	3.111	2.2	27.954	non-skewed
301039	value	2	55.5	57	56.25	0.75	56.25	1.061	0.75	9.53	non-skewed
301042	value	2	50.1	51.4	50.75	0.65	50.75	0.919	0.65	8.259	non-skewed
301045	value	2	50.6	57.3	53.95	3.35	53.95	4.738	3.35	42.566	non-skewed
301052	value	1	55.2	55.2	55.2	0	55.2	NA	NA	NA	non-skewed
301064	value	2	50.1	56.1	53.1	3	53.1	4.243	3	38.119	non-skewed
301083	value	1	67.9	67.9	67.9	0	67.9	NA	NA	NA	non-skewed
301086	value	2	54.1	60.1	57.1	3	57.1	4.243	3	38.119	non-skewed
301087	value	2	61.4	68	64.7	3.3	64.7	4.667	3.3	41.93	non-skewed
301088	value	2	65.9	76.6	71.25	5.35	71.25	7.566	5.35	67.978	non-skewed
301091	value	2	54.3	55.9	55.1	0.8	55.1	1.131	0.8	10.165	non-skewed
301095	value	1	51.6	51.6	51.6	0	51.6	NA	NA	NA	non-skewed
301099	value	1	64.2	64.2	64.2	0	64.2	NA	NA	NA	non-skewed
301102	value	1	51.6	51.6	51.6	0	51.6	NA	NA	NA	non-skewed
301103	value	2	76	77.7	76.85	0.85	76.85	1.202	0.85	10.8	skewed
301104	value	2	71.9	75.6	73.75	1.85	73.75	2.616	1.85	23.506	non-skewed
301105	value	2	50.5	54.6	52.55	2.05	52.55	2.899	2.05	26.048	non-skewed
301106	value	2	52.8	57.9	55.35	2.55	55.35	3.606	2.55	32.401	non-skewed
301107	value	2	61.4	62.9	62.15	0.75	62.15	1.061	0.75	9.53	non-skewed
301111	value	1	51.4	51.4	51.4	0	51.4	NA	NA	NA	non-skewed
301116	value	2	50.6	54.4	52.5	1.9	52.5	2.687	1.9	24.142	non-skewed
301121	value	2	56.7	65.9	61.3	4.6	61.3	6.505	4.6	58.449	non-skewed
301125	value	1	66.9	66.9	66.9	0	66.9	NA	NA	NA	non-skewed
301127	value	2	50.7	53.6	52.15	1.45	52.15	2.051	1.45	18.424	non-skewed
301134	value	2	50.5	51.2	50.85	0.35	50.85	0.495	0.35	4.447	non-skewed
301139	value	2	55.9	72.5	64.2	8.3	64.2	11.738	8.3	105.461	non-skewed
301140	value	1	50.4	50.4	50.4	0	50.4	NA	NA	NA	non-skewed
301143	value	2	53.6	56.4	55	1.4	55	1.98	1.4	17.789	non-skewed
301144	value	1	52.3	52.3	52.3	0	52.3	NA	NA	NA	non-skewed
301149	value	1	62.4	62.4	62.4	0	62.4	NA	NA	NA	non-skewed
301150	value	1	55.1	55.1	55.1	0	55.1	NA	NA	NA	non-skewed
301151	value	1	66.8	66.8	66.8	0	66.8	NA	NA	NA	non-skewed
301154	value	2	57.1	59.5	58.3	1.2	58.3	1.697	1.2	15.247	non-skewed
301160	value	2	50.7	56.1	53.4	2.7	53.4	3.818	2.7	34.307	non-skewed
301168	value	2	64.8	68.8	66.8	2	66.8	2.828	2	25.412	non-skewed
301170	value	2	71.3	76.8	74.05	2.75	74.05	3.889	2.75	34.942	non-skewed
301173	value	1	59.4	59.4	59.4	0	59.4	NA	NA	NA	non-skewed
301184	value	2	51.7	53.2	52.45	0.75	52.45	1.061	0.75	9.53	non-skewed
301190	value	2	58.7	63	60.85	2.15	60.85	3.041	2.15	27.318	non-skewed
301191	value	2	59.1	72.4	65.75	6.65	65.75	9.405	6.65	84.496	non-skewed
301197	value	1	51	51	51	0	51	NA	NA	NA	non-skewed
301198	value	1	63.5	63.5	63.5	0	63.5	NA	NA	NA	non-skewed
301202	value	2	51.7	57.4	54.55	2.85	54.55	4.031	2.85	36.213	non-skewed
301206	value	2	52	54	53	1	53	1.414	1	12.706	non-skewed
301209	value	2	71.3	72.9	72.1	0.8	72.1	1.131	0.8	10.165	non-skewed
301213	value	1	88.6	88.6	88.6	0	88.6	NA	NA	NA	skewed
301215	value	2	61.4	61.7	61.55	0.15	61.55	0.212	0.15	1.906	non-skewed
301217	value	2	57.1	60.5	58.8	1.7	58.8	2.404	1.7	21.601	non-skewed
301228	value	2	51.3	51.6	51.45	0.15	51.45	0.212	0.15	1.906	non-skewed
301234	value	2	67.9	72.7	70.3	2.4	70.3	3.394	2.4	30.495	non-skewed
301236	value	2	55.7	73	64.35	8.65	64.35	12.233	8.65	109.909	non-skewed
301239	value	2	61.7	69.5	65.6	3.9	65.6	5.515	3.9	49.554	non-skewed
301245	value	2	52.1	58.6	55.35	3.25	55.35	4.596	3.25	41.295	non-skewed
301252	value	2	52.3	55.7	54	1.7	54	2.404	1.7	21.601	non-skewed
301255	value	2	52	56.8	54.4	2.4	54.4	3.394	2.4	30.495	non-skewed
301262	value	2	50.4	66.2	58.3	7.9	58.3	11.172	7.9	100.379	non-skewed
301276	value	1	55.6	55.6	55.6	0	55.6	NA	NA	NA	non-skewed
301282	value	2	55.1	60	57.55	2.45	57.55	3.465	2.45	31.13	non-skewed
301284	value	1	54.1	54.1	54.1	0	54.1	NA	NA	NA	non-skewed
301295	value	1	50.4	50.4	50.4	0	50.4	NA	NA	NA	non-skewed
301297	value	1	50.4	50.4	50.4	0	50.4	NA	NA	NA	non-skewed
301356	value	2	51	67.8	59.4	8.4	59.4	11.879	8.4	106.732	non-skewed
301359	value	1	52.2	52.2	52.2	0	52.2	NA	NA	NA	non-skewed
301363	value	2	94.6	96.2	95.4	0.8	95.4	1.131	0.8	10.165	extremely skewed
301374	value	2	61.6	68.7	65.15	3.55	65.15	5.02	3.55	45.107	non-skewed
301381	value	2	52.7	59.9	56.3	3.6	56.3	5.091	3.6	45.742	non-skewed
301383	value	1	74.5	74.5	74.5	0	74.5	NA	NA	NA	non-skewed
301385	value	1	59.2	59.2	59.2	0	59.2	NA	NA	NA	non-skewed
301389	value	2	59.4	59.6	59.5	0.1	59.5	0.141	0.1	1.271	non-skewed
301394	value	1	55	55	55	0	55	NA	NA	NA	non-skewed
301402	value	2	73.3	75.3	74.3	1	74.3	1.414	1	12.706	non-skewed
301410	value	2	62.7	63.6	63.15	0.45	63.15	0.636	0.45	5.718	non-skewed
301411	value	2	75.2	80	77.6	2.4	77.6	3.394	2.4	30.495	skewed
301414	value	2	65.9	89.4	77.65	11.75	77.65	16.617	11.75	149.298	skewed
301421	value	1	88.4	88.4	88.4	0	88.4	NA	NA	NA	skewed
301423	value	2	50.5	52.2	51.35	0.85	51.35	1.202	0.85	10.8	non-skewed
301435	value	1	86.4	86.4	86.4	0	86.4	NA	NA	NA	skewed
301443	value	2	63.1	66.4	64.75	1.65	64.75	2.333	1.65	20.965	non-skewed
301446	value	2	59.9	68.7	64.3	4.4	64.3	6.223	4.4	55.907	non-skewed
301447	value	1	72.7	72.7	72.7	0	72.7	NA	NA	NA	non-skewed
301456	value	2	50.2	58.6	54.4	4.2	54.4	5.94	4.2	53.366	non-skewed
301458	value	1	58.3	58.3	58.3	0	58.3	NA	NA	NA	non-skewed
301462	value	1	59.1	59.1	59.1	0	59.1	NA	NA	NA	non-skewed
301463	value	2	59	59	59	0	59	0	0	0	non-skewed
301464	value	2	58.2	63.6	60.9	2.7	60.9	3.818	2.7	34.307	non-skewed
301465	value	1	71	71	71	0	71	NA	NA	NA	non-skewed
301467	value	2	69.2	79.8	74.5	5.3	74.5	7.495	5.3	67.343	non-skewed
301472	value	1	57.2	57.2	57.2	0	57.2	NA	NA	NA	non-skewed
301478	value	2	65.5	67.4	66.45	0.95	66.45	1.344	0.95	12.071	non-skewed
301481	value	2	68	79.6	73.8	5.8	73.8	8.202	5.8	73.696	non-skewed
301495	value	1	50.9	50.9	50.9	0	50.9	NA	NA	NA	non-skewed
301501	value	2	63.7	66	64.85	1.15	64.85	1.626	1.15	14.612	non-skewed
301502	value	1	65.4	65.4	65.4	0	65.4	NA	NA	NA	non-skewed
301510	value	2	52.4	55.4	53.9	1.5	53.9	2.121	1.5	19.059	non-skewed
301520	value	2	67.7	73	70.35	2.65	70.35	3.748	2.65	33.671	non-skewed
301521	value	2	83.4	85.2	84.3	0.9	84.3	1.273	0.9	11.436	skewed
301526	value	2	54.6	59.2	56.9	2.3	56.9	3.253	2.3	29.224	non-skewed
301528	value	2	56.6	58.7	57.65	1.05	57.65	1.485	1.05	13.342	non-skewed
301534	value	1	80.1	80.1	80.1	0	80.1	NA	NA	NA	skewed
301539	value	1	54.7	54.7	54.7	0	54.7	NA	NA	NA	non-skewed
301540	value	2	58.4	64.4	61.4	3	61.4	4.243	3	38.119	non-skewed
301543	value	2	58.6	58.8	58.7	0.1	58.7	0.141	0.1	1.271	non-skewed
301546	value	2	55.7	61.8	58.75	3.05	58.75	4.313	3.05	38.754	non-skewed
301548	value	1	55.6	55.6	55.6	0	55.6	NA	NA	NA	non-skewed
301555	value	1	55.6	55.6	55.6	0	55.6	NA	NA	NA	non-skewed
301556	value	1	66.7	66.7	66.7	0	66.7	NA	NA	NA	non-skewed
301558	value	2	51.3	53.8	52.55	1.25	52.55	1.768	1.25	15.883	non-skewed
301559	value	1	64.2	64.2	64.2	0	64.2	NA	NA	NA	non-skewed
301560	value	2	75.2	81	78.1	2.9	78.1	4.101	2.9	36.848	skewed
301570	value	2	59.7	60.8	60.25	0.55	60.25	0.778	0.55	6.988	non-skewed
301574	value	2	67.3	72.1	69.7	2.4	69.7	3.394	2.4	30.495	non-skewed
301576	value	1	57	57	57	0	57	NA	NA	NA	non-skewed
301592	value	2	56.9	60.1	58.5	1.6	58.5	2.263	1.6	20.33	non-skewed
301757	value	2	74.7	80.4	77.55	2.85	77.55	4.031	2.85	36.213	skewed
302180	value	1	65.3	65.3	65.3	0	65.3	NA	NA	NA	non-skewed
302297	value	1	63.3	63.3	63.3	0	63.3	NA	NA	NA	non-skewed
302500	value	1	52.7	52.7	52.7	0	52.7	NA	NA	NA	non-skewed
302504	value	3	50.2	56.4	50.4	3.1	52.333	3.523	2.034	8.752	non-skewed
302593	value	2	51.4	53.1	52.25	0.85	52.25	1.202	0.85	10.8	non-skewed
302632	value	2	61.7	69.3	65.5	3.8	65.5	5.374	3.8	48.284	non-skewed
302701	value	2	58.4	66.5	62.45	4.05	62.45	5.728	4.05	51.46	non-skewed
302707	value	2	74	76.4	75.2	1.2	75.2	1.697	1.2	15.247	skewed
302708	value	2	55.5	61.5	58.5	3	58.5	4.243	3	38.119	non-skewed
302709	value	1	61.1	61.1	61.1	0	61.1	NA	NA	NA	non-skewed
302712	value	2	54.4	69.4	61.9	7.5	61.9	10.607	7.5	95.297	non-skewed
302714	value	1	55.5	55.5	55.5	0	55.5	NA	NA	NA	non-skewed
302715	value	2	64.8	73	68.9	4.1	68.9	5.798	4.1	52.095	non-skewed
302716	value	2	62.5	68.3	65.4	2.9	65.4	4.101	2.9	36.848	non-skewed
302717	value	2	64.9	74.5	69.7	4.8	69.7	6.788	4.8	60.99	non-skewed
302722	value	2	50.1	52	51.05	0.95	51.05	1.344	0.95	12.071	non-skewed
302724	value	2	51.3	60.7	56	4.7	56	6.647	4.7	59.719	non-skewed
302727	value	2	57.4	63.4	60.4	3	60.4	4.243	3	38.119	non-skewed
302730	value	2	54.4	58.7	56.55	2.15	56.55	3.041	2.15	27.318	non-skewed
302733	value	2	56.4	57.7	57.05	0.65	57.05	0.919	0.65	8.259	non-skewed
302734	value	2	65.7	71.1	68.4	2.7	68.4	3.818	2.7	34.307	non-skewed
302740	value	1	57.2	57.2	57.2	0	57.2	NA	NA	NA	non-skewed
302753	value	2	55.2	55.3	55.25	0.05	55.25	0.071	0.05	0.635	non-skewed
302754	value	2	50.8	52.7	51.75	0.95	51.75	1.344	0.95	12.071	non-skewed
302757	value	1	77.6	77.6	77.6	0	77.6	NA	NA	NA	skewed
302766	value	2	52.8	55.2	54	1.2	54	1.697	1.2	15.247	non-skewed
302767	value	2	52.7	54.5	53.6	0.9	53.6	1.273	0.9	11.436	non-skewed
302806	value	2	50.1	51.1	50.6	0.5	50.6	0.707	0.5	6.353	non-skewed
302815	value	2	62.3	64.1	63.2	0.9	63.2	1.273	0.9	11.436	non-skewed
302825	value	1	84.7	84.7	84.7	0	84.7	NA	NA	NA	skewed
302828	value	2	53.7	63.5	58.6	4.9	58.6	6.93	4.9	62.26	non-skewed
302830	value	2	51.3	52.9	52.1	0.8	52.1	1.131	0.8	10.165	non-skewed
302838	value	2	56.3	61.7	59	2.7	59	3.818	2.7	34.307	non-skewed
302843	value	1	59.5	59.5	59.5	0	59.5	NA	NA	NA	non-skewed
302851	value	1	56.2	56.2	56.2	0	56.2	NA	NA	NA	non-skewed
302852	value	2	50.1	51.2	50.65	0.55	50.65	0.778	0.55	6.988	non-skewed
302856	value	1	63.8	63.8	63.8	0	63.8	NA	NA	NA	non-skewed
302858	value	2	51.8	54.8	53.3	1.5	53.3	2.121	1.5	19.059	non-skewed
302860	value	2	56.4	61	58.7	2.3	58.7	3.253	2.3	29.224	non-skewed
302862	value	2	54.2	54.3	54.25	0.05	54.25	0.071	0.05	0.635	non-skewed
302863	value	2	50.9	61.3	56.1	5.2	56.1	7.354	5.2	66.072	non-skewed
302868	value	2	50.9	56.3	53.6	2.7	53.6	3.818	2.7	34.307	non-skewed
302871	value	1	53.7	53.7	53.7	0	53.7	NA	NA	NA	non-skewed
302873	value	2	59.5	60.5	60	0.5	60	0.707	0.5	6.353	non-skewed
302878	value	1	52.2	52.2	52.2	0	52.2	NA	NA	NA	non-skewed
302880	value	1	77.3	77.3	77.3	0	77.3	NA	NA	NA	skewed
302885	value	2	60.6	61.9	61.25	0.65	61.25	0.919	0.65	8.259	non-skewed
302889	value	2	53.1	56.7	54.9	1.8	54.9	2.546	1.8	22.871	non-skewed
302903	value	2	51.3	60.8	56.05	4.75	56.05	6.718	4.75	60.354	non-skewed
302939	value	1	55.7	55.7	55.7	0	55.7	NA	NA	NA	non-skewed
302966	value	2	51.5	52.2	51.85	0.35	51.85	0.495	0.35	4.447	non-skewed
302977	value	2	60	70.6	65.3	5.3	65.3	7.495	5.3	67.343	non-skewed
302980	value	2	74	75.7	74.85	0.85	74.85	1.202	0.85	10.8	non-skewed
302986	value	1	56.8	56.8	56.8	0	56.8	NA	NA	NA	non-skewed
303005	value	2	54.2	62	58.1	3.9	58.1	5.515	3.9	49.554	non-skewed
303008	value	2	53	53.4	53.2	0.2	53.2	0.283	0.2	2.541	non-skewed
303013	value	2	62.3	69.3	65.8	3.5	65.8	4.95	3.5	44.472	non-skewed
303023	value	2	57.7	75.5	66.6	8.9	66.6	12.587	8.9	113.085	non-skewed
303031	value	2	67.7	73.5	70.6	2.9	70.6	4.101	2.9	36.848	non-skewed
303037	value	2	53	54.1	53.55	0.55	53.55	0.778	0.55	6.988	non-skewed
303047	value	2	60	64.7	62.35	2.35	62.35	3.323	2.35	29.86	non-skewed
303197	value	2	73.1	77.9	75.5	2.4	75.5	3.394	2.4	30.495	skewed
303201	value	2	53.5	55.6	54.55	1.05	54.55	1.485	1.05	13.342	non-skewed
303202	value	2	50.8	52.8	51.8	1	51.8	1.414	1	12.706	non-skewed
303208	value	2	61.1	66.8	63.95	2.85	63.95	4.031	2.85	36.213	non-skewed
303214	value	2	70.3	76.4	73.35	3.05	73.35	4.313	3.05	38.754	non-skewed
303220	value	1	60.3	60.3	60.3	0	60.3	NA	NA	NA	non-skewed
303224	value	2	54.8	66	60.4	5.6	60.4	7.92	5.6	71.155	non-skewed
303227	value	2	66.9	67.4	67.15	0.25	67.15	0.354	0.25	3.177	non-skewed
303234	value	1	59.1	59.1	59.1	0	59.1	NA	NA	NA	non-skewed
303253	value	2	64.6	74	69.3	4.7	69.3	6.647	4.7	59.719	non-skewed
303271	value	2	60.3	68.8	64.55	4.25	64.55	6.01	4.25	54.001	non-skewed
303282	value	2	52.7	62.5	57.6	4.9	57.6	6.93	4.9	62.26	non-skewed
303286	value	1	53.9	53.9	53.9	0	53.9	NA	NA	NA	non-skewed
303294	value	2	59	64.4	61.7	2.7	61.7	3.818	2.7	34.307	non-skewed
303299	value	2	53.7	54.2	53.95	0.25	53.95	0.354	0.25	3.177	non-skewed
303307	value	2	52.8	56.3	54.55	1.75	54.55	2.475	1.75	22.236	non-skewed
303402	value	2	62	65.4	63.7	1.7	63.7	2.404	1.7	21.601	non-skewed
303411	value	2	67	68.8	67.9	0.9	67.9	1.273	0.9	11.436	non-skewed
303419	value	2	91.5	95.1	93.3	1.8	93.3	2.546	1.8	22.871	extremely skewed
303422	value	2	70.8	84.4	77.6	6.8	77.6	9.617	6.8	86.402	skewed
303423	value	1	64	64	64	0	64	NA	NA	NA	non-skewed
303428	value	1	59.9	59.9	59.9	0	59.9	NA	NA	NA	non-skewed
303432	value	2	51.1	61.1	56.1	5	56.1	7.071	5	63.531	non-skewed
303438	value	2	51.6	63.3	57.45	5.85	57.45	8.273	5.85	74.331	non-skewed
303439	value	2	58	58.7	58.35	0.35	58.35	0.495	0.35	4.447	non-skewed
303440	value	2	66.9	81.1	74	7.1	74	10.041	7.1	90.214	non-skewed
303455	value	1	58.9	58.9	58.9	0	58.9	NA	NA	NA	non-skewed
303457	value	1	57.9	57.9	57.9	0	57.9	NA	NA	NA	non-skewed
303459	value	1	50.8	50.8	50.8	0	50.8	NA	NA	NA	non-skewed
303466	value	2	67.8	69.3	68.55	0.75	68.55	1.061	0.75	9.53	non-skewed
303467	value	2	65.2	68.4	66.8	1.6	66.8	2.263	1.6	20.33	non-skewed
303476	value	2	50.9	59.1	55	4.1	55	5.798	4.1	52.095	non-skewed
303479	value	2	62.9	65.5	64.2	1.3	64.2	1.838	1.3	16.518	non-skewed
303486	value	2	61.4	70.1	65.75	4.35	65.75	6.152	4.35	55.272	non-skewed
303497	value	2	52.2	52.7	52.45	0.25	52.45	0.354	0.25	3.177	non-skewed
303499	value	1	57.4	57.4	57.4	0	57.4	NA	NA	NA	non-skewed
303500	value	1	63.7	63.7	63.7	0	63.7	NA	NA	NA	non-skewed
303502	value	2	64	67.7	65.85	1.85	65.85	2.616	1.85	23.506	non-skewed
303503	value	2	55.9	57.8	56.85	0.95	56.85	1.344	0.95	12.071	non-skewed
303505	value	2	56.1	63.2	59.65	3.55	59.65	5.02	3.55	45.107	non-skewed
303517	value	2	55.7	62.2	58.95	3.25	58.95	4.596	3.25	41.295	non-skewed
303518	value	2	51	59.5	55.25	4.25	55.25	6.01	4.25	54.001	non-skewed
303523	value	2	51.6	72.2	61.9	10.3	61.9	14.566	10.3	130.874	non-skewed
303544	value	1	54.2	54.2	54.2	0	54.2	NA	NA	NA	non-skewed
303620	value	2	51.7	53.1	52.4	0.7	52.4	0.99	0.7	8.894	non-skewed
303628	value	1	50.9	50.9	50.9	0	50.9	NA	NA	NA	non-skewed
303630	value	2	60.3	67.6	63.95	3.65	63.95	5.162	3.65	46.378	non-skewed
303632	value	2	53.2	53.6	53.4	0.2	53.4	0.283	0.2	2.541	non-skewed
303636	value	1	71.9	71.9	71.9	0	71.9	NA	NA	NA	non-skewed
303637	value	2	52.7	54	53.35	0.65	53.35	0.919	0.65	8.259	non-skewed
303638	value	2	51.6	54.5	53.05	1.45	53.05	2.051	1.45	18.424	non-skewed
303640	value	1	85.7	85.7	85.7	0	85.7	NA	NA	NA	skewed
303642	value	2	74.1	76.3	75.2	1.1	75.2	1.556	1.1	13.977	skewed
303646	value	2	50.9	61.7	56.3	5.4	56.3	7.637	5.4	68.614	non-skewed
303648	value	1	67.9	67.9	67.9	0	67.9	NA	NA	NA	non-skewed
303653	value	1	67.3	67.3	67.3	0	67.3	NA	NA	NA	non-skewed
303657	value	2	60.4	70.5	65.45	5.05	65.45	7.142	5.05	64.166	non-skewed
303660	value	1	53.9	53.9	53.9	0	53.9	NA	NA	NA	non-skewed
303663	value	2	64.7	73.9	69.3	4.6	69.3	6.505	4.6	58.449	non-skewed
303666	value	2	66	72.8	69.4	3.4	69.4	4.808	3.4	43.201	non-skewed
303670	value	1	82.5	82.5	82.5	0	82.5	NA	NA	NA	skewed
303671	value	1	62	62	62	0	62	NA	NA	NA	non-skewed
303672	value	2	72.8	77.8	75.3	2.5	75.3	3.536	2.5	31.766	skewed
303673	value	1	53.3	53.3	53.3	0	53.3	NA	NA	NA	non-skewed
303675	value	2	69.3	73.4	71.35	2.05	71.35	2.899	2.05	26.048	non-skewed
303681	value	2	61.7	62.3	62	0.3	62	0.424	0.3	3.812	non-skewed
303682	value	1	51.9	51.9	51.9	0	51.9	NA	NA	NA	non-skewed
303683	value	1	63.1	63.1	63.1	0	63.1	NA	NA	NA	non-skewed
303684	value	2	86.8	88.2	87.5	0.7	87.5	0.99	0.7	8.894	skewed
303686	value	1	82.5	82.5	82.5	0	82.5	NA	NA	NA	skewed
303688	value	2	72	72.8	72.4	0.4	72.4	0.566	0.4	5.082	non-skewed
303690	value	2	50.9	67.8	59.35	8.45	59.35	11.95	8.45	107.367	non-skewed
303695	value	2	63.7	77.6	70.65	6.95	70.65	9.829	6.95	88.308	non-skewed
303699	value	2	50.3	64.2	57.25	6.95	57.25	9.829	6.95	88.308	non-skewed
303702	value	2	59.2	59.2	59.2	0	59.2	0	0	0	non-skewed
303703	value	2	81.9	84.3	83.1	1.2	83.1	1.697	1.2	15.247	skewed
303704	value	1	50.3	50.3	50.3	0	50.3	NA	NA	NA	non-skewed
303712	value	1	62.4	62.4	62.4	0	62.4	NA	NA	NA	non-skewed
303713	value	1	80.5	80.5	80.5	0	80.5	NA	NA	NA	skewed
303714	value	2	56	74.7	65.35	9.35	65.35	13.223	9.35	118.803	non-skewed
303717	value	1	51.3	51.3	51.3	0	51.3	NA	NA	NA	non-skewed
303718	value	2	64.5	64.9	64.7	0.2	64.7	0.283	0.2	2.541	non-skewed
303726	value	2	73.1	85.3	79.2	6.1	79.2	8.627	6.1	77.508	skewed
303730	value	2	57.5	58.4	57.95	0.45	57.95	0.636	0.45	5.718	non-skewed
303737	value	1	64.2	64.2	64.2	0	64.2	NA	NA	NA	non-skewed
303740	value	2	53.9	59.9	56.9	3	56.9	4.243	3	38.119	non-skewed
303745	value	2	55.5	56.8	56.15	0.65	56.15	0.919	0.65	8.259	non-skewed
303756	value	1	54.6	54.6	54.6	0	54.6	NA	NA	NA	non-skewed
303757	value	1	64.6	64.6	64.6	0	64.6	NA	NA	NA	non-skewed
303762	value	2	72.3	72.7	72.5	0.2	72.5	0.283	0.2	2.541	non-skewed
303767	value	1	62.9	62.9	62.9	0	62.9	NA	NA	NA	non-skewed
303768	value	1	58.5	58.5	58.5	0	58.5	NA	NA	NA	non-skewed
303772	value	2	64.5	65.4	64.95	0.45	64.95	0.636	0.45	5.718	non-skewed
303773	value	2	51.3	51.7	51.5	0.2	51.5	0.283	0.2	2.541	non-skewed
303778	value	1	54.7	54.7	54.7	0	54.7	NA	NA	NA	non-skewed
303786	value	1	71.2	71.2	71.2	0	71.2	NA	NA	NA	non-skewed
303787	value	2	71.1	73.3	72.2	1.1	72.2	1.556	1.1	13.977	non-skewed
303795	value	1	67	67	67	0	67	NA	NA	NA	non-skewed
303799	value	2	54.2	59.6	56.9	2.7	56.9	3.818	2.7	34.307	non-skewed
303800	value	1	73.1	73.1	73.1	0	73.1	NA	NA	NA	non-skewed
303820	value	1	56.3	56.3	56.3	0	56.3	NA	NA	NA	non-skewed
303856	value	1	57.8	57.8	57.8	0	57.8	NA	NA	NA	non-skewed
303987	value	2	86.2	91.9	89.05	2.85	89.05	4.031	2.85	36.213	skewed
304046	value	2	67.7	79	73.35	5.65	73.35	7.99	5.65	71.79	non-skewed
304054	value	1	65.7	65.7	65.7	0	65.7	NA	NA	NA	non-skewed
304076	value	2	64.1	70.1	67.1	3	67.1	4.243	3	38.119	non-skewed
304476	value	2	59.1	60	59.55	0.45	59.55	0.636	0.45	5.718	non-skewed
305105	value	2	55.1	61.5	58.3	3.2	58.3	4.525	3.2	40.66	non-skewed
305127	value	2	57	67.9	62.45	5.45	62.45	7.707	5.45	69.249	non-skewed
305151	value	2	56.9	66.2	61.55	4.65	61.55	6.576	4.65	59.084	non-skewed
305163	value	2	63.7	76.1	69.9	6.2	69.9	8.768	6.2	78.778	non-skewed
305165	value	2	74.9	75.1	75	0.1	75	0.141	0.1	1.271	skewed
305177	value	1	66.4	66.4	66.4	0	66.4	NA	NA	NA	non-skewed
305236	value	1	68.3	68.3	68.3	0	68.3	NA	NA	NA	non-skewed
305354	value	1	66.7	66.7	66.7	0	66.7	NA	NA	NA	non-skewed
305369	value	2	57	59.7	58.35	1.35	58.35	1.909	1.35	17.153	non-skewed
305379	value	1	59	59	59	0	59	NA	NA	NA	non-skewed
305391	value	2	50.8	56.8	53.8	3	53.8	4.243	3	38.119	non-skewed
305463	value	1	53.6	53.6	53.6	0	53.6	NA	NA	NA	non-skewed
305476	value	2	50.3	51.1	50.7	0.4	50.7	0.566	0.4	5.082	non-skewed
305479	value	1	74.1	74.1	74.1	0	74.1	NA	NA	NA	non-skewed
305548	value	2	59.7	60.5	60.1	0.4	60.1	0.566	0.4	5.082	non-skewed
305659	value	2	71.1	85.7	78.4	7.3	78.4	10.324	7.3	92.755	skewed
305757	value	2	59.1	65.4	62.25	3.15	62.25	4.455	3.15	40.025	non-skewed
305828	value	2	50.6	59.4	55	4.4	55	6.223	4.4	55.907	non-skewed
305883	value	2	53.2	60.6	56.9	3.7	56.9	5.233	3.7	47.013	non-skewed
306097	value	2	52.5	53.4	52.95	0.45	52.95	0.636	0.45	5.718	non-skewed
306208	value	2	64.1	70.4	67.25	3.15	67.25	4.455	3.15	40.025	non-skewed
306310	value	2	53.8	58.3	56.05	2.25	56.05	3.182	2.25	28.589	non-skewed
306742	value	1	74.6	74.6	74.6	0	74.6	NA	NA	NA	non-skewed
307071	value	2	50	61.7	55.85	5.85	55.85	8.273	5.85	74.331	non-skewed
307452	value	1	88.8	88.8	88.8	0	88.8	NA	NA	NA	skewed
307816	value	1	67	67	67	0	67	NA	NA	NA	non-skewed
307821	value	1	53.5	53.5	53.5	0	53.5	NA	NA	NA	non-skewed
307822	value	2	54.7	60.6	57.65	2.95	57.65	4.172	2.95	37.483	non-skewed
307827	value	2	70.1	85.2	77.65	7.55	77.65	10.677	7.55	95.932	skewed
307832	value	2	51.9	52.9	52.4	0.5	52.4	0.707	0.5	6.353	non-skewed
307835	value	1	58.6	58.6	58.6	0	58.6	NA	NA	NA	non-skewed
307837	value	2	52.3	58.3	55.3	3	55.3	4.243	3	38.119	non-skewed
307838	value	2	63.1	69.6	66.35	3.25	66.35	4.596	3.25	41.295	non-skewed
307839	value	2	78.3	90.6	84.45	6.15	84.45	8.697	6.15	78.143	skewed
307899	value	1	51.8	51.8	51.8	0	51.8	NA	NA	NA	non-skewed
307903	value	2	50.1	57.7	53.9	3.8	53.9	5.374	3.8	48.284	non-skewed
307915	value	2	60.9	62.5	61.7	0.8	61.7	1.131	0.8	10.165	non-skewed
307917	value	2	69	74	71.5	2.5	71.5	3.536	2.5	31.766	non-skewed
307921	value	2	58	71.1	64.55	6.55	64.55	9.263	6.55	83.226	non-skewed
307924	value	1	64.7	64.7	64.7	0	64.7	NA	NA	NA	non-skewed
307927	value	1	85.5	85.5	85.5	0	85.5	NA	NA	NA	skewed
307929	value	1	50.2	50.2	50.2	0	50.2	NA	NA	NA	non-skewed
307933	value	2	50.2	59.3	54.75	4.55	54.75	6.435	4.55	57.813	non-skewed
307937	value	2	52.3	58.5	55.4	3.1	55.4	4.384	3.1	39.389	non-skewed
307938	value	2	50.7	57.3	54	3.3	54	4.667	3.3	41.93	non-skewed
307940	value	2	68.9	73.4	71.15	2.25	71.15	3.182	2.25	28.589	non-skewed
307942	value	2	51.6	55.6	53.6	2	53.6	2.828	2	25.412	non-skewed
307959	value	1	60.7	60.7	60.7	0	60.7	NA	NA	NA	non-skewed
307973	value	2	58.3	61.4	59.85	1.55	59.85	2.192	1.55	19.695	non-skewed
307974	value	1	62.2	62.2	62.2	0	62.2	NA	NA	NA	non-skewed
307976	value	1	55.6	55.6	55.6	0	55.6	NA	NA	NA	non-skewed
307999	value	2	58.2	60.6	59.4	1.2	59.4	1.697	1.2	15.247	non-skewed
308267	value	1	66	66	66	0	66	NA	NA	NA	non-skewed
308318	value	2	54.3	55.9	55.1	0.8	55.1	1.131	0.8	10.165	non-skewed
308943	value	1	50.2	50.2	50.2	0	50.2	NA	NA	NA	non-skewed
308988	value	1	91.1	91.1	91.1	0	91.1	NA	NA	NA	extremely skewed
309242	value	4	73.8	80.9	76.2	5.075	76.775	3.474	1.737	5.528	skewed
309762	value	2	59.9	62.4	61.15	1.25	61.15	1.768	1.25	15.883	non-skewed
310203	value	2	54.4	55	54.7	0.3	54.7	0.424	0.3	3.812	non-skewed
310458	value	2	51.5	51.6	51.55	0.05	51.55	0.071	0.05	0.635	non-skewed
311036	value	2	72.7	81.4	77.05	4.35	77.05	6.152	4.35	55.272	skewed
311114	value	1	50.5	50.5	50.5	0	50.5	NA	NA	NA	non-skewed
312159	value	2	59.9	69.2	64.55	4.65	64.55	6.576	4.65	59.084	non-skewed
312239	value	2	88.7	89.6	89.15	0.45	89.15	0.636	0.45	5.718	skewed
312241	value	2	61.9	63.9	62.9	1	62.9	1.414	1	12.706	non-skewed
312342	value	2	52.4	66.2	59.3	6.9	59.3	9.758	6.9	87.673	non-skewed
312503	value	1	68.3	68.3	68.3	0	68.3	NA	NA	NA	non-skewed
313013	value	4	52	55.8	53.45	2.075	53.675	1.688	0.844	2.686	non-skewed
313447	value	2	71.9	76.5	74.2	2.3	74.2	3.253	2.3	29.224	non-skewed
313522	value	1	75.2	75.2	75.2	0	75.2	NA	NA	NA	skewed
313605	value	5	58	64.4	61.2	2.7	61.06	2.463	1.102	3.059	non-skewed
313607	value	2	57	68	62.5	5.5	62.5	7.778	5.5	69.884	non-skewed
313609	value	4	53.3	66.9	64.75	4.675	62.425	6.206	3.103	9.875	non-skewed
313610	value	2	53.9	64.9	59.4	5.5	59.4	7.778	5.5	69.884	non-skewed
313611	value	2	54	63.4	58.7	4.7	58.7	6.647	4.7	59.719	non-skewed
313617	value	2	75.5	79.3	77.4	1.9	77.4	2.687	1.9	24.142	skewed
313618	value	2	74.6	75.9	75.25	0.65	75.25	0.919	0.65	8.259	skewed
313626	value	1	60	60	60	0	60	NA	NA	NA	non-skewed
313628	value	2	59.6	68.5	64.05	4.45	64.05	6.293	4.45	56.543	non-skewed
313629	value	2	64.8	69.3	67.05	2.25	67.05	3.182	2.25	28.589	non-skewed
313631	value	2	69.6	73.8	71.7	2.1	71.7	2.97	2.1	26.683	non-skewed
313639	value	2	62.8	65.5	64.15	1.35	64.15	1.909	1.35	17.153	non-skewed
313641	value	2	66.6	70.7	68.65	2.05	68.65	2.899	2.05	26.048	non-skewed
313644	value	4	52.2	60.3	56.9	6.975	56.575	4.282	2.141	6.814	non-skewed
313645	value	2	66.4	75.3	70.85	4.45	70.85	6.293	4.45	56.543	non-skewed
313647	value	2	61.6	63.2	62.4	0.8	62.4	1.131	0.8	10.165	non-skewed
313651	value	2	50.6	53.1	51.85	1.25	51.85	1.768	1.25	15.883	non-skewed
313658	value	2	77.9	81.7	79.8	1.9	79.8	2.687	1.9	24.142	skewed
313660	value	1	71.3	71.3	71.3	0	71.3	NA	NA	NA	non-skewed
313661	value	2	56.3	56.7	56.5	0.2	56.5	0.283	0.2	2.541	non-skewed
313664	value	1	53.9	53.9	53.9	0	53.9	NA	NA	NA	non-skewed
313668	value	4	79.2	85.4	82	3.95	82.15	2.854	1.427	4.541	skewed
313673	value	3	51.4	56.6	56	2.6	54.667	2.845	1.642	7.067	non-skewed
313674	value	1	86.6	86.6	86.6	0	86.6	NA	NA	NA	skewed
313682	value	2	58.2	59.8	59	0.8	59	1.131	0.8	10.165	non-skewed
313686	value	1	79.1	79.1	79.1	0	79.1	NA	NA	NA	skewed
313690	value	5	61.1	71.2	68	1.6	67.06	3.715	1.662	4.613	non-skewed
313691	value	2	83.5	86.2	84.85	1.35	84.85	1.909	1.35	17.153	skewed
313694	value	2	54.7	65.5	60.1	5.4	60.1	7.637	5.4	68.614	non-skewed
313695	value	1	57.8	57.8	57.8	0	57.8	NA	NA	NA	non-skewed
313696	value	2	51.7	54.5	53.1	1.4	53.1	1.98	1.4	17.789	non-skewed
313698	value	1	67.2	67.2	67.2	0	67.2	NA	NA	NA	non-skewed
313700	value	2	73.2	73.7	73.45	0.25	73.45	0.354	0.25	3.177	non-skewed
314086	value	1	69.4	69.4	69.4	0	69.4	NA	NA	NA	non-skewed
314100	value	5	51	69.2	56.4	5.6	57.08	7.321	3.274	9.09	non-skewed
314311	value	2	59.6	70.3	64.95	5.35	64.95	7.566	5.35	67.978	non-skewed
314327	value	2	63	75.6	69.3	6.3	69.3	8.91	6.3	80.049	non-skewed
314741	value	1	70.1	70.1	70.1	0	70.1	NA	NA	NA	non-skewed
314772	value	2	74.2	78.5	76.35	2.15	76.35	3.041	2.15	27.318	skewed
314987	value	2	75.5	80	77.75	2.25	77.75	3.182	2.25	28.589	skewed
315011	value	1	68.7	68.7	68.7	0	68.7	NA	NA	NA	non-skewed
315015	value	4	51.8	60.9	55.15	3.85	55.75	3.875	1.938	6.166	non-skewed
315017	value	2	64	75	69.5	5.5	69.5	7.778	5.5	69.884	non-skewed
315022	value	2	71.3	72.1	71.7	0.4	71.7	0.566	0.4	5.082	non-skewed
315025	value	2	55.9	55.9	55.9	0	55.9	0	0	0	non-skewed
315034	value	1	66.7	66.7	66.7	0	66.7	NA	NA	NA	non-skewed
315038	value	1	60.4	60.4	60.4	0	60.4	NA	NA	NA	non-skewed
315039	value	1	50.6	50.6	50.6	0	50.6	NA	NA	NA	non-skewed
315040	value	1	75.4	75.4	75.4	0	75.4	NA	NA	NA	skewed
315041	value	1	52.5	52.5	52.5	0	52.5	NA	NA	NA	non-skewed
315046	value	2	52.3	61.2	56.75	4.45	56.75	6.293	4.45	56.543	non-skewed
315047	value	2	52	59.7	55.85	3.85	55.85	5.445	3.85	48.919	non-skewed
315048	value	1	69.1	69.1	69.1	0	69.1	NA	NA	NA	non-skewed
315049	value	4	73	94.9	84.55	10.8	84.25	9.405	4.703	14.966	skewed
315058	value	4	51.9	82	66.5	12.625	66.725	12.601	6.3	20.05	non-skewed
315062	value	2	63.3	65	64.15	0.85	64.15	1.202	0.85	10.8	non-skewed
315071	value	2	74.8	78.5	76.65	1.85	76.65	2.616	1.85	23.506	skewed
315073	value	2	51.7	57.8	54.75	3.05	54.75	4.313	3.05	38.754	non-skewed
315077	value	1	60.9	60.9	60.9	0	60.9	NA	NA	NA	non-skewed
315082	value	2	69.7	74.8	72.25	2.55	72.25	3.606	2.55	32.401	non-skewed
315086	value	2	59.5	61.1	60.3	0.8	60.3	1.131	0.8	10.165	non-skewed
315092	value	3	60.6	64.8	63.2	2.1	62.867	2.12	1.224	5.266	non-skewed
315093	value	1	63.4	63.4	63.4	0	63.4	NA	NA	NA	non-skewed
315095	value	2	55.2	59.7	57.45	2.25	57.45	3.182	2.25	28.589	non-skewed
315097	value	2	61.1	65.5	63.3	2.2	63.3	3.111	2.2	27.954	non-skewed
315129	value	3	54.3	69.6	68	7.65	63.967	8.41	4.855	20.891	non-skewed
315163	value	2	53.7	55.2	54.45	0.75	54.45	1.061	0.75	9.53	non-skewed
315186	value	2	65.5	70.5	68	2.5	68	3.536	2.5	31.766	non-skewed
315188	value	5	51.3	82	73.2	14.3	69.92	12.359	5.527	15.345	non-skewed
315199	value	4	61.3	71.5	68.65	4.125	67.525	4.446	2.223	7.074	non-skewed
315202	value	5	58.9	71.9	60.8	5.7	63.18	5.44	2.433	6.755	non-skewed
315215	value	4	56.5	74.1	72.25	7.175	68.775	8.367	4.184	13.314	non-skewed
315222	value	2	52.1	58.4	55.25	3.15	55.25	4.455	3.15	40.025	non-skewed
315228	value	2	51.7	53.9	52.8	1.1	52.8	1.556	1.1	13.977	non-skewed
315269	value	2	51.2	53.8	52.5	1.3	52.5	1.838	1.3	16.518	non-skewed
315313	value	3	50.6	63.7	59	6.55	57.767	6.637	3.832	16.486	non-skewed
315324	value	4	50.2	57	53.75	5.825	53.675	3.572	1.786	5.683	non-skewed
315326	value	3	51.3	66.5	58.6	7.6	58.8	7.602	4.389	18.884	non-skewed
315385	value	3	54.4	55.9	54.8	0.75	55.033	0.777	0.448	1.93	non-skewed
315386	value	4	50.4	59.2	53.55	5.725	54.175	4.136	2.068	6.582	non-skewed
315400	value	5	71.5	83.3	74.4	2.7	75.94	4.496	2.011	5.582	skewed
315906	value	3	53.6	66.1	57.5	6.25	59.067	6.396	3.692	15.887	non-skewed
315911	value	5	52.8	66.7	59.3	4.8	59.6	5.202	2.327	6.46	non-skewed
315918	value	2	66.9	67.6	67.25	0.35	67.25	0.495	0.35	4.447	non-skewed
315922	value	3	59.4	66.3	66.2	3.45	63.967	3.955	2.284	9.825	non-skewed
315952	value	4	66	73.4	69.8	2.75	69.75	3.061	1.531	4.871	non-skewed
315973	value	4	61.8	73.7	68.3	9.875	68.025	6.149	3.074	9.784	non-skewed
315988	value	2	73.8	88.7	81.25	7.45	81.25	10.536	7.45	94.661	skewed
316274	value	3	70.9	78.4	77	3.75	75.433	3.988	2.302	9.906	skewed
316302	value	2	59.1	63.5	61.3	2.2	61.3	3.111	2.2	27.954	non-skewed
316314	value	2	50.1	50.9	50.5	0.4	50.5	0.566	0.4	5.082	non-skewed
316315	value	1	57.6	57.6	57.6	0	57.6	NA	NA	NA	non-skewed
316324	value	4	52.4	63.4	60.95	4.475	59.425	4.914	2.457	7.82	non-skewed
316327	value	4	55.6	62.9	56.9	2.275	58.075	3.284	1.642	5.225	non-skewed
316340	value	3	80.6	88.2	86.2	3.8	85	3.94	2.274	9.786	skewed
316348	value	5	62	75.6	71.2	5.3	70.74	5.48	2.451	6.804	non-skewed
316367	value	1	61	61	61	0	61	NA	NA	NA	non-skewed
316387	value	2	74.8	77.8	76.3	1.5	76.3	2.121	1.5	19.059	skewed
316389	value	5	77.4	86.4	85.1	2.7	83.56	3.661	1.637	4.546	skewed
316476	value	3	63.2	82.2	73.5	9.5	72.967	9.511	5.491	23.627	non-skewed
316493	value	3	54.1	65.9	64.2	5.9	61.4	6.379	3.683	15.846	non-skewed
316517	value	2	52.7	57.2	54.95	2.25	54.95	3.182	2.25	28.589	non-skewed
316544	value	2	59.4	64.4	61.9	2.5	61.9	3.536	2.5	31.766	non-skewed
316558	value	2	50.7	61.6	56.15	5.45	56.15	7.707	5.45	69.249	non-skewed
316561	value	4	54.1	65.5	62.2	3.15	61	4.859	2.429	7.731	non-skewed
316568	value	2	53.6	63.9	58.75	5.15	58.75	7.283	5.15	65.437	non-skewed
316604	value	4	50.8	62.5	57.4	7.425	57.025	5.385	2.693	8.569	non-skewed
316611	value	4	50.7	57.3	53.1	3.6	53.55	2.942	1.471	4.682	non-skewed
316613	value	3	52.4	56.3	53.8	1.95	54.167	1.976	1.141	4.908	non-skewed
316647	value	4	59.1	71.1	63.95	8.325	64.525	5.731	2.865	9.119	non-skewed
316653	value	2	55.4	73.3	64.35	8.95	64.35	12.657	8.95	113.721	non-skewed
316654	value	4	66.3	78.3	74.3	8.1	73.3	5.748	2.874	9.146	non-skewed
316662	value	5	55.4	61.8	56.7	1.3	57.24	2.631	1.177	3.267	non-skewed
316676	value	3	53.4	59	54.2	2.8	55.533	3.029	1.749	7.524	non-skewed
316683	value	5	50.5	63.1	54.7	1.4	55.3	4.693	2.099	5.827	non-skewed
316689	value	4	63.7	66	64.6	0.875	64.725	0.964	0.482	1.534	non-skewed
316700	value	4	68.3	77.8	72.9	6.275	72.975	4.422	2.211	7.037	non-skewed
316707	value	4	52.3	77.4	56.9	12.275	60.875	11.693	5.847	18.607	non-skewed
316714	value	2	54	68.1	61.05	7.05	61.05	9.97	7.05	89.579	non-skewed
316721	value	3	51	53.7	51.4	1.35	52.033	1.457	0.841	3.62	non-skewed
316732	value	1	51.8	51.8	51.8	0	51.8	NA	NA	NA	non-skewed
316755	value	1	71.7	71.7	71.7	0	71.7	NA	NA	NA	non-skewed
316765	value	2	60.9	71.6	66.25	5.35	66.25	7.566	5.35	67.978	non-skewed
316769	value	2	60.6	66	63.3	2.7	63.3	3.818	2.7	34.307	non-skewed
316785	value	2	61.6	63	62.3	0.7	62.3	0.99	0.7	8.894	non-skewed
316795	value	1	68.8	68.8	68.8	0	68.8	NA	NA	NA	non-skewed
316798	value	4	53	65.5	61.25	6.8	60.25	5.601	2.801	8.913	non-skewed
316803	value	3	76.6	87.4	83.9	5.4	82.633	5.51	3.181	13.688	skewed
316819	value	1	72.9	72.9	72.9	0	72.9	NA	NA	NA	non-skewed
316820	value	3	65.5	72.7	69.1	3.6	69.1	3.6	2.078	8.943	non-skewed
316849	value	4	51.2	57	53.1	1.45	53.6	2.437	1.219	3.878	non-skewed
316856	value	4	50.5	71.1	55.55	9.425	58.175	9.237	4.619	14.699	non-skewed
316914	value	2	57	65.7	61.35	4.35	61.35	6.152	4.35	55.272	non-skewed
316960	value	2	53.8	55.3	54.55	0.75	54.55	1.061	0.75	9.53	non-skewed
316970	value	5	50.5	62.5	52.1	5.2	54.38	5.041	2.254	6.259	non-skewed
316972	value	4	54.2	63.3	55.4	2.875	57.075	4.201	2.101	6.685	non-skewed
316977	value	4	79.9	86.2	81.65	3.45	82.35	2.883	1.441	4.587	skewed
316984	value	4	50.4	68	58.7	14	58.95	8.889	4.445	14.145	non-skewed
316987	value	2	52.7	62.6	57.65	4.95	57.65	7	4.95	62.896	non-skewed
316994	value	4	52.9	60.3	57.55	5.525	57.075	3.665	1.832	5.831	non-skewed
316997	value	2	50.7	54.7	52.7	2	52.7	2.828	2	25.412	non-skewed
316998	value	2	69.3	77.4	73.35	4.05	73.35	5.728	4.05	51.46	non-skewed
317006	value	2	92.1	95.5	93.8	1.7	93.8	2.404	1.7	21.601	extremely skewed
317008	value	3	56.6	76.9	69	10.15	67.5	10.233	5.908	25.42	non-skewed
317017	value	4	56.6	66.1	64.3	4.925	62.825	4.457	2.229	7.093	non-skewed
317023	value	4	53.7	65.9	60.95	8.375	60.375	5.801	2.9	9.23	non-skewed
317027	value	4	63.7	80.5	70.35	8.325	71.225	7.287	3.644	11.595	non-skewed
317031	value	2	70.6	86.3	78.45	7.85	78.45	11.102	7.85	99.744	skewed
317043	value	3	51.2	57.4	54.6	3.1	54.4	3.105	1.793	7.713	non-skewed
317048	value	3	55.3	63.2	61.9	3.95	60.133	4.236	2.446	10.523	non-skewed
317055	value	3	51.4	73.3	66.9	10.95	63.867	11.261	6.501	27.973	non-skewed
317064	value	4	51.9	65.7	53.6	4.5	56.2	6.409	3.205	10.199	non-skewed
317065	value	4	63.2	68.2	65.15	4.175	65.425	2.608	1.304	4.15	non-skewed
317067	value	2	50.1	54.2	52.15	2.05	52.15	2.899	2.05	26.048	non-skewed
317081	value	4	50.7	74.8	55.35	8.2	59.05	10.792	5.396	17.172	non-skewed
317112	value	3	50.1	75.5	51.8	12.7	59.133	14.199	8.198	35.273	non-skewed
317121	value	4	61.5	70.3	64.15	5.575	65.025	4.16	2.08	6.619	non-skewed
317134	value	3	50.5	62.3	58.1	5.9	56.967	5.981	3.453	14.858	non-skewed
317158	value	2	80.9	82	81.45	0.55	81.45	0.778	0.55	6.988	skewed
317159	value	1	62.1	62.1	62.1	0	62.1	NA	NA	NA	non-skewed
317205	value	3	52.7	61.5	59.2	4.4	57.8	4.564	2.635	11.338	non-skewed
317218	value	2	55.3	64.5	59.9	4.6	59.9	6.505	4.6	58.449	non-skewed
317258	value	1	57.1	57.1	57.1	0	57.1	NA	NA	NA	non-skewed
317280	value	4	50	56.1	54.85	2.95	53.95	2.808	1.404	4.468	non-skewed
317292	value	2	62.5	72.2	67.35	4.85	67.35	6.859	4.85	61.625	non-skewed
317296	value	4	51.3	63.2	55.35	6.8	56.3	5.398	2.699	8.59	non-skewed
317347	value	2	59.5	74.7	67.1	7.6	67.1	10.748	7.6	96.567	non-skewed
317361	value	1	64.1	64.1	64.1	0	64.1	NA	NA	NA	non-skewed
317366	value	4	50.3	58.7	55.95	4.125	55.225	3.698	1.849	5.884	non-skewed
317380	value	4	50.7	69.9	61.7	5.55	61	7.891	3.945	12.556	non-skewed
317386	value	3	54.9	64.4	54.9	4.75	58.067	5.485	3.167	13.625	non-skewed
317398	value	3	51.1	55.5	51.9	2.2	52.833	2.344	1.353	5.822	non-skewed
317402	value	3	52.6	55.6	54.4	1.5	54.2	1.51	0.872	3.751	non-skewed
317409	value	2	50.1	56.4	53.25	3.15	53.25	4.455	3.15	40.025	non-skewed
317412	value	5	51.8	60.7	56.3	2.7	55.86	3.335	1.492	4.141	non-skewed
317419	value	4	55.9	64.2	56.6	2.525	58.325	3.938	1.969	6.267	non-skewed
317427	value	4	53.6	61.2	58.05	1.975	57.725	3.126	1.563	4.973	non-skewed
317450	value	4	62.4	74.3	65.25	3.65	66.8	5.19	2.595	8.259	non-skewed
317457	value	2	52.4	55.5	53.95	1.55	53.95	2.192	1.55	19.695	non-skewed
317460	value	4	58.2	78	67.95	8.025	68.025	8.255	4.128	13.136	non-skewed
317464	value	1	57.7	57.7	57.7	0	57.7	NA	NA	NA	non-skewed
317491	value	2	51.9	59.8	55.85	3.95	55.85	5.586	3.95	50.19	non-skewed
317501	value	2	50.4	52.2	51.3	0.9	51.3	1.273	0.9	11.436	non-skewed
317513	value	2	69.4	72.5	70.95	1.55	70.95	2.192	1.55	19.695	non-skewed
317543	value	1	60.3	60.3	60.3	0	60.3	NA	NA	NA	non-skewed
317551	value	1	52.1	52.1	52.1	0	52.1	NA	NA	NA	non-skewed
317568	value	4	56.5	78.6	74.3	6.725	70.925	9.85	4.925	15.673	non-skewed
317597	value	2	72.4	77.8	75.1	2.7	75.1	3.818	2.7	34.307	skewed
317607	value	2	55.5	62.4	58.95	3.45	58.95	4.879	3.45	43.836	non-skewed
317624	value	4	54.1	63.7	61.95	3.825	60.425	4.366	2.183	6.947	non-skewed
317631	value	1	85.1	85.1	85.1	0	85.1	NA	NA	NA	skewed
317661	value	5	52.7	57.5	56.7	2	55.86	1.976	0.884	2.453	non-skewed
317669	value	2	50.3	63	56.65	6.35	56.65	8.98	6.35	80.684	non-skewed
317671	value	3	67.9	87.3	79.8	9.7	78.333	9.783	5.648	24.302	skewed
317674	value	1	61.3	61.3	61.3	0	61.3	NA	NA	NA	non-skewed
317689	value	1	70.9	70.9	70.9	0	70.9	NA	NA	NA	non-skewed
317706	value	2	55.1	57.8	56.45	1.35	56.45	1.909	1.35	17.153	non-skewed
317710	value	2	63.4	68.8	66.1	2.7	66.1	3.818	2.7	34.307	non-skewed
317711	value	4	61.2	66.1	63	3.925	63.325	2.51	1.255	3.995	non-skewed
317722	value	2	65	72.1	68.55	3.55	68.55	5.02	3.55	45.107	non-skewed
317727	value	1	76.6	76.6	76.6	0	76.6	NA	NA	NA	skewed
317734	value	5	64.8	73.6	70.9	2.6	70.34	3.409	1.525	4.233	non-skewed
317740	value	5	50.3	63.5	56.8	11.2	57.16	6.134	2.743	7.616	non-skewed
317766	value	5	51	60.4	53.7	0.4	54.46	3.514	1.571	4.363	non-skewed
317767	value	2	51.9	65.1	58.5	6.6	58.5	9.334	6.6	83.861	non-skewed
317779	value	2	77.5	83.1	80.3	2.8	80.3	3.96	2.8	35.577	skewed
317803	value	4	55.3	58.2	56.1	1.625	56.425	1.335	0.668	2.124	non-skewed
317824	value	2	61.2	74.2	67.7	6.5	67.7	9.192	6.5	82.59	non-skewed
317838	value	3	51.4	76.9	51.7	12.75	60	14.637	8.45	36.359	non-skewed
317855	value	4	54.6	59.6	57	1.4	57.05	2.044	1.022	3.252	non-skewed
317904	value	5	52.7	64	60.2	6.3	59.08	4.639	2.074	5.76	non-skewed
317910	value	2	54.8	68.1	61.45	6.65	61.45	9.405	6.65	84.496	non-skewed
317913	value	3	51.3	69.1	51.9	8.9	57.433	10.108	5.836	25.11	non-skewed
317917	value	5	52.8	71.2	58.7	6.7	60.48	7.077	3.165	8.787	non-skewed
317935	value	5	50.7	69.4	53.9	10.4	58.04	7.971	3.565	9.897	non-skewed
317958	value	2	58.1	65.3	61.7	3.6	61.7	5.091	3.6	45.742	non-skewed
318025	value	3	67.8	80.2	76.9	6.2	74.967	6.422	3.708	15.953	non-skewed
318030	value	3	61	72.6	67.8	5.8	67.133	5.829	3.365	14.479	non-skewed
318034	value	4	79.3	89.4	81.9	5.225	83.125	4.6	2.3	7.32	skewed
318035	value	5	58.8	65.6	60.1	0.8	61.1	2.626	1.174	3.26	non-skewed
318050	value	5	54.1	79.5	65.2	16.6	65.64	10.782	4.822	13.388	non-skewed
318058	value	2	59.2	61.1	60.15	0.95	60.15	1.344	0.95	12.071	non-skewed
318075	value	5	53.9	63.8	56.9	5.8	57.72	4.186	1.872	5.198	non-skewed
318085	value	2	52.2	61.5	56.85	4.65	56.85	6.576	4.65	59.084	non-skewed
318088	value	3	56.1	68.7	64.4	6.3	63.067	6.405	3.698	15.911	non-skewed
318095	value	3	73.6	83.2	77.2	4.8	78	4.85	2.8	12.047	skewed
318113	value	3	54.7	65.8	63.9	5.55	61.467	5.937	3.428	14.747	non-skewed
318120	value	2	63	64.9	63.95	0.95	63.95	1.344	0.95	12.071	non-skewed
318126	value	4	57.1	63.9	61.15	4.925	60.825	3.306	1.653	5.26	non-skewed
318136	value	5	63.1	80.1	70.5	10	70.66	7.032	3.145	8.731	non-skewed
318150	value	3	66.6	79.9	69	6.65	71.833	7.088	4.092	17.608	non-skewed
318160	value	2	57.5	58.8	58.15	0.65	58.15	0.919	0.65	8.259	non-skewed
318165	value	3	58.6	81.5	79.6	11.45	73.233	12.708	7.337	31.569	non-skewed
318176	value	4	59.1	65.4	61.05	2.1	61.65	2.679	1.339	4.263	non-skewed
318198	value	2	53.2	53.8	53.5	0.3	53.5	0.424	0.3	3.812	non-skewed
318205	value	3	60.5	79.4	71.5	9.45	70.467	9.492	5.48	23.58	non-skewed
318250	value	3	66.4	76.4	75.8	5	72.867	5.608	3.238	13.932	non-skewed
318257	value	2	51.5	52.6	52.05	0.55	52.05	0.778	0.55	6.988	non-skewed
318271	value	3	57	60.7	58.7	1.85	58.8	1.852	1.069	4.601	non-skewed
318288	value	5	51	72.8	61.3	6.3	61.92	8.032	3.592	9.973	non-skewed
318290	value	1	60.5	60.5	60.5	0	60.5	NA	NA	NA	non-skewed
318291	value	4	50.6	56.1	54.65	2.95	54	2.518	1.259	4.007	non-skewed
318292	value	4	51.1	55.9	54.35	3.525	53.925	2.384	1.192	3.793	non-skewed
318322	value	4	52.6	93.6	59.6	14.75	66.35	18.626	9.313	29.638	non-skewed
318326	value	4	57.8	74.2	63.4	11.6	64.7	7.984	3.992	12.705	non-skewed
318328	value	4	62.3	72.4	65.75	5.3	66.55	4.487	2.244	7.14	non-skewed
318329	value	3	67.6	75.1	67.7	3.75	70.133	4.302	2.484	10.686	non-skewed
318333	value	2	50.1	58.8	54.45	4.35	54.45	6.152	4.35	55.272	non-skewed
318344	value	3	61.6	69.8	65.4	4.1	65.6	4.104	2.369	10.194	non-skewed
318351	value	2	53.4	63.5	58.45	5.05	58.45	7.142	5.05	64.166	non-skewed
318374	value	3	51.1	57.6	53.1	3.25	53.933	3.329	1.922	8.27	non-skewed
318417	value	2	60.4	66.9	63.65	3.25	63.65	4.596	3.25	41.295	non-skewed
318422	value	4	67.1	73.6	70.4	3.725	70.375	2.889	1.445	4.598	non-skewed
318433	value	4	53.2	70.7	55.3	6.175	58.625	8.17	4.085	13	non-skewed
318450	value	1	50.4	50.4	50.4	0	50.4	NA	NA	NA	non-skewed
318458	value	4	52.9	57.7	53.25	1.425	54.275	2.293	1.146	3.648	non-skewed
318466	value	2	76.6	78	77.3	0.7	77.3	0.99	0.7	8.894	skewed
318470	value	1	63.8	63.8	63.8	0	63.8	NA	NA	NA	non-skewed
318485	value	2	61	71.2	66.1	5.1	66.1	7.212	5.1	64.802	non-skewed
318489	value	3	50.5	59.3	53	4.4	54.267	4.535	2.618	11.265	non-skewed
318523	value	3	50.5	65.4	63.7	7.45	59.867	8.156	4.709	20.261	non-skewed
318531	value	3	77.1	89.9	78.9	6.4	81.967	6.929	4.001	17.213	skewed
318573	value	1	60.2	60.2	60.2	0	60.2	NA	NA	NA	non-skewed
318580	value	1	63.6	63.6	63.6	0	63.6	NA	NA	NA	non-skewed
318581	value	4	56.8	71.3	62.9	11.725	63.475	7.411	3.705	11.793	non-skewed
318600	value	1	72.7	72.7	72.7	0	72.7	NA	NA	NA	non-skewed
318609	value	2	80.2	80.5	80.35	0.15	80.35	0.212	0.15	1.906	skewed
318625	value	5	50.5	64.2	56.3	5.4	56.16	5.349	2.392	6.642	non-skewed
318641	value	3	52.9	56.5	56.5	1.8	55.3	2.078	1.2	5.163	non-skewed
318642	value	5	50	60.5	52.2	0.5	53.52	4.039	1.806	5.016	non-skewed
318643	value	4	58.9	74.7	63.55	6.875	65.175	6.904	3.452	10.985	non-skewed
318662	value	4	50.3	67.8	53.65	8.5	56.35	8.112	4.056	12.908	non-skewed
318680	value	3	70.9	85.4	77.8	7.25	78.033	7.253	4.187	18.017	skewed
318689	value	2	59.4	70	64.7	5.3	64.7	7.495	5.3	67.343	non-skewed
318726	value	1	68.5	68.5	68.5	0	68.5	NA	NA	NA	non-skewed
318730	value	2	55.6	64.7	60.15	4.55	60.15	6.435	4.55	57.813	non-skewed
318736	value	2	57.3	58.6	57.95	0.65	57.95	0.919	0.65	8.259	non-skewed
318745	value	1	83.7	83.7	83.7	0	83.7	NA	NA	NA	skewed
318761	value	5	51.7	70.6	57.2	1.2	58.86	7.015	3.137	8.71	non-skewed
318765	value	5	63.4	77.9	72.6	4.5	72.16	5.553	2.483	6.895	non-skewed
318766	value	5	50.2	63.7	52.1	5.3	54.38	5.65	2.527	7.015	non-skewed
318793	value	2	58.2	59.3	58.75	0.55	58.75	0.778	0.55	6.988	non-skewed
318799	value	5	50.2	57.6	51.3	4	53.1	3.159	1.413	3.923	non-skewed
318810	value	3	57	63	58.7	3	59.567	3.092	1.785	7.682	non-skewed
318825	value	3	50	55.5	50	2.75	51.833	3.175	1.833	7.888	non-skewed
318852	value	2	61.4	63.7	62.55	1.15	62.55	1.626	1.15	14.612	non-skewed
318863	value	3	55.1	67.6	62.4	6.25	61.7	6.279	3.625	15.599	non-skewed
318889	value	1	62.5	62.5	62.5	0	62.5	NA	NA	NA	non-skewed
319015	value	1	58.8	58.8	58.8	0	58.8	NA	NA	NA	non-skewed
319023	value	3	58.3	62.5	59.2	2.1	60	2.211	1.277	5.493	non-skewed
319037	value	4	53.6	56.1	54.5	1.975	54.675	1.274	0.637	2.027	non-skewed
319042	value	4	57.2	60.2	59.15	2.025	58.925	1.431	0.716	2.278	non-skewed
319056	value	3	59.2	61.3	60.6	1.05	60.367	1.069	0.617	2.656	non-skewed
319064	value	2	72	74.2	73.1	1.1	73.1	1.556	1.1	13.977	non-skewed
319082	value	3	51.1	60.4	58.9	4.65	56.8	4.993	2.883	12.403	non-skewed
319096	value	3	53.2	57.4	54.9	2.1	55.167	2.113	1.22	5.248	non-skewed
319141	value	2	74.1	84.4	79.25	5.15	79.25	7.283	5.15	65.437	skewed
319153	value	4	57.1	71.6	61.8	5.275	63.075	6.166	3.083	9.811	non-skewed
319155	value	2	71.3	78.3	74.8	3.5	74.8	4.95	3.5	44.472	non-skewed
319165	value	4	51.1	62.8	57.4	9.675	57.175	6.032	3.016	9.598	non-skewed
319170	value	3	65.4	83.4	72.5	9	73.767	9.067	5.235	22.523	non-skewed
319187	value	2	60.6	62.7	61.65	1.05	61.65	1.485	1.05	13.342	non-skewed
319189	value	2	54.2	54.4	54.3	0.1	54.3	0.141	0.1	1.271	non-skewed
319231	value	3	53.7	58.4	57.5	2.35	56.533	2.495	1.44	6.197	non-skewed
319235	value	1	52.4	52.4	52.4	0	52.4	NA	NA	NA	non-skewed
319250	value	1	78	78	78	0	78	NA	NA	NA	skewed
319321	value	3	58.4	66.3	64.3	3.95	63	4.107	2.371	10.203	non-skewed
319325	value	3	52.4	59.8	57.1	3.7	56.433	3.745	2.162	9.303	non-skewed
319329	value	3	71.2	73.9	73	1.35	72.7	1.375	0.794	3.415	non-skewed
319334	value	4	51	57.1	52.85	2.95	53.45	2.699	1.349	4.294	non-skewed
319345	value	3	74.4	89.9	79.9	7.75	81.4	7.858	4.537	19.521	skewed
319356	value	4	51.7	65.2	58.55	5.55	58.5	5.637	2.819	8.97	non-skewed
319361	value	4	52.7	65.8	60.3	3.875	59.775	5.392	2.696	8.58	non-skewed
319367	value	4	50.3	56.6	53.6	3.225	53.525	2.726	1.363	4.337	non-skewed
319408	value	5	57.4	72.8	63.4	4.7	63.86	5.808	2.598	7.212	non-skewed
319433	value	4	56.5	81.6	70.75	8.9	69.9	10.393	5.196	16.537	non-skewed
319459	value	4	68.8	72.8	71.4	1.75	71.1	1.719	0.859	2.735	non-skewed
319470	value	3	59.8	63.2	63.1	1.7	62.033	1.935	1.117	4.806	non-skewed
319471	value	4	50.4	61.5	53.05	3.45	54.5	4.845	2.422	7.709	non-skewed
319489	value	3	53.1	74.7	65	10.8	64.267	10.819	6.246	26.875	non-skewed
319512	value	2	68.6	72.6	70.6	2	70.6	2.828	2	25.412	non-skewed
319525	value	5	57.1	76.5	59.7	10.8	64.54	8.369	3.743	10.392	non-skewed
319532	value	3	51.6	61.2	54.7	4.8	55.833	4.899	2.829	12.171	non-skewed
319569	value	5	53.1	57.9	55.1	1.4	55.22	1.787	0.799	2.218	non-skewed
319592	value	2	72	72.2	72.1	0.1	72.1	0.141	0.1	1.271	non-skewed
319607	value	1	67.4	67.4	67.4	0	67.4	NA	NA	NA	non-skewed
319638	value	1	69	69	69	0	69	NA	NA	NA	non-skewed
319678	value	2	55.1	77.9	66.5	11.4	66.5	16.122	11.4	144.851	non-skewed
319681	value	4	56.2	68.8	64.4	8.4	63.45	5.986	2.993	9.525	non-skewed
319689	value	4	52.4	57.8	55.2	3.6	55.15	2.523	1.261	4.014	non-skewed
319691	value	2	56.8	63.3	60.05	3.25	60.05	4.596	3.25	41.295	non-skewed
319707	value	3	60.4	70	67	4.8	65.8	4.911	2.835	12.2	non-skewed
319710	value	4	56.7	66.1	60.8	7.15	61.1	4.655	2.328	7.408	non-skewed
319748	value	4	58.5	62.6	61.65	1.4	61.1	1.802	0.901	2.867	non-skewed
319806	value	2	60.5	63.5	62	1.5	62	2.121	1.5	19.059	non-skewed
319814	value	4	51.5	73.9	55.5	11	59.1	10.466	5.233	16.654	non-skewed
319820	value	4	63.4	81.5	69.25	4.75	70.85	7.618	3.809	12.122	non-skewed
319822	value	3	50.2	61.3	57.1	5.55	56.2	5.604	3.236	13.922	non-skewed
319824	value	5	59.4	76	69.7	8.8	67.74	6.747	3.018	8.378	non-skewed
319827	value	1	60.3	60.3	60.3	0	60.3	NA	NA	NA	non-skewed
319830	value	1	70.1	70.1	70.1	0	70.1	NA	NA	NA	non-skewed
319875	value	3	52.5	61.4	54.8	4.45	56.233	4.62	2.667	11.476	non-skewed
320229	value	3	77.4	83.3	78.6	2.95	79.767	3.118	1.8	7.746	skewed
320233	value	3	62.3	72.3	64.4	5	66.333	5.273	3.044	13.099	non-skewed
320234	value	2	55.3	58	56.65	1.35	56.65	1.909	1.35	17.153	non-skewed
320248	value	3	89.6	92.7	91.7	1.55	91.333	1.582	0.913	3.93	extremely skewed
320254	value	2	58.8	65.4	62.1	3.3	62.1	4.667	3.3	41.93	non-skewed
320255	value	5	58.2	82.4	66.4	4.8	67.68	9.049	4.047	11.236	non-skewed
320256	value	5	50.3	82.5	60.1	14.7	61.92	13.185	5.897	16.372	non-skewed
320277	value	3	61	68.1	63.9	3.55	64.333	3.57	2.061	8.868	non-skewed
320280	value	5	93.3	99.6	97.8	4.5	96.96	2.793	1.249	3.468	extremely skewed
320290	value	1	76.4	76.4	76.4	0	76.4	NA	NA	NA	skewed
320345	value	3	64.4	72	69.5	3.8	68.633	3.873	2.236	9.622	non-skewed
320357	value	5	50.7	58.5	53.5	2.5	53.48	3.107	1.389	3.858	non-skewed
320362	value	3	71	82.5	79.6	5.75	77.7	5.981	3.453	14.857	skewed
320376	value	2	64	68.2	66.1	2.1	66.1	2.97	2.1	26.683	non-skewed
320420	value	4	52.8	69.1	59.75	10.6	60.35	7.575	3.787	12.053	non-skewed
320468	value	5	50.3	67.8	62.4	10.9	59.48	7.476	3.343	9.282	non-skewed
320486	value	2	55.8	62.9	59.35	3.55	59.35	5.02	3.55	45.107	non-skewed
320511	value	3	55.5	70.9	65	7.7	63.8	7.77	4.486	19.301	non-skewed
320525	value	4	52.7	67	64.25	4.55	62.05	6.389	3.194	10.166	non-skewed
320560	value	3	62.3	73.1	64.7	5.4	66.7	5.671	3.274	14.087	non-skewed
320564	value	5	62.2	75.4	67.4	10.2	67.92	5.952	2.662	7.391	non-skewed
320566	value	4	51.1	55.8	51.55	1.55	52.5	2.22	1.11	3.532	non-skewed
320570	value	2	60.7	67.6	64.15	3.45	64.15	4.879	3.45	43.836	non-skewed
320574	value	3	84.5	98.4	98.4	6.95	93.767	8.025	4.633	19.936	extremely skewed
320601	value	5	50.3	54.2	52.4	2.6	52.34	1.659	0.742	2.06	non-skewed
320607	value	5	50.4	69.2	57.1	3	58.22	6.884	3.079	8.547	non-skewed
320658	value	2	70.1	71.5	70.8	0.7	70.8	0.99	0.7	8.894	non-skewed
320668	value	4	66.5	77.1	68.05	3.325	69.925	4.853	2.426	7.722	non-skewed
320678	value	3	62.7	67.6	63.2	2.45	64.5	2.696	1.557	6.698	non-skewed
320822	value	4	62.7	76.2	68.65	7.35	69.05	5.939	2.969	9.45	non-skewed
320832	value	2	63.6	70.3	66.95	3.35	66.95	4.738	3.35	42.566	non-skewed
320835	value	5	52.5	63.6	58.7	7.3	58.18	4.706	2.105	5.843	non-skewed
320841	value	1	53.9	53.9	53.9	0	53.9	NA	NA	NA	non-skewed
320843	value	3	54.9	67	66.9	6.05	62.933	6.957	4.017	17.283	non-skewed
320862	value	3	52.8	61.5	55.8	4.35	56.7	4.419	2.551	10.978	non-skewed
320864	value	4	64.1	89.2	79.95	12.5	78.3	10.96	5.48	17.439	skewed
320888	value	4	54.7	82.3	75	11.85	71.75	12.178	6.089	19.378	non-skewed
320891	value	2	61	66.7	63.85	2.85	63.85	4.031	2.85	36.213	non-skewed
320896	value	2	53.9	65.1	59.5	5.6	59.5	7.92	5.6	71.155	non-skewed
320901	value	4	54.6	63.7	56.35	3.4	57.75	4.098	2.049	6.52	non-skewed
320902	value	4	68.3	80.3	78.85	4.875	76.575	5.652	2.826	8.993	skewed
321022	value	2	84.3	85.6	84.95	0.65	84.95	0.919	0.65	8.259	skewed
321051	value	5	52.1	70.4	62.5	4.8	61.92	6.717	3.004	8.341	non-skewed
321053	value	4	50	62.9	53.75	6.15	55.1	5.718	2.859	9.099	non-skewed
321063	value	4	50.1	63.8	53.75	4.4	55.35	5.914	2.957	9.411	non-skewed
321094	value	3	51.4	52.8	52.7	0.7	52.3	0.781	0.451	1.94	non-skewed
321433	value	3	53.9	63.8	61.1	4.95	59.6	5.118	2.955	12.713	non-skewed
321465	value	5	51.4	73.6	69.9	7.1	66.56	9.044	4.045	11.23	non-skewed
321467	value	2	54.2	65.8	60	5.8	60	8.202	5.8	73.696	non-skewed
321469	value	3	53.7	81.4	72.3	13.85	69.133	14.119	8.152	35.073	non-skewed
321478	value	5	54.4	82	68.5	18.9	68.24	11.828	5.289	14.686	non-skewed
321834	value	1	70.2	70.2	70.2	0	70.2	NA	NA	NA	non-skewed
321841	value	2	56.7	85.5	71.1	14.4	71.1	20.365	14.4	182.969	non-skewed
321852	value	4	51	74.7	64.25	12.6	63.55	10.367	5.183	16.496	non-skewed
321883	value	4	50.9	56.2	53.3	1.475	53.425	2.17	1.085	3.453	non-skewed
321890	value	3	55.4	69.8	67.5	7.2	64.233	7.736	4.466	19.217	non-skewed
321922	value	3	61.2	68	64.4	3.4	64.533	3.402	1.964	8.451	non-skewed
321932	value	3	54.4	64.4	55.6	5	58.133	5.46	3.152	13.564	non-skewed
321945	value	5	50.9	65.5	57.1	9.8	58.66	6.335	2.833	7.866	non-skewed
321954	value	4	54.5	57.5	55.75	1.275	55.875	1.266	0.633	2.014	non-skewed
321957	value	3	50	68.8	66.3	9.4	61.7	10.209	5.894	25.361	non-skewed
321967	value	3	65.4	70.6	67.9	2.6	67.967	2.601	1.501	6.46	non-skewed
321976	value	3	70.1	76.3	73.4	3.1	73.267	3.102	1.791	7.706	non-skewed
321977	value	3	51.3	62.3	51.5	5.5	55.033	6.294	3.634	15.635	non-skewed
321984	value	4	50.1	61.1	53.3	5.45	54.45	4.908	2.454	7.81	non-skewed
321987	value	4	50	60.4	51.6	4.55	53.4	4.845	2.422	7.709	non-skewed
321992	value	5	59.1	71.3	62.6	6.3	63.58	5.075	2.27	6.302	non-skewed
321994	value	3	70.4	82.5	74.5	6.05	75.8	6.154	3.553	15.287	skewed
322012	value	4	71.6	79.2	75.25	2.875	75.325	3.149	1.574	5.011	skewed
322039	value	3	63.2	76.3	73.8	6.55	71.1	6.955	4.015	17.277	non-skewed
322043	value	2	65.3	76.4	70.85	5.55	70.85	7.849	5.55	70.519	non-skewed
322082	value	4	50.8	69.7	59.3	11.625	59.775	8.599	4.299	13.683	non-skewed
322327	value	2	56.4	58	57.2	0.8	57.2	1.131	0.8	10.165	non-skewed
322347	value	1	59.5	59.5	59.5	0	59.5	NA	NA	NA	non-skewed
322354	value	2	63.2	75.4	69.3	6.1	69.3	8.627	6.1	77.508	non-skewed
322365	value	1	55.7	55.7	55.7	0	55.7	NA	NA	NA	non-skewed
322384	value	2	55.6	69.3	62.45	6.85	62.45	9.687	6.85	87.038	non-skewed
322394	value	3	56.6	72.4	62.8	7.9	63.933	7.961	4.596	19.776	non-skewed
322411	value	2	56.9	63.5	60.2	3.3	60.2	4.667	3.3	41.93	non-skewed
322421	value	3	81.9	86.7	86.4	2.4	85	2.689	1.552	6.68	skewed
322464	value	4	66.6	82	69.1	5.8	71.7	7.047	3.524	11.214	non-skewed
322620	value	5	50.7	61.9	56.1	2	55.78	4.071	1.821	5.055	non-skewed
322646	value	2	82.6	82.9	82.75	0.15	82.75	0.212	0.15	1.906	skewed
322671	value	5	50.3	60.9	53.9	6.2	54.82	4.406	1.971	5.471	non-skewed
322730	value	5	50.5	73	57.6	8.8	59.9	8.732	3.905	10.842	non-skewed
322731	value	4	50.1	56.8	54.3	4.675	53.875	3.223	1.612	5.129	non-skewed
322738	value	4	51.1	59.7	56.2	3.65	55.8	3.634	1.817	5.783	non-skewed
322757	value	2	54	57.1	55.55	1.55	55.55	2.192	1.55	19.695	non-skewed
322784	value	4	66.5	72.3	68.1	1.6	68.75	2.485	1.243	3.955	non-skewed
322828	value	3	58.9	66.9	65.8	4	63.867	4.336	2.504	10.772	non-skewed
322829	value	4	70	94.5	86.95	8	84.6	10.414	5.207	16.571	skewed
322835	value	4	55.3	64.3	57.95	3.675	58.875	3.904	1.952	6.212	non-skewed
322860	value	5	52.5	65	56.5	7.7	57.58	5.303	2.371	6.584	non-skewed
322892	value	4	52.9	58.5	53.85	1.775	54.775	2.532	1.266	4.028	non-skewed
322910	value	4	50.5	75.4	65.8	13.575	64.375	11.048	5.524	17.579	non-skewed
322920	value	1	56.4	56.4	56.4	0	56.4	NA	NA	NA	non-skewed
322960	value	2	50.5	52.8	51.65	1.15	51.65	1.626	1.15	14.612	non-skewed
322978	value	2	52.3	60.4	56.35	4.05	56.35	5.728	4.05	51.46	non-skewed
323213	value	3	73.3	84.1	79.7	5.4	79.033	5.431	3.135	13.491	skewed
323240	value	2	58.1	61.8	59.95	1.85	59.95	2.616	1.85	23.506	non-skewed
323252	value	1	57.2	57.2	57.2	0	57.2	NA	NA	NA	non-skewed
323259	value	3	58.9	78.7	70.9	9.9	69.5	9.974	5.758	24.777	non-skewed
323285	value	2	50.3	66.9	58.6	8.3	58.6	11.738	8.3	105.461	non-skewed
323286	value	2	57	64.6	60.8	3.8	60.8	5.374	3.8	48.284	non-skewed
323296	value	3	60.1	64.5	63.5	2.2	62.7	2.307	1.332	5.73	non-skewed
323313	value	2	69.1	76.3	72.7	3.6	72.7	5.091	3.6	45.742	non-skewed
323315	value	3	78.2	83.5	79.8	2.65	80.5	2.718	1.57	6.753	skewed
323317	value	1	84.3	84.3	84.3	0	84.3	NA	NA	NA	skewed
323327	value	4	51.2	61.1	59.2	3.825	57.675	4.469	2.235	7.112	non-skewed
323356	value	2	69.7	71.4	70.55	0.85	70.55	1.202	0.85	10.8	non-skewed
323361	value	4	58.9	75.2	73.4	4.525	70.225	7.601	3.801	12.096	non-skewed
323952	value	5	50.3	57.5	53.7	3.3	53.88	2.802	1.253	3.479	non-skewed
323955	value	3	59.5	80.1	64.8	10.3	68.133	10.697	6.176	26.573	non-skewed
323984	value	4	54.6	71.2	65.05	8.125	63.975	7.221	3.611	11.491	non-skewed
324002	value	2	61.2	62.2	61.7	0.5	61.7	0.707	0.5	6.353	non-skewed
324003	value	2	60.4	67.1	63.75	3.35	63.75	4.738	3.35	42.566	non-skewed
324010	value	4	62.2	78.7	70.25	5.7	70.35	6.791	3.396	10.807	non-skewed
324048	value	3	59.2	63.9	59.8	2.35	60.967	2.558	1.477	6.354	non-skewed
324062	value	1	79.7	79.7	79.7	0	79.7	NA	NA	NA	skewed
324064	value	1	64.3	64.3	64.3	0	64.3	NA	NA	NA	non-skewed
324066	value	4	62	78.4	70.95	9.725	70.575	7.375	3.687	11.735	non-skewed
324074	value	4	56.3	65.9	61.5	4.5	61.3	4.089	2.045	6.507	non-skewed
324093	value	4	55.1	61.7	58.15	4.725	58.275	3.175	1.588	5.053	non-skewed
324122	value	5	56.5	69.1	61.5	10.5	62.88	5.865	2.623	7.283	non-skewed
324126	value	5	60.4	75.9	64.5	2.4	66.24	5.82	2.603	7.227	non-skewed
324147	value	3	50.1	58.4	50.5	4.15	53	4.681	2.702	11.628	non-skewed
324188	value	1	78.8	78.8	78.8	0	78.8	NA	NA	NA	skewed
324192	value	5	57.1	74.9	65.4	3.1	66.26	6.424	2.873	7.976	non-skewed
324196	value	3	67.8	81.6	70.5	6.9	73.3	7.314	4.223	18.168	non-skewed
324215	value	3	53.8	62.4	58.7	4.3	58.3	4.314	2.491	10.716	non-skewed
324228	value	2	52.5	65.8	59.15	6.65	59.15	9.405	6.65	84.496	non-skewed
324249	value	1	78.1	78.1	78.1	0	78.1	NA	NA	NA	skewed
324251	value	2	55.8	59.1	57.45	1.65	57.45	2.333	1.65	20.965	non-skewed
324408	value	5	54.6	70.7	61.7	2.9	62.3	5.797	2.592	7.198	non-skewed
324415	value	4	51.7	55.9	53.65	2.175	53.725	1.823	0.911	2.9	non-skewed
324416	value	5	56.9	70.9	58.9	2.4	61.38	5.545	2.48	6.886	non-skewed
324420	value	4	58.9	70.8	65.5	10.925	65.175	6.517	3.258	10.37	non-skewed
324434	value	1	86.6	86.6	86.6	0	86.6	NA	NA	NA	skewed
324643	value	1	69.2	69.2	69.2	0	69.2	NA	NA	NA	non-skewed
324645	value	5	50.7	62.6	54.7	9.1	56.66	5.432	2.429	6.744	non-skewed
324655	value	3	75	88.3	82.6	6.65	81.967	6.673	3.852	16.576	skewed
324657	value	4	64.6	72.7	66.95	4.65	67.8	3.734	1.867	5.941	non-skewed
324664	value	2	57.4	60	58.7	1.3	58.7	1.838	1.3	16.518	non-skewed
324681	value	3	52.9	58.3	56	2.7	55.733	2.71	1.565	6.732	non-skewed
