sample	variable	skewing	skewed
GTEX-1122O	GTEx - whole blood	76.7	not_skewed
GTEX-1128S	GTEx - whole blood	73.6	not_skewed
GTEX-113JC	GTEx - whole blood	57.7	not_skewed
GTEX-11DXX	GTEx - whole blood	66.8	not_skewed
GTEX-11EM3	GTEx - whole blood	57.1	not_skewed
GTEX-11EMC	GTEx - whole blood	98.2	skewed
GTEX-11I78	GTEx - whole blood	69.7	not_skewed
GTEX-11P81	GTEx - whole blood	64.2	not_skewed
GTEX-11TTK	GTEx - whole blood	82.9	not_skewed
GTEX-11VI4	GTEx - whole blood	78.7	not_skewed
GTEX-11XUK	GTEx - whole blood	68.3	not_skewed
GTEX-11ZTS	GTEx - whole blood	69.7	not_skewed
GTEX-11ZTT	GTEx - whole blood	62	not_skewed
GTEX-11ZVC	GTEx - whole blood	87.7	not_skewed
GTEX-1211K	GTEx - whole blood	68.5	not_skewed
GTEX-1269C	GTEx - whole blood	84.7	not_skewed
GTEX-12WS9	GTEx - whole blood	62.4	not_skewed
GTEX-12WSB	GTEx - whole blood	62.9	not_skewed
GTEX-12WSG	GTEx - whole blood	91.3	skewed
GTEX-12WSJ	GTEx - whole blood	57.2	not_skewed
GTEX-12WSK	GTEx - whole blood	85.7	not_skewed
GTEX-12ZZX	GTEx - whole blood	58.2	not_skewed
GTEX-13113	GTEx - whole blood	65.9	not_skewed
GTEX-1313W	GTEx - whole blood	78.3	not_skewed
GTEX-131XG	GTEx - whole blood	78.8	not_skewed
GTEX-131XW	GTEx - whole blood	99.6	skewed
GTEX-132AR	GTEx - whole blood	80.6	not_skewed
GTEX-1399S	GTEx - whole blood	61.6	not_skewed
GTEX-1399U	GTEx - whole blood	58.7	not_skewed
GTEX-139D8	GTEx - whole blood	70.2	not_skewed
GTEX-13CF3	GTEx - whole blood	83.5	not_skewed
GTEX-13FTX	GTEx - whole blood	76.9	not_skewed
GTEX-13FTY	GTEx - whole blood	92.3	skewed
GTEX-13JUV	GTEx - whole blood	72.5	not_skewed
GTEX-13OVI	GTEx - whole blood	58.3	not_skewed
GTEX-13PL7	GTEx - whole blood	83.5	not_skewed
GTEX-13PLJ	GTEx - whole blood	100	skewed
GTEX-13S7M	GTEx - whole blood	67.4	not_skewed
GTEX-13SLX	GTEx - whole blood	78.3	not_skewed
GTEX-13U4I	GTEx - whole blood	70.5	not_skewed
GTEX-13VXT	GTEx - whole blood	58.3	not_skewed
GTEX-13W3W	GTEx - whole blood	75.6	not_skewed
GTEX-147F3	GTEx - whole blood	90.3	skewed
GTEX-148VI	GTEx - whole blood	70	not_skewed
GTEX-14A5I	GTEx - whole blood	65.5	not_skewed
GTEX-14AS3	GTEx - whole blood	67.9	not_skewed
GTEX-14BIM	GTEx - whole blood	91.4	skewed
GTEX-14BIN	GTEx - whole blood	64.3	not_skewed
GTEX-14BMU	GTEx - whole blood	64.8	not_skewed
GTEX-14DAQ	GTEx - whole blood	86.8	not_skewed
GTEX-14H4A	GTEx - whole blood	86.7	not_skewed
GTEX-14JG6	GTEx - whole blood	57.1	not_skewed
GTEX-14LLW	GTEx - whole blood	60.2	not_skewed
GTEX-14LZ3	GTEx - whole blood	100	skewed
GTEX-14PHW	GTEx - whole blood	96	skewed
GTEX-14PHY	GTEx - whole blood	89.7	not_skewed
GTEX-14PJ5	GTEx - whole blood	66.8	not_skewed
GTEX-14PJ6	GTEx - whole blood	91.2	skewed
GTEX-14PK6	GTEx - whole blood	88.6	not_skewed
GTEX-14PKU	GTEx - whole blood	61.8	not_skewed
GTEX-14PKV	GTEx - whole blood	75.2	not_skewed
GTEX-14PN3	GTEx - whole blood	69.5	not_skewed
GTEX-14PQA	GTEx - whole blood	86.6	not_skewed
GTEX-14XAO	GTEx - whole blood	55.8	not_skewed
GTEX-15CHC	GTEx - whole blood	77.4	not_skewed
GTEX-15DCD	GTEx - whole blood	68.7	not_skewed
GTEX-15DYW	GTEx - whole blood	61.8	not_skewed
GTEX-15DZA	GTEx - whole blood	60.9	not_skewed
GTEX-15ETS	GTEx - whole blood	98.3	skewed
GTEX-15SB6	GTEx - whole blood	56.7	not_skewed
GTEX-15SDE	GTEx - whole blood	61.5	not_skewed
GTEX-16BQI	GTEx - whole blood	78.5	not_skewed
GTEX-16MT8	GTEx - whole blood	100	skewed
GTEX-16MT9	GTEx - whole blood	61.5	not_skewed
GTEX-16NGA	GTEx - whole blood	90.3	skewed
GTEX-16NPV	GTEx - whole blood	66.1	not_skewed
GTEX-17HG3	GTEx - whole blood	90.7	skewed
GTEX-17JCI	GTEx - whole blood	62.1	not_skewed
GTEX-183WM	GTEx - whole blood	83.4	not_skewed
GTEX-18A7A	GTEx - whole blood	66.7	not_skewed
GTEX-18D9A	GTEx - whole blood	61.7	not_skewed
GTEX-1A32A	GTEx - whole blood	85.5	not_skewed
GTEX-1A3MW	GTEx - whole blood	97	skewed
GTEX-1A8FM	GTEx - whole blood	58	not_skewed
GTEX-1AMEY	GTEx - whole blood	77.8	not_skewed
GTEX-1AMFI	GTEx - whole blood	68.6	not_skewed
GTEX-1B932	GTEx - whole blood	90.3	skewed
GTEX-1B97J	GTEx - whole blood	59.5	not_skewed
GTEX-1C475	GTEx - whole blood	97.7	skewed
GTEX-1CAMS	GTEx - whole blood	79.2	not_skewed
GTEX-1CB4H	GTEx - whole blood	58.3	not_skewed
GTEX-1EWIQ	GTEx - whole blood	61.5	not_skewed
GTEX-1F52S	GTEx - whole blood	57.1	not_skewed
GTEX-1F5PL	GTEx - whole blood	84.2	not_skewed
GTEX-1F7RK	GTEx - whole blood	57.1	not_skewed
GTEX-1F88E	GTEx - whole blood	96.6	skewed
GTEX-1F88F	GTEx - whole blood	64.1	not_skewed
GTEX-1GF9U	GTEx - whole blood	96.1	skewed
GTEX-1GF9X	GTEx - whole blood	74.9	not_skewed
GTEX-1GN1W	GTEx - whole blood	69.5	not_skewed
GTEX-1GZ4H	GTEx - whole blood	68.8	not_skewed
GTEX-1GZHY	GTEx - whole blood	72.9	not_skewed
GTEX-1H1CY	GTEx - whole blood	71	not_skewed
GTEX-1H1DF	GTEx - whole blood	60.6	not_skewed
GTEX-1H2FU	GTEx - whole blood	70.3	not_skewed
GTEX-1HBPH	GTEx - whole blood	66.2	not_skewed
GTEX-1HBPM	GTEx - whole blood	77.8	not_skewed
GTEX-1HC8U	GTEx - whole blood	54.4	not_skewed
GTEX-1HCU8	GTEx - whole blood	94.1	skewed
GTEX-1HCUA	GTEx - whole blood	74.1	not_skewed
GTEX-1HFI7	GTEx - whole blood	92.1	skewed
GTEX-1HSGN	GTEx - whole blood	64.4	not_skewed
GTEX-1I1CD	GTEx - whole blood	84.7	not_skewed
GTEX-1I1GT	GTEx - whole blood	69.4	not_skewed
GTEX-1I4MK	GTEx - whole blood	95.6	skewed
GTEX-1ICG6	GTEx - whole blood	75	not_skewed
GTEX-1IDJE	GTEx - whole blood	86.5	not_skewed
GTEX-1IDJI	GTEx - whole blood	72.3	not_skewed
GTEX-1IDJU	GTEx - whole blood	76.6	not_skewed
GTEX-1IE54	GTEx - whole blood	77.2	not_skewed
GTEX-1IKOE	GTEx - whole blood	72.9	not_skewed
GTEX-1IKOH	GTEx - whole blood	99.9	skewed
GTEX-1J8EW	GTEx - whole blood	72	not_skewed
GTEX-1J8JJ	GTEx - whole blood	70.6	not_skewed
GTEX-1J8QM	GTEx - whole blood	86.3	not_skewed
GTEX-1JMOU	GTEx - whole blood	55	not_skewed
GTEX-1JMQL	GTEx - whole blood	85.7	not_skewed
GTEX-1JN1M	GTEx - whole blood	59.4	not_skewed
GTEX-1JN76	GTEx - whole blood	59.7	not_skewed
GTEX-1K9T9	GTEx - whole blood	67.4	not_skewed
GTEX-1KANC	GTEx - whole blood	57.1	not_skewed
GTEX-1LGOU	GTEx - whole blood	60.4	not_skewed
GTEX-1LH75	GTEx - whole blood	90.6	skewed
GTEX-1LKK1	GTEx - whole blood	88.2	not_skewed
GTEX-1LNCM	GTEx - whole blood	58.8	not_skewed
GTEX-1LVAM	GTEx - whole blood	64.9	not_skewed
GTEX-1LVAN	GTEx - whole blood	83	not_skewed
GTEX-1MA7W	GTEx - whole blood	68.1	not_skewed
GTEX-1MCC2	GTEx - whole blood	91.7	skewed
GTEX-1MCYP	GTEx - whole blood	68.4	not_skewed
GTEX-1NUQO	GTEx - whole blood	66.5	not_skewed
GTEX-1OJC4	GTEx - whole blood	68.7	not_skewed
GTEX-1PBJI	GTEx - whole blood	75	not_skewed
GTEX-1PIEJ	GTEx - whole blood	79.4	not_skewed
GTEX-1POEN	GTEx - whole blood	66	not_skewed
GTEX-1QCLZ	GTEx - whole blood	70.3	not_skewed
GTEX-1QEPI	GTEx - whole blood	67	not_skewed
GTEX-1QP28	GTEx - whole blood	92.7	skewed
GTEX-1QP67	GTEx - whole blood	57.9	not_skewed
GTEX-1QPFJ	GTEx - whole blood	65.8	not_skewed
GTEX-1R46S	GTEx - whole blood	96	skewed
GTEX-1R9JW	GTEx - whole blood	58.3	not_skewed
GTEX-1R9PN	GTEx - whole blood	62.7	not_skewed
GTEX-1R9PO	GTEx - whole blood	54.5	not_skewed
GTEX-1RDX4	GTEx - whole blood	73.4	not_skewed
GTEX-1RNTQ	GTEx - whole blood	70.3	not_skewed
GTEX-1S5ZU	GTEx - whole blood	69.2	not_skewed
GTEX-1S82P	GTEx - whole blood	57	not_skewed
GTEX-1S82U	GTEx - whole blood	83.5	not_skewed
GTEX-1S82Z	GTEx - whole blood	75.3	not_skewed
GTEX-NL3G	GTEx - whole blood	70	not_skewed
GTEX-OHPL	GTEx - whole blood	57.1	not_skewed
GTEX-OHPN	GTEx - whole blood	73.3	not_skewed
GTEX-P78B	GTEx - whole blood	70.6	not_skewed
GTEX-POMQ	GTEx - whole blood	62.4	not_skewed
GTEX-PWCY	GTEx - whole blood	62.5	not_skewed
GTEX-PWN1	GTEx - whole blood	88.6	not_skewed
GTEX-PWO3	GTEx - whole blood	75	not_skewed
GTEX-PX3G	GTEx - whole blood	68.5	not_skewed
GTEX-QCQG	GTEx - whole blood	59	not_skewed
GTEX-R45C	GTEx - whole blood	69.2	not_skewed
GTEX-S4P3	GTEx - whole blood	96.4	skewed
GTEX-SN8G	GTEx - whole blood	94.9	skewed
GTEX-TML8	GTEx - whole blood	72	not_skewed
GTEX-TMMY	GTEx - whole blood	58.5	not_skewed
GTEX-UJHI	GTEx - whole blood	61.7	not_skewed
GTEX-UPIC	GTEx - whole blood	100	skewed
GTEX-VJWN	GTEx - whole blood	94.6	skewed
GTEX-WI4N	GTEx - whole blood	58.3	not_skewed
GTEX-WRHK	GTEx - whole blood	64.3	not_skewed
GTEX-WRHU	GTEx - whole blood	58.3	not_skewed
GTEX-WXYG	GTEx - whole blood	59.3	not_skewed
GTEX-WYBS	GTEx - whole blood	81.8	not_skewed
GTEX-X638	GTEx - whole blood	87.3	not_skewed
GTEX-X8HC	GTEx - whole blood	71	not_skewed
GTEX-XMD2	GTEx - whole blood	76.9	not_skewed
GTEX-XOT4	GTEx - whole blood	81.5	not_skewed
GTEX-XUJ4	GTEx - whole blood	100	skewed
GTEX-XUW1	GTEx - whole blood	69.4	not_skewed
GTEX-XUZC	GTEx - whole blood	64.2	not_skewed
GTEX-XV7Q	GTEx - whole blood	72.3	not_skewed
GTEX-XYKS	GTEx - whole blood	57.1	not_skewed
GTEX-Y3IK	GTEx - whole blood	61.8	not_skewed
GTEX-Y5LM	GTEx - whole blood	72.5	not_skewed
GTEX-Y5V5	GTEx - whole blood	61.1	not_skewed
GTEX-Y8LW	GTEx - whole blood	54.3	not_skewed
GTEX-YB5K	GTEx - whole blood	57.1	not_skewed
GTEX-YBZK	GTEx - whole blood	67.3	not_skewed
GTEX-ZC5H	GTEx - whole blood	60	not_skewed
GTEX-ZE7O	GTEx - whole blood	75.7	not_skewed
GTEX-ZF29	GTEx - whole blood	88.6	not_skewed
GTEX-ZF2S	GTEx - whole blood	61.6	not_skewed
GTEX-ZF3C	GTEx - whole blood	95.7	skewed
GTEX-ZGAY	GTEx - whole blood	58	not_skewed
GTEX-ZLV1	GTEx - whole blood	69.2	not_skewed
GTEX-ZP4G	GTEx - whole blood	79.8	not_skewed
GTEX-ZPCL	GTEx - whole blood	67.9	not_skewed
GTEX-ZTPG	GTEx - whole blood	76.5	not_skewed
GTEX-ZV68	GTEx - whole blood	80.9	not_skewed
GTEX-ZVT2	GTEx - whole blood	65.3	not_skewed
GTEX-ZVT3	GTEx - whole blood	57.1	not_skewed
GTEX-ZVT4	GTEx - whole blood	80	not_skewed
GTEX-ZVZQ	GTEx - whole blood	75.3	not_skewed
GTEX-ZXES	GTEx - whole blood	86.1	not_skewed
300008	TRiXi - whole blood	66.1	not_skewed
300036	TRiXi - whole blood	55.2	not_skewed
300046	TRiXi - whole blood	58.9	not_skewed
300049	TRiXi - whole blood	56.9	not_skewed
300053	TRiXi - whole blood	70.1	not_skewed
300055	TRiXi - whole blood	62.1	not_skewed
300063	TRiXi - whole blood	56.3	not_skewed
300069	TRiXi - whole blood	81.7	not_skewed
300074	TRiXi - whole blood	53	not_skewed
300077	TRiXi - whole blood	72.4	not_skewed
300079	TRiXi - whole blood	59.2	not_skewed
300085	TRiXi - whole blood	70.6	not_skewed
300086	TRiXi - whole blood	60.9	not_skewed
300087	TRiXi - whole blood	81.7	not_skewed
300089	TRiXi - whole blood	52.8	not_skewed
300091	TRiXi - whole blood	64	not_skewed
300093	TRiXi - whole blood	57.4	not_skewed
300098	TRiXi - whole blood	77.9	not_skewed
300100	TRiXi - whole blood	68.9	not_skewed
300101	TRiXi - whole blood	67.3	not_skewed
300115	TRiXi - whole blood	53	not_skewed
300120	TRiXi - whole blood	56	not_skewed
300133	TRiXi - whole blood	53.1	not_skewed
300137	TRiXi - whole blood	84.3	not_skewed
300146	TRiXi - whole blood	52.7	not_skewed
300151	TRiXi - whole blood	72.2	not_skewed
300154	TRiXi - whole blood	54.5	not_skewed
300156	TRiXi - whole blood	79.6	not_skewed
300159	TRiXi - whole blood	64.1	not_skewed
300162	TRiXi - whole blood	59.7	not_skewed
300166	TRiXi - whole blood	54.5	not_skewed
300169	TRiXi - whole blood	68	not_skewed
300172	TRiXi - whole blood	56.7	not_skewed
300173	TRiXi - whole blood	50.4	not_skewed
300177	TRiXi - whole blood	70.7	not_skewed
300178	TRiXi - whole blood	59	not_skewed
300184	TRiXi - whole blood	59.3	not_skewed
300188	TRiXi - whole blood	53.5	not_skewed
300190	TRiXi - whole blood	56.5	not_skewed
300195	TRiXi - whole blood	63.7	not_skewed
300199	TRiXi - whole blood	78.6	not_skewed
300200	TRiXi - whole blood	64.7	not_skewed
300205	TRiXi - whole blood	53.2	not_skewed
300207	TRiXi - whole blood	55	not_skewed
300211	TRiXi - whole blood	55.2	not_skewed
300212	TRiXi - whole blood	66.2	not_skewed
300214	TRiXi - whole blood	50.3	not_skewed
300215	TRiXi - whole blood	63.7	not_skewed
300216	TRiXi - whole blood	50.2	not_skewed
300223	TRiXi - whole blood	60	not_skewed
300226	TRiXi - whole blood	72.6	not_skewed
300236	TRiXi - whole blood	54.4	not_skewed
300239	TRiXi - whole blood	61.5	not_skewed
300242	TRiXi - whole blood	63.3	not_skewed
300244	TRiXi - whole blood	56.5	not_skewed
300245	TRiXi - whole blood	69.1	not_skewed
300247	TRiXi - whole blood	67	not_skewed
300259	TRiXi - whole blood	56.8	not_skewed
300265	TRiXi - whole blood	59.4	not_skewed
300271	TRiXi - whole blood	66.7	not_skewed
300278	TRiXi - whole blood	83.2	not_skewed
300281	TRiXi - whole blood	58	not_skewed
300284	TRiXi - whole blood	73	not_skewed
300285	TRiXi - whole blood	89.6	not_skewed
300287	TRiXi - whole blood	71.5	not_skewed
300295	TRiXi - whole blood	61.8	not_skewed
300299	TRiXi - whole blood	52.8	not_skewed
300305	TRiXi - whole blood	56.2	not_skewed
300311	TRiXi - whole blood	52.4	not_skewed
300315	TRiXi - whole blood	59.7	not_skewed
300318	TRiXi - whole blood	50.8	not_skewed
300324	TRiXi - whole blood	63.5	not_skewed
300329	TRiXi - whole blood	56.5	not_skewed
300332	TRiXi - whole blood	51.4	not_skewed
300402	TRiXi - whole blood	66.4	not_skewed
300417	TRiXi - whole blood	54	not_skewed
300418	TRiXi - whole blood	53.9	not_skewed
300431	TRiXi - whole blood	63.7	not_skewed
300432	TRiXi - whole blood	57.1	not_skewed
300435	TRiXi - whole blood	61.7	not_skewed
300444	TRiXi - whole blood	52.2	not_skewed
300450	TRiXi - whole blood	61.9	not_skewed
300454	TRiXi - whole blood	57.2	not_skewed
300455	TRiXi - whole blood	71	not_skewed
300457	TRiXi - whole blood	52.5	not_skewed
300459	TRiXi - whole blood	62.6	not_skewed
300463	TRiXi - whole blood	67.9	not_skewed
300468	TRiXi - whole blood	51	not_skewed
300476	TRiXi - whole blood	55.9	not_skewed
300480	TRiXi - whole blood	63.5	not_skewed
300496	TRiXi - whole blood	54.4	not_skewed
300513	TRiXi - whole blood	64.4	not_skewed
300515	TRiXi - whole blood	85.8	not_skewed
300516	TRiXi - whole blood	55	not_skewed
300517	TRiXi - whole blood	55.2	not_skewed
300521	TRiXi - whole blood	61.8	not_skewed
300523	TRiXi - whole blood	58.9	not_skewed
300524	TRiXi - whole blood	54.4	not_skewed
300528	TRiXi - whole blood	58.5	not_skewed
300530	TRiXi - whole blood	68.3	not_skewed
300537	TRiXi - whole blood	52.3	not_skewed
300540	TRiXi - whole blood	57.8	not_skewed
300541	TRiXi - whole blood	64.2	not_skewed
300543	TRiXi - whole blood	52.4	not_skewed
300547	TRiXi - whole blood	51.2	not_skewed
300549	TRiXi - whole blood	70.4	not_skewed
300551	TRiXi - whole blood	52.2	not_skewed
300554	TRiXi - whole blood	56	not_skewed
300555	TRiXi - whole blood	54.3	not_skewed
300556	TRiXi - whole blood	63.9	not_skewed
300559	TRiXi - whole blood	64	not_skewed
300562	TRiXi - whole blood	67	not_skewed
300566	TRiXi - whole blood	53.6	not_skewed
300567	TRiXi - whole blood	54.1	not_skewed
300568	TRiXi - whole blood	59.7	not_skewed
300570	TRiXi - whole blood	60.8	not_skewed
300578	TRiXi - whole blood	57.5	not_skewed
300600	TRiXi - whole blood	64.6	not_skewed
300609	TRiXi - whole blood	56.8	not_skewed
300616	TRiXi - whole blood	54.5	not_skewed
300617	TRiXi - whole blood	72.5	not_skewed
300845	TRiXi - whole blood	63	not_skewed
300848	TRiXi - whole blood	78	not_skewed
300850	TRiXi - whole blood	56.6	not_skewed
300855	TRiXi - whole blood	52.2	not_skewed
300860	TRiXi - whole blood	54.2	not_skewed
300862	TRiXi - whole blood	66	not_skewed
300868	TRiXi - whole blood	55.2	not_skewed
300869	TRiXi - whole blood	62.4	not_skewed
300878	TRiXi - whole blood	60.2	not_skewed
300880	TRiXi - whole blood	55.6	not_skewed
300882	TRiXi - whole blood	60.8	not_skewed
300884	TRiXi - whole blood	65	not_skewed
300891	TRiXi - whole blood	64.3	not_skewed
300896	TRiXi - whole blood	69.9	not_skewed
300907	TRiXi - whole blood	62.1	not_skewed
300908	TRiXi - whole blood	63.6	not_skewed
300910	TRiXi - whole blood	62.4	not_skewed
300912	TRiXi - whole blood	54	not_skewed
300915	TRiXi - whole blood	55.8	not_skewed
300922	TRiXi - whole blood	55	not_skewed
300926	TRiXi - whole blood	66.4	not_skewed
300928	TRiXi - whole blood	50.5	not_skewed
300935	TRiXi - whole blood	64	not_skewed
300941	TRiXi - whole blood	57.4	not_skewed
300946	TRiXi - whole blood	56.3	not_skewed
300955	TRiXi - whole blood	50.6	not_skewed
300957	TRiXi - whole blood	76.3	not_skewed
300962	TRiXi - whole blood	55.1	not_skewed
300963	TRiXi - whole blood	54.8	not_skewed
300966	TRiXi - whole blood	55.6	not_skewed
300968	TRiXi - whole blood	51.4	not_skewed
300972	TRiXi - whole blood	62.3	not_skewed
300974	TRiXi - whole blood	65.1	not_skewed
300975	TRiXi - whole blood	61.7	not_skewed
300978	TRiXi - whole blood	53.6	not_skewed
300985	TRiXi - whole blood	58.2	not_skewed
300992	TRiXi - whole blood	58.9	not_skewed
300996	TRiXi - whole blood	70.7	not_skewed
301000	TRiXi - whole blood	59.8	not_skewed
301001	TRiXi - whole blood	89.9	not_skewed
301003	TRiXi - whole blood	55.9	not_skewed
301007	TRiXi - whole blood	60.8	not_skewed
301009	TRiXi - whole blood	57.8	not_skewed
301013	TRiXi - whole blood	53	not_skewed
301014	TRiXi - whole blood	57	not_skewed
301015	TRiXi - whole blood	62.4	not_skewed
301021	TRiXi - whole blood	53.5	not_skewed
301025	TRiXi - whole blood	61.2	not_skewed
301028	TRiXi - whole blood	70	not_skewed
301032	TRiXi - whole blood	66.2	not_skewed
301033	TRiXi - whole blood	74.5	not_skewed
301039	TRiXi - whole blood	56.2	not_skewed
301042	TRiXi - whole blood	50.8	not_skewed
301045	TRiXi - whole blood	54	not_skewed
301052	TRiXi - whole blood	55.2	not_skewed
301064	TRiXi - whole blood	53.1	not_skewed
301083	TRiXi - whole blood	67.9	not_skewed
301086	TRiXi - whole blood	57.1	not_skewed
301087	TRiXi - whole blood	64.7	not_skewed
301088	TRiXi - whole blood	71.2	not_skewed
301091	TRiXi - whole blood	55.1	not_skewed
301095	TRiXi - whole blood	51.6	not_skewed
301099	TRiXi - whole blood	64.2	not_skewed
301102	TRiXi - whole blood	51.6	not_skewed
301103	TRiXi - whole blood	76.8	not_skewed
301104	TRiXi - whole blood	73.8	not_skewed
301105	TRiXi - whole blood	52.5	not_skewed
301106	TRiXi - whole blood	55.3	not_skewed
301107	TRiXi - whole blood	62.1	not_skewed
301111	TRiXi - whole blood	51.4	not_skewed
301116	TRiXi - whole blood	52.5	not_skewed
301121	TRiXi - whole blood	61.3	not_skewed
301125	TRiXi - whole blood	66.9	not_skewed
301127	TRiXi - whole blood	52.2	not_skewed
301134	TRiXi - whole blood	50.9	not_skewed
301139	TRiXi - whole blood	64.2	not_skewed
301140	TRiXi - whole blood	50.4	not_skewed
301143	TRiXi - whole blood	55	not_skewed
301144	TRiXi - whole blood	52.3	not_skewed
301149	TRiXi - whole blood	62.4	not_skewed
301150	TRiXi - whole blood	55.1	not_skewed
301151	TRiXi - whole blood	66.8	not_skewed
301154	TRiXi - whole blood	58.3	not_skewed
301160	TRiXi - whole blood	53.4	not_skewed
301168	TRiXi - whole blood	66.8	not_skewed
301170	TRiXi - whole blood	74	not_skewed
301173	TRiXi - whole blood	59.4	not_skewed
301184	TRiXi - whole blood	52.5	not_skewed
301190	TRiXi - whole blood	60.9	not_skewed
301191	TRiXi - whole blood	65.8	not_skewed
301197	TRiXi - whole blood	51	not_skewed
301198	TRiXi - whole blood	63.5	not_skewed
301202	TRiXi - whole blood	54.5	not_skewed
301206	TRiXi - whole blood	53	not_skewed
301209	TRiXi - whole blood	72.1	not_skewed
301213	TRiXi - whole blood	88.6	not_skewed
301215	TRiXi - whole blood	61.5	not_skewed
301217	TRiXi - whole blood	58.8	not_skewed
301228	TRiXi - whole blood	51.5	not_skewed
301234	TRiXi - whole blood	70.3	not_skewed
301236	TRiXi - whole blood	64.3	not_skewed
301239	TRiXi - whole blood	65.6	not_skewed
301245	TRiXi - whole blood	55.4	not_skewed
301252	TRiXi - whole blood	54	not_skewed
301255	TRiXi - whole blood	54.4	not_skewed
301262	TRiXi - whole blood	58.3	not_skewed
301276	TRiXi - whole blood	55.6	not_skewed
301282	TRiXi - whole blood	57.5	not_skewed
301284	TRiXi - whole blood	54.1	not_skewed
301295	TRiXi - whole blood	50.4	not_skewed
301297	TRiXi - whole blood	50.4	not_skewed
301356	TRiXi - whole blood	59.4	not_skewed
301359	TRiXi - whole blood	52.2	not_skewed
301363	TRiXi - whole blood	95.4	skewed
301374	TRiXi - whole blood	65.2	not_skewed
301381	TRiXi - whole blood	56.3	not_skewed
301383	TRiXi - whole blood	74.5	not_skewed
301385	TRiXi - whole blood	59.2	not_skewed
301389	TRiXi - whole blood	59.5	not_skewed
301394	TRiXi - whole blood	55	not_skewed
301402	TRiXi - whole blood	74.3	not_skewed
301410	TRiXi - whole blood	63.2	not_skewed
301411	TRiXi - whole blood	77.6	not_skewed
301414	TRiXi - whole blood	77.7	not_skewed
301421	TRiXi - whole blood	88.4	not_skewed
301423	TRiXi - whole blood	51.4	not_skewed
301435	TRiXi - whole blood	86.4	not_skewed
301443	TRiXi - whole blood	64.8	not_skewed
301446	TRiXi - whole blood	64.3	not_skewed
301447	TRiXi - whole blood	72.7	not_skewed
301456	TRiXi - whole blood	54.4	not_skewed
301458	TRiXi - whole blood	58.3	not_skewed
301462	TRiXi - whole blood	59.1	not_skewed
301463	TRiXi - whole blood	59	not_skewed
301464	TRiXi - whole blood	60.9	not_skewed
301465	TRiXi - whole blood	71	not_skewed
301467	TRiXi - whole blood	74.5	not_skewed
301472	TRiXi - whole blood	57.2	not_skewed
301478	TRiXi - whole blood	66.4	not_skewed
301481	TRiXi - whole blood	73.8	not_skewed
301495	TRiXi - whole blood	50.9	not_skewed
301501	TRiXi - whole blood	64.8	not_skewed
301502	TRiXi - whole blood	65.4	not_skewed
301510	TRiXi - whole blood	53.9	not_skewed
301520	TRiXi - whole blood	70.3	not_skewed
301521	TRiXi - whole blood	84.3	not_skewed
301526	TRiXi - whole blood	56.9	not_skewed
301528	TRiXi - whole blood	57.7	not_skewed
301534	TRiXi - whole blood	80.1	not_skewed
301539	TRiXi - whole blood	54.7	not_skewed
301540	TRiXi - whole blood	61.4	not_skewed
301543	TRiXi - whole blood	58.7	not_skewed
301546	TRiXi - whole blood	58.8	not_skewed
301548	TRiXi - whole blood	55.6	not_skewed
301555	TRiXi - whole blood	55.6	not_skewed
301556	TRiXi - whole blood	66.7	not_skewed
301558	TRiXi - whole blood	52.5	not_skewed
301559	TRiXi - whole blood	64.2	not_skewed
301560	TRiXi - whole blood	78.1	not_skewed
301570	TRiXi - whole blood	60.2	not_skewed
301574	TRiXi - whole blood	69.7	not_skewed
301576	TRiXi - whole blood	57	not_skewed
301592	TRiXi - whole blood	58.5	not_skewed
301757	TRiXi - whole blood	77.6	not_skewed
302180	TRiXi - whole blood	65.3	not_skewed
302297	TRiXi - whole blood	63.3	not_skewed
302500	TRiXi - whole blood	52.7	not_skewed
302504	TRiXi - whole blood	51.35	not_skewed
302593	TRiXi - whole blood	52.2	not_skewed
302632	TRiXi - whole blood	65.5	not_skewed
302701	TRiXi - whole blood	62.5	not_skewed
302707	TRiXi - whole blood	75.2	not_skewed
302708	TRiXi - whole blood	58.5	not_skewed
302709	TRiXi - whole blood	61.1	not_skewed
302712	TRiXi - whole blood	61.9	not_skewed
302714	TRiXi - whole blood	55.5	not_skewed
302715	TRiXi - whole blood	68.9	not_skewed
302716	TRiXi - whole blood	65.4	not_skewed
302717	TRiXi - whole blood	69.7	not_skewed
302722	TRiXi - whole blood	51	not_skewed
302724	TRiXi - whole blood	56	not_skewed
302727	TRiXi - whole blood	60.4	not_skewed
302730	TRiXi - whole blood	56.5	not_skewed
302733	TRiXi - whole blood	57	not_skewed
302734	TRiXi - whole blood	68.4	not_skewed
302740	TRiXi - whole blood	57.2	not_skewed
302753	TRiXi - whole blood	55.2	not_skewed
302754	TRiXi - whole blood	51.8	not_skewed
302757	TRiXi - whole blood	77.6	not_skewed
302766	TRiXi - whole blood	54	not_skewed
302767	TRiXi - whole blood	53.6	not_skewed
302806	TRiXi - whole blood	50.6	not_skewed
302815	TRiXi - whole blood	63.2	not_skewed
302825	TRiXi - whole blood	84.7	not_skewed
302828	TRiXi - whole blood	58.6	not_skewed
302830	TRiXi - whole blood	52.1	not_skewed
302838	TRiXi - whole blood	59	not_skewed
302843	TRiXi - whole blood	59.5	not_skewed
302851	TRiXi - whole blood	56.2	not_skewed
302852	TRiXi - whole blood	50.7	not_skewed
302856	TRiXi - whole blood	63.8	not_skewed
302858	TRiXi - whole blood	53.3	not_skewed
302860	TRiXi - whole blood	58.7	not_skewed
302862	TRiXi - whole blood	54.2	not_skewed
302863	TRiXi - whole blood	56.1	not_skewed
302868	TRiXi - whole blood	53.6	not_skewed
302871	TRiXi - whole blood	53.7	not_skewed
302873	TRiXi - whole blood	60	not_skewed
302878	TRiXi - whole blood	52.2	not_skewed
302880	TRiXi - whole blood	77.3	not_skewed
302885	TRiXi - whole blood	61.2	not_skewed
302889	TRiXi - whole blood	54.9	not_skewed
302903	TRiXi - whole blood	56	not_skewed
302939	TRiXi - whole blood	55.7	not_skewed
302966	TRiXi - whole blood	51.9	not_skewed
302977	TRiXi - whole blood	65.3	not_skewed
302980	TRiXi - whole blood	74.8	not_skewed
302986	TRiXi - whole blood	56.8	not_skewed
303005	TRiXi - whole blood	58.1	not_skewed
303008	TRiXi - whole blood	53.2	not_skewed
303013	TRiXi - whole blood	65.8	not_skewed
303023	TRiXi - whole blood	66.6	not_skewed
303031	TRiXi - whole blood	70.6	not_skewed
303037	TRiXi - whole blood	53.5	not_skewed
303047	TRiXi - whole blood	62.4	not_skewed
303197	TRiXi - whole blood	75.5	not_skewed
303201	TRiXi - whole blood	54.5	not_skewed
303202	TRiXi - whole blood	51.8	not_skewed
303208	TRiXi - whole blood	64	not_skewed
303214	TRiXi - whole blood	73.3	not_skewed
303220	TRiXi - whole blood	60.3	not_skewed
303224	TRiXi - whole blood	60.4	not_skewed
303227	TRiXi - whole blood	67.2	not_skewed
303234	TRiXi - whole blood	59.1	not_skewed
303253	TRiXi - whole blood	69.3	not_skewed
303271	TRiXi - whole blood	64.6	not_skewed
303282	TRiXi - whole blood	57.6	not_skewed
303286	TRiXi - whole blood	53.9	not_skewed
303294	TRiXi - whole blood	61.7	not_skewed
303299	TRiXi - whole blood	54	not_skewed
303307	TRiXi - whole blood	54.5	not_skewed
303402	TRiXi - whole blood	63.7	not_skewed
303411	TRiXi - whole blood	67.9	not_skewed
303419	TRiXi - whole blood	93.3	skewed
303422	TRiXi - whole blood	77.6	not_skewed
303423	TRiXi - whole blood	64	not_skewed
303428	TRiXi - whole blood	59.9	not_skewed
303432	TRiXi - whole blood	56.1	not_skewed
303438	TRiXi - whole blood	57.5	not_skewed
303439	TRiXi - whole blood	58.4	not_skewed
303440	TRiXi - whole blood	74	not_skewed
303455	TRiXi - whole blood	58.9	not_skewed
303457	TRiXi - whole blood	57.9	not_skewed
303459	TRiXi - whole blood	50.8	not_skewed
303466	TRiXi - whole blood	68.6	not_skewed
303467	TRiXi - whole blood	66.8	not_skewed
303476	TRiXi - whole blood	55	not_skewed
303479	TRiXi - whole blood	64.2	not_skewed
303486	TRiXi - whole blood	65.8	not_skewed
303497	TRiXi - whole blood	52.5	not_skewed
303499	TRiXi - whole blood	57.4	not_skewed
303500	TRiXi - whole blood	63.7	not_skewed
303502	TRiXi - whole blood	65.8	not_skewed
303503	TRiXi - whole blood	56.8	not_skewed
303505	TRiXi - whole blood	59.7	not_skewed
303517	TRiXi - whole blood	59	not_skewed
303518	TRiXi - whole blood	55.2	not_skewed
303523	TRiXi - whole blood	61.9	not_skewed
303544	TRiXi - whole blood	54.2	not_skewed
303620	TRiXi - whole blood	52.4	not_skewed
303628	TRiXi - whole blood	50.9	not_skewed
303630	TRiXi - whole blood	63.9	not_skewed
303632	TRiXi - whole blood	53.4	not_skewed
303636	TRiXi - whole blood	71.9	not_skewed
303637	TRiXi - whole blood	53.4	not_skewed
303638	TRiXi - whole blood	53	not_skewed
303640	TRiXi - whole blood	85.7	not_skewed
303642	TRiXi - whole blood	75.2	not_skewed
303646	TRiXi - whole blood	56.3	not_skewed
303648	TRiXi - whole blood	67.9	not_skewed
303653	TRiXi - whole blood	67.3	not_skewed
303657	TRiXi - whole blood	65.4	not_skewed
303660	TRiXi - whole blood	53.9	not_skewed
303663	TRiXi - whole blood	69.3	not_skewed
303666	TRiXi - whole blood	69.4	not_skewed
303670	TRiXi - whole blood	82.5	not_skewed
303671	TRiXi - whole blood	62	not_skewed
303672	TRiXi - whole blood	75.3	not_skewed
303673	TRiXi - whole blood	53.3	not_skewed
303675	TRiXi - whole blood	71.3	not_skewed
303681	TRiXi - whole blood	62	not_skewed
303682	TRiXi - whole blood	51.9	not_skewed
303683	TRiXi - whole blood	63.1	not_skewed
303684	TRiXi - whole blood	87.5	not_skewed
303686	TRiXi - whole blood	82.5	not_skewed
303688	TRiXi - whole blood	72.4	not_skewed
303690	TRiXi - whole blood	59.3	not_skewed
303695	TRiXi - whole blood	70.7	not_skewed
303699	TRiXi - whole blood	57.2	not_skewed
303702	TRiXi - whole blood	59.2	not_skewed
303703	TRiXi - whole blood	83.1	not_skewed
303704	TRiXi - whole blood	50.3	not_skewed
303712	TRiXi - whole blood	62.4	not_skewed
303713	TRiXi - whole blood	80.5	not_skewed
303714	TRiXi - whole blood	65.3	not_skewed
303717	TRiXi - whole blood	51.3	not_skewed
303718	TRiXi - whole blood	64.7	not_skewed
303726	TRiXi - whole blood	79.2	not_skewed
303730	TRiXi - whole blood	58	not_skewed
303737	TRiXi - whole blood	64.2	not_skewed
303740	TRiXi - whole blood	56.9	not_skewed
303745	TRiXi - whole blood	56.1	not_skewed
303756	TRiXi - whole blood	54.6	not_skewed
303757	TRiXi - whole blood	64.6	not_skewed
303762	TRiXi - whole blood	72.5	not_skewed
303767	TRiXi - whole blood	62.9	not_skewed
303768	TRiXi - whole blood	58.5	not_skewed
303772	TRiXi - whole blood	65	not_skewed
303773	TRiXi - whole blood	51.5	not_skewed
303778	TRiXi - whole blood	54.7	not_skewed
303786	TRiXi - whole blood	71.2	not_skewed
303787	TRiXi - whole blood	72.2	not_skewed
303795	TRiXi - whole blood	67	not_skewed
303799	TRiXi - whole blood	56.9	not_skewed
303800	TRiXi - whole blood	73.1	not_skewed
303820	TRiXi - whole blood	56.3	not_skewed
303856	TRiXi - whole blood	57.8	not_skewed
303987	TRiXi - whole blood	89.1	not_skewed
304046	TRiXi - whole blood	73.3	not_skewed
304054	TRiXi - whole blood	65.7	not_skewed
304076	TRiXi - whole blood	67.1	not_skewed
304476	TRiXi - whole blood	59.5	not_skewed
305105	TRiXi - whole blood	58.3	not_skewed
305127	TRiXi - whole blood	62.5	not_skewed
305151	TRiXi - whole blood	61.5	not_skewed
305163	TRiXi - whole blood	69.9	not_skewed
305165	TRiXi - whole blood	75	not_skewed
305177	TRiXi - whole blood	66.4	not_skewed
305236	TRiXi - whole blood	68.3	not_skewed
305354	TRiXi - whole blood	66.7	not_skewed
305369	TRiXi - whole blood	58.4	not_skewed
305379	TRiXi - whole blood	59	not_skewed
305391	TRiXi - whole blood	53.8	not_skewed
305463	TRiXi - whole blood	53.6	not_skewed
305476	TRiXi - whole blood	50.7	not_skewed
305479	TRiXi - whole blood	74.1	not_skewed
305548	TRiXi - whole blood	60.1	not_skewed
305659	TRiXi - whole blood	78.4	not_skewed
305757	TRiXi - whole blood	62.2	not_skewed
305828	TRiXi - whole blood	55	not_skewed
305883	TRiXi - whole blood	56.9	not_skewed
306097	TRiXi - whole blood	53	not_skewed
306208	TRiXi - whole blood	67.2	not_skewed
306310	TRiXi - whole blood	56	not_skewed
306742	TRiXi - whole blood	74.6	not_skewed
307071	TRiXi - whole blood	55.9	not_skewed
307452	TRiXi - whole blood	88.8	not_skewed
307816	TRiXi - whole blood	67	not_skewed
307821	TRiXi - whole blood	53.5	not_skewed
307822	TRiXi - whole blood	57.7	not_skewed
307827	TRiXi - whole blood	77.7	not_skewed
307832	TRiXi - whole blood	52.4	not_skewed
307835	TRiXi - whole blood	58.6	not_skewed
307837	TRiXi - whole blood	55.3	not_skewed
307838	TRiXi - whole blood	66.3	not_skewed
307839	TRiXi - whole blood	84.4	not_skewed
307899	TRiXi - whole blood	51.8	not_skewed
307903	TRiXi - whole blood	53.9	not_skewed
307915	TRiXi - whole blood	61.7	not_skewed
307917	TRiXi - whole blood	71.5	not_skewed
307921	TRiXi - whole blood	64.6	not_skewed
307924	TRiXi - whole blood	64.7	not_skewed
307927	TRiXi - whole blood	85.5	not_skewed
307929	TRiXi - whole blood	50.2	not_skewed
307933	TRiXi - whole blood	54.8	not_skewed
307937	TRiXi - whole blood	55.4	not_skewed
307938	TRiXi - whole blood	54	not_skewed
307940	TRiXi - whole blood	71.2	not_skewed
307942	TRiXi - whole blood	53.6	not_skewed
307959	TRiXi - whole blood	60.7	not_skewed
307973	TRiXi - whole blood	59.8	not_skewed
307974	TRiXi - whole blood	62.2	not_skewed
307976	TRiXi - whole blood	55.6	not_skewed
307999	TRiXi - whole blood	59.4	not_skewed
308267	TRiXi - whole blood	66	not_skewed
308318	TRiXi - whole blood	55.1	not_skewed
308943	TRiXi - whole blood	50.2	not_skewed
308988	TRiXi - whole blood	91.1	skewed
309242	TRiXi - whole blood	76.8	not_skewed
309762	TRiXi - whole blood	61.1	not_skewed
310203	TRiXi - whole blood	54.7	not_skewed
310458	TRiXi - whole blood	51.5	not_skewed
311036	TRiXi - whole blood	77.1	not_skewed
311114	TRiXi - whole blood	50.5	not_skewed
312159	TRiXi - whole blood	64.6	not_skewed
312239	TRiXi - whole blood	89.2	not_skewed
312241	TRiXi - whole blood	62.9	not_skewed
312342	TRiXi - whole blood	59.3	not_skewed
312503	TRiXi - whole blood	68.3	not_skewed
313013	TRiXi - whole blood	53.7	not_skewed
313447	TRiXi - whole blood	74.2	not_skewed
313522	TRiXi - whole blood	75.2	not_skewed
313605	TRiXi - whole blood	61.15	not_skewed
313607	TRiXi - whole blood	62.5	not_skewed
313609	TRiXi - whole blood	63.9	not_skewed
313610	TRiXi - whole blood	59.4	not_skewed
313611	TRiXi - whole blood	58.7	not_skewed
313617	TRiXi - whole blood	77.4	not_skewed
313618	TRiXi - whole blood	75.2	not_skewed
313626	TRiXi - whole blood	60	not_skewed
313628	TRiXi - whole blood	64	not_skewed
313629	TRiXi - whole blood	67	not_skewed
313631	TRiXi - whole blood	71.7	not_skewed
313639	TRiXi - whole blood	64.2	not_skewed
313641	TRiXi - whole blood	68.7	not_skewed
313644	TRiXi - whole blood	56.6	not_skewed
313645	TRiXi - whole blood	70.8	not_skewed
313647	TRiXi - whole blood	62.4	not_skewed
313651	TRiXi - whole blood	51.9	not_skewed
313658	TRiXi - whole blood	79.8	not_skewed
313660	TRiXi - whole blood	71.3	not_skewed
313661	TRiXi - whole blood	56.5	not_skewed
313664	TRiXi - whole blood	53.9	not_skewed
313668	TRiXi - whole blood	82.2	not_skewed
313673	TRiXi - whole blood	55.35	not_skewed
313674	TRiXi - whole blood	86.6	not_skewed
313682	TRiXi - whole blood	59	not_skewed
313686	TRiXi - whole blood	79.1	not_skewed
313690	TRiXi - whole blood	67.55	not_skewed
313691	TRiXi - whole blood	84.8	not_skewed
313694	TRiXi - whole blood	60.1	not_skewed
313695	TRiXi - whole blood	57.8	not_skewed
313696	TRiXi - whole blood	52.2	not_skewed
313698	TRiXi - whole blood	67.2	not_skewed
313700	TRiXi - whole blood	73.4	not_skewed
314086	TRiXi - whole blood	69.4	not_skewed
314100	TRiXi - whole blood	56.75	not_skewed
314311	TRiXi - whole blood	65	not_skewed
314327	TRiXi - whole blood	69.3	not_skewed
314741	TRiXi - whole blood	70.1	not_skewed
314772	TRiXi - whole blood	76.3	not_skewed
314987	TRiXi - whole blood	77.8	not_skewed
315011	TRiXi - whole blood	68.7	not_skewed
315015	TRiXi - whole blood	55.8	not_skewed
315017	TRiXi - whole blood	69.5	not_skewed
315022	TRiXi - whole blood	71.7	not_skewed
315025	TRiXi - whole blood	55.9	not_skewed
315034	TRiXi - whole blood	66.7	not_skewed
315038	TRiXi - whole blood	60.4	not_skewed
315039	TRiXi - whole blood	50.6	not_skewed
315040	TRiXi - whole blood	75.4	not_skewed
315041	TRiXi - whole blood	52.5	not_skewed
315046	TRiXi - whole blood	56.8	not_skewed
315047	TRiXi - whole blood	55.9	not_skewed
315048	TRiXi - whole blood	69.1	not_skewed
315049	TRiXi - whole blood	84.2	not_skewed
315058	TRiXi - whole blood	66.7	not_skewed
315062	TRiXi - whole blood	64.2	not_skewed
315071	TRiXi - whole blood	76.7	not_skewed
315073	TRiXi - whole blood	54.8	not_skewed
315077	TRiXi - whole blood	60.9	not_skewed
315082	TRiXi - whole blood	72.2	not_skewed
315086	TRiXi - whole blood	60.3	not_skewed
315092	TRiXi - whole blood	63.05	not_skewed
315093	TRiXi - whole blood	63.4	not_skewed
315095	TRiXi - whole blood	57.5	not_skewed
315097	TRiXi - whole blood	63.3	not_skewed
315129	TRiXi - whole blood	66.05	not_skewed
315163	TRiXi - whole blood	54.5	not_skewed
315186	TRiXi - whole blood	68	not_skewed
315188	TRiXi - whole blood	71.55	not_skewed
315199	TRiXi - whole blood	67.6	not_skewed
315202	TRiXi - whole blood	62	not_skewed
315215	TRiXi - whole blood	70.4	not_skewed
315222	TRiXi - whole blood	55.2	not_skewed
315228	TRiXi - whole blood	52.8	not_skewed
315269	TRiXi - whole blood	52.5	not_skewed
315313	TRiXi - whole blood	58.4	not_skewed
315324	TRiXi - whole blood	53.7	not_skewed
315326	TRiXi - whole blood	58.7	not_skewed
315385	TRiXi - whole blood	54.9	not_skewed
315386	TRiXi - whole blood	54.2	not_skewed
315400	TRiXi - whole blood	75.15	not_skewed
315906	TRiXi - whole blood	58.3	not_skewed
315911	TRiXi - whole blood	59.45	not_skewed
315918	TRiXi - whole blood	67.2	not_skewed
315922	TRiXi - whole blood	65.1	not_skewed
315952	TRiXi - whole blood	69.8	not_skewed
315973	TRiXi - whole blood	68	not_skewed
315988	TRiXi - whole blood	81.2	not_skewed
316274	TRiXi - whole blood	76.2	not_skewed
316302	TRiXi - whole blood	61.3	not_skewed
316314	TRiXi - whole blood	50.5	not_skewed
316315	TRiXi - whole blood	57.6	not_skewed
316324	TRiXi - whole blood	59.8	not_skewed
316327	TRiXi - whole blood	57.2	not_skewed
316340	TRiXi - whole blood	85.6	not_skewed
316348	TRiXi - whole blood	70.95	not_skewed
316367	TRiXi - whole blood	61	not_skewed
316387	TRiXi - whole blood	76.3	not_skewed
316389	TRiXi - whole blood	84.35	not_skewed
316476	TRiXi - whole blood	73.25	not_skewed
316493	TRiXi - whole blood	62.8	not_skewed
316517	TRiXi - whole blood	55	not_skewed
316544	TRiXi - whole blood	61.9	not_skewed
316558	TRiXi - whole blood	56.2	not_skewed
316561	TRiXi - whole blood	62	not_skewed
316568	TRiXi - whole blood	58.8	not_skewed
316604	TRiXi - whole blood	57	not_skewed
316611	TRiXi - whole blood	52.9	not_skewed
316613	TRiXi - whole blood	54	not_skewed
316647	TRiXi - whole blood	64.5	not_skewed
316653	TRiXi - whole blood	64.3	not_skewed
316654	TRiXi - whole blood	73.3	not_skewed
316662	TRiXi - whole blood	56.75	not_skewed
316676	TRiXi - whole blood	54.85	not_skewed
316683	TRiXi - whole blood	54.75	not_skewed
316689	TRiXi - whole blood	64.7	not_skewed
316700	TRiXi - whole blood	73	not_skewed
316707	TRiXi - whole blood	60.9	not_skewed
316714	TRiXi - whole blood	63.3	not_skewed
316721	TRiXi - whole blood	51.7	not_skewed
316732	TRiXi - whole blood	51.8	not_skewed
316755	TRiXi - whole blood	71.7	not_skewed
316765	TRiXi - whole blood	66.2	not_skewed
316769	TRiXi - whole blood	63.3	not_skewed
316785	TRiXi - whole blood	62.3	not_skewed
316795	TRiXi - whole blood	69.15	not_skewed
316798	TRiXi - whole blood	60.2	not_skewed
316803	TRiXi - whole blood	83.6	not_skewed
316819	TRiXi - whole blood	72.9	not_skewed
316820	TRiXi - whole blood	69.4	not_skewed
316849	TRiXi - whole blood	53.1	not_skewed
316856	TRiXi - whole blood	58.2	not_skewed
316914	TRiXi - whole blood	63.7	not_skewed
316960	TRiXi - whole blood	54.5	not_skewed
316970	TRiXi - whole blood	53.25	not_skewed
316972	TRiXi - whole blood	55.8	not_skewed
316977	TRiXi - whole blood	82.4	not_skewed
316984	TRiXi - whole blood	58.9	not_skewed
316987	TRiXi - whole blood	57.7	not_skewed
316994	TRiXi - whole blood	57.9	not_skewed
316997	TRiXi - whole blood	54.6	not_skewed
316998	TRiXi - whole blood	69.5	not_skewed
317006	TRiXi - whole blood	93.8	skewed
317008	TRiXi - whole blood	69.3	not_skewed
317017	TRiXi - whole blood	63.8	not_skewed
317023	TRiXi - whole blood	60.7	not_skewed
317027	TRiXi - whole blood	70.8	not_skewed
317031	TRiXi - whole blood	78.4	not_skewed
317043	TRiXi - whole blood	54.5	not_skewed
317048	TRiXi - whole blood	60.05	not_skewed
317055	TRiXi - whole blood	65.4	not_skewed
317064	TRiXi - whole blood	54.3	not_skewed
317065	TRiXi - whole blood	65.3	not_skewed
317067	TRiXi - whole blood	52.4	not_skewed
317081	TRiXi - whole blood	56.8	not_skewed
317112	TRiXi - whole blood	55.45	not_skewed
317121	TRiXi - whole blood	65	not_skewed
317134	TRiXi - whole blood	57.55	not_skewed
317158	TRiXi - whole blood	81.4	not_skewed
317159	TRiXi - whole blood	62.1	not_skewed
317205	TRiXi - whole blood	58.5	not_skewed
317218	TRiXi - whole blood	61.6	not_skewed
317258	TRiXi - whole blood	57.1	not_skewed
317280	TRiXi - whole blood	54	not_skewed
317292	TRiXi - whole blood	67.3	not_skewed
317296	TRiXi - whole blood	56.3	not_skewed
317347	TRiXi - whole blood	67.1	not_skewed
317361	TRiXi - whole blood	64.1	not_skewed
317366	TRiXi - whole blood	55.2	not_skewed
317380	TRiXi - whole blood	61.2	not_skewed
317386	TRiXi - whole blood	56.5	not_skewed
317398	TRiXi - whole blood	52.35	not_skewed
317402	TRiXi - whole blood	54.3	not_skewed
317409	TRiXi - whole blood	53.2	not_skewed
317412	TRiXi - whole blood	56.1	not_skewed
317419	TRiXi - whole blood	56.9	not_skewed
317427	TRiXi - whole blood	58	not_skewed
317450	TRiXi - whole blood	65.7	not_skewed
317457	TRiXi - whole blood	54	not_skewed
317460	TRiXi - whole blood	68	not_skewed
317464	TRiXi - whole blood	57.7	not_skewed
317491	TRiXi - whole blood	55.8	not_skewed
317501	TRiXi - whole blood	51.3	not_skewed
317513	TRiXi - whole blood	71	not_skewed
317543	TRiXi - whole blood	60.3	not_skewed
317551	TRiXi - whole blood	52.1	not_skewed
317568	TRiXi - whole blood	73.5	not_skewed
317597	TRiXi - whole blood	75.1	not_skewed
317607	TRiXi - whole blood	59	not_skewed
317624	TRiXi - whole blood	61	not_skewed
317631	TRiXi - whole blood	85.1	not_skewed
317661	TRiXi - whole blood	56.3	not_skewed
317669	TRiXi - whole blood	56.6	not_skewed
317671	TRiXi - whole blood	78.35	not_skewed
317674	TRiXi - whole blood	61.3	not_skewed
317689	TRiXi - whole blood	70.9	not_skewed
317706	TRiXi - whole blood	56.5	not_skewed
317710	TRiXi - whole blood	66.1	not_skewed
317711	TRiXi - whole blood	63.3	not_skewed
317722	TRiXi - whole blood	68.6	not_skewed
317727	TRiXi - whole blood	76.6	not_skewed
317734	TRiXi - whole blood	70.6	not_skewed
317740	TRiXi - whole blood	57	not_skewed
317766	TRiXi - whole blood	53.75	not_skewed
317767	TRiXi - whole blood	58.5	not_skewed
317779	TRiXi - whole blood	80.3	not_skewed
317803	TRiXi - whole blood	56.4	not_skewed
317824	TRiXi - whole blood	67.7	not_skewed
317838	TRiXi - whole blood	55.85	not_skewed
317855	TRiXi - whole blood	57	not_skewed
317904	TRiXi - whole blood	59.65	not_skewed
317910	TRiXi - whole blood	59	not_skewed
317913	TRiXi - whole blood	54.65	not_skewed
317917	TRiXi - whole blood	59.6	not_skewed
317935	TRiXi - whole blood	55.95	not_skewed
317958	TRiXi - whole blood	61.7	not_skewed
318025	TRiXi - whole blood	75.95	not_skewed
318030	TRiXi - whole blood	66.8	not_skewed
318034	TRiXi - whole blood	83.1	not_skewed
318035	TRiXi - whole blood	60.5	not_skewed
318050	TRiXi - whole blood	65.4	not_skewed
318058	TRiXi - whole blood	60.2	not_skewed
318075	TRiXi - whole blood	57.3	not_skewed
318085	TRiXi - whole blood	56.9	not_skewed
318088	TRiXi - whole blood	63.75	not_skewed
318095	TRiXi - whole blood	76.75	not_skewed
318113	TRiXi - whole blood	62.7	not_skewed
318120	TRiXi - whole blood	64	not_skewed
318126	TRiXi - whole blood	60.8	not_skewed
318136	TRiXi - whole blood	70.6	not_skewed
318150	TRiXi - whole blood	70.4	not_skewed
318160	TRiXi - whole blood	58.1	not_skewed
318165	TRiXi - whole blood	76.4	not_skewed
318176	TRiXi - whole blood	61.4	not_skewed
318198	TRiXi - whole blood	53.5	not_skewed
318205	TRiXi - whole blood	71	not_skewed
318250	TRiXi - whole blood	74.2	not_skewed
318257	TRiXi - whole blood	52	not_skewed
318271	TRiXi - whole blood	58.75	not_skewed
318288	TRiXi - whole blood	61.6	not_skewed
318290	TRiXi - whole blood	59.25	not_skewed
318291	TRiXi - whole blood	54	not_skewed
318292	TRiXi - whole blood	53.9	not_skewed
318322	TRiXi - whole blood	62.6	not_skewed
318326	TRiXi - whole blood	65.1	not_skewed
318328	TRiXi - whole blood	66.6	not_skewed
318329	TRiXi - whole blood	68.9	not_skewed
318333	TRiXi - whole blood	54.5	not_skewed
318344	TRiXi - whole blood	65.5	not_skewed
318351	TRiXi - whole blood	57.2	not_skewed
318374	TRiXi - whole blood	53.25	not_skewed
318417	TRiXi - whole blood	63.7	not_skewed
318422	TRiXi - whole blood	70.4	not_skewed
318433	TRiXi - whole blood	56.5	not_skewed
318450	TRiXi - whole blood	50.4	not_skewed
318458	TRiXi - whole blood	53.4	not_skewed
318466	TRiXi - whole blood	77.3	not_skewed
318470	TRiXi - whole blood	63.8	not_skewed
318485	TRiXi - whole blood	66.1	not_skewed
318489	TRiXi - whole blood	53.65	not_skewed
318523	TRiXi - whole blood	61.8	not_skewed
318531	TRiXi - whole blood	80.45	not_skewed
318573	TRiXi - whole blood	60.2	not_skewed
318580	TRiXi - whole blood	63.6	not_skewed
318581	TRiXi - whole blood	63.5	not_skewed
318600	TRiXi - whole blood	72.7	not_skewed
318609	TRiXi - whole blood	80.3	not_skewed
318625	TRiXi - whole blood	56.25	not_skewed
318641	TRiXi - whole blood	55.9	not_skewed
318642	TRiXi - whole blood	52.45	not_skewed
318643	TRiXi - whole blood	65.2	not_skewed
318662	TRiXi - whole blood	56.3	not_skewed
318680	TRiXi - whole blood	77.9	not_skewed
318689	TRiXi - whole blood	64.7	not_skewed
318726	TRiXi - whole blood	68.5	not_skewed
318730	TRiXi - whole blood	61.5	not_skewed
318736	TRiXi - whole blood	58	not_skewed
318745	TRiXi - whole blood	83.7	not_skewed
318761	TRiXi - whole blood	57.6	not_skewed
318765	TRiXi - whole blood	72.4	not_skewed
318766	TRiXi - whole blood	53.25	not_skewed
318793	TRiXi - whole blood	58.8	not_skewed
318799	TRiXi - whole blood	52.2	not_skewed
318810	TRiXi - whole blood	59.8	not_skewed
318825	TRiXi - whole blood	50.9	not_skewed
318852	TRiXi - whole blood	63.7	not_skewed
318863	TRiXi - whole blood	62.05	not_skewed
318889	TRiXi - whole blood	62.5	not_skewed
319015	TRiXi - whole blood	58.8	not_skewed
319023	TRiXi - whole blood	58.75	not_skewed
319037	TRiXi - whole blood	54.7	not_skewed
319042	TRiXi - whole blood	58.9	not_skewed
319056	TRiXi - whole blood	60.5	not_skewed
319064	TRiXi - whole blood	73.1	not_skewed
319082	TRiXi - whole blood	57.85	not_skewed
319096	TRiXi - whole blood	55.05	not_skewed
319141	TRiXi - whole blood	75.6	not_skewed
319153	TRiXi - whole blood	62.9	not_skewed
319155	TRiXi - whole blood	74.8	not_skewed
319165	TRiXi - whole blood	57.2	not_skewed
319170	TRiXi - whole blood	73.15	not_skewed
319187	TRiXi - whole blood	61.7	not_skewed
319189	TRiXi - whole blood	54.3	not_skewed
319231	TRiXi - whole blood	56.5	not_skewed
319235	TRiXi - whole blood	52.4	not_skewed
319250	TRiXi - whole blood	78	not_skewed
319321	TRiXi - whole blood	63.65	not_skewed
319325	TRiXi - whole blood	56.75	not_skewed
319329	TRiXi - whole blood	73	not_skewed
319334	TRiXi - whole blood	53.5	not_skewed
319345	TRiXi - whole blood	80.65	not_skewed
319356	TRiXi - whole blood	58.5	not_skewed
319361	TRiXi - whole blood	59.9	not_skewed
319367	TRiXi - whole blood	53.5	not_skewed
319408	TRiXi - whole blood	63.65	not_skewed
319433	TRiXi - whole blood	69.9	not_skewed
319459	TRiXi - whole blood	71.1	not_skewed
319470	TRiXi - whole blood	62.55	not_skewed
319471	TRiXi - whole blood	53.5	not_skewed
319489	TRiXi - whole blood	64.65	not_skewed
319512	TRiXi - whole blood	70.6	not_skewed
319525	TRiXi - whole blood	62.1	not_skewed
319532	TRiXi - whole blood	55.1	not_skewed
319569	TRiXi - whole blood	55.15	not_skewed
319592	TRiXi - whole blood	72.1	not_skewed
319607	TRiXi - whole blood	65.75	not_skewed
319638	TRiXi - whole blood	69	not_skewed
319678	TRiXi - whole blood	66.5	not_skewed
319681	TRiXi - whole blood	63.5	not_skewed
319689	TRiXi - whole blood	55.1	not_skewed
319691	TRiXi - whole blood	60	not_skewed
319707	TRiXi - whole blood	66.4	not_skewed
319710	TRiXi - whole blood	61.1	not_skewed
319748	TRiXi - whole blood	61.4	not_skewed
319806	TRiXi - whole blood	62	not_skewed
319814	TRiXi - whole blood	59.1	not_skewed
319820	TRiXi - whole blood	69.4	not_skewed
319822	TRiXi - whole blood	56.65	not_skewed
319824	TRiXi - whole blood	68.7	not_skewed
319827	TRiXi - whole blood	60.3	not_skewed
319830	TRiXi - whole blood	69.4	not_skewed
319875	TRiXi - whole blood	55.5	not_skewed
320229	TRiXi - whole blood	79.55	not_skewed
320233	TRiXi - whole blood	65.9	not_skewed
320234	TRiXi - whole blood	56.6	not_skewed
320248	TRiXi - whole blood	91.5	skewed
320254	TRiXi - whole blood	62.1	not_skewed
320255	TRiXi - whole blood	67.05	not_skewed
320256	TRiXi - whole blood	61	not_skewed
320277	TRiXi - whole blood	64.1	not_skewed
320280	TRiXi - whole blood	97.4	skewed
320290	TRiXi - whole blood	76.4	not_skewed
320345	TRiXi - whole blood	69.05	not_skewed
320357	TRiXi - whole blood	53.5	not_skewed
320362	TRiXi - whole blood	78.65	not_skewed
320376	TRiXi - whole blood	66.1	not_skewed
320420	TRiXi - whole blood	60.3	not_skewed
320468	TRiXi - whole blood	60.95	not_skewed
320486	TRiXi - whole blood	59.3	not_skewed
320511	TRiXi - whole blood	64.4	not_skewed
320525	TRiXi - whole blood	63.6	not_skewed
320560	TRiXi - whole blood	65.7	not_skewed
320564	TRiXi - whole blood	67.65	not_skewed
320566	TRiXi - whole blood	51.8	not_skewed
320570	TRiXi - whole blood	64.2	not_skewed
320574	TRiXi - whole blood	96.1	skewed
320601	TRiXi - whole blood	52.35	not_skewed
320607	TRiXi - whole blood	57.65	not_skewed
320658	TRiXi - whole blood	70.8	not_skewed
320668	TRiXi - whole blood	68.5	not_skewed
320678	TRiXi - whole blood	63.85	not_skewed
320822	TRiXi - whole blood	69	not_skewed
320832	TRiXi - whole blood	67	not_skewed
320835	TRiXi - whole blood	58.45	not_skewed
320841	TRiXi - whole blood	53.9	not_skewed
320843	TRiXi - whole blood	64.9	not_skewed
320862	TRiXi - whole blood	56.25	not_skewed
320864	TRiXi - whole blood	78.3	not_skewed
320888	TRiXi - whole blood	71.8	not_skewed
320891	TRiXi - whole blood	63.9	not_skewed
320896	TRiXi - whole blood	59.5	not_skewed
320901	TRiXi - whole blood	57.1	not_skewed
320902	TRiXi - whole blood	77.6	not_skewed
321022	TRiXi - whole blood	84.3	not_skewed
321051	TRiXi - whole blood	62.2	not_skewed
321053	TRiXi - whole blood	55.1	not_skewed
321063	TRiXi - whole blood	54.4	not_skewed
321094	TRiXi - whole blood	52.5	not_skewed
321433	TRiXi - whole blood	60.35	not_skewed
321465	TRiXi - whole blood	68.25	not_skewed
321467	TRiXi - whole blood	60	not_skewed
321469	TRiXi - whole blood	70.7	not_skewed
321478	TRiXi - whole blood	68.35	not_skewed
321834	TRiXi - whole blood	70.2	not_skewed
321841	TRiXi - whole blood	74.3	not_skewed
321852	TRiXi - whole blood	63.5	not_skewed
321883	TRiXi - whole blood	53.4	not_skewed
321890	TRiXi - whole blood	65.85	not_skewed
321922	TRiXi - whole blood	64.45	not_skewed
321932	TRiXi - whole blood	56.85	not_skewed
321945	TRiXi - whole blood	57.9	not_skewed
321954	TRiXi - whole blood	55.9	not_skewed
321957	TRiXi - whole blood	64	not_skewed
321967	TRiXi - whole blood	67.95	not_skewed
321976	TRiXi - whole blood	73.35	not_skewed
321977	TRiXi - whole blood	53.25	not_skewed
321984	TRiXi - whole blood	54.5	not_skewed
321987	TRiXi - whole blood	52.9	not_skewed
321992	TRiXi - whole blood	63.1	not_skewed
321994	TRiXi - whole blood	75.15	not_skewed
322012	TRiXi - whole blood	75.3	not_skewed
322039	TRiXi - whole blood	72.45	not_skewed
322043	TRiXi - whole blood	70.8	not_skewed
322082	TRiXi - whole blood	59.8	not_skewed
322327	TRiXi - whole blood	57.2	not_skewed
322347	TRiXi - whole blood	59.5	not_skewed
322354	TRiXi - whole blood	69.3	not_skewed
322365	TRiXi - whole blood	55.7	not_skewed
322384	TRiXi - whole blood	62.5	not_skewed
322394	TRiXi - whole blood	63.35	not_skewed
322411	TRiXi - whole blood	60.2	not_skewed
322421	TRiXi - whole blood	85.7	not_skewed
322464	TRiXi - whole blood	70.4	not_skewed
322620	TRiXi - whole blood	55.95	not_skewed
322646	TRiXi - whole blood	82.8	not_skewed
322671	TRiXi - whole blood	54.35	not_skewed
322730	TRiXi - whole blood	58.75	not_skewed
322731	TRiXi - whole blood	53.9	not_skewed
322738	TRiXi - whole blood	55.8	not_skewed
322757	TRiXi - whole blood	55.5	not_skewed
322784	TRiXi - whole blood	68.2	not_skewed
322828	TRiXi - whole blood	64.85	not_skewed
322829	TRiXi - whole blood	85.7	not_skewed
322835	TRiXi - whole blood	58.9	not_skewed
322860	TRiXi - whole blood	57.05	not_skewed
322892	TRiXi - whole blood	54.1	not_skewed
322910	TRiXi - whole blood	64.4	not_skewed
322920	TRiXi - whole blood	56.4	not_skewed
322960	TRiXi - whole blood	51.6	not_skewed
322978	TRiXi - whole blood	55.2	not_skewed
323213	TRiXi - whole blood	77.8	not_skewed
323240	TRiXi - whole blood	60	not_skewed
323252	TRiXi - whole blood	57.2	not_skewed
323259	TRiXi - whole blood	70.2	not_skewed
323285	TRiXi - whole blood	58.6	not_skewed
323286	TRiXi - whole blood	60.8	not_skewed
323296	TRiXi - whole blood	63.1	not_skewed
323313	TRiXi - whole blood	73.5	not_skewed
323315	TRiXi - whole blood	80.15	not_skewed
323317	TRiXi - whole blood	84.3	not_skewed
323327	TRiXi - whole blood	58.3	not_skewed
323356	TRiXi - whole blood	70.6	not_skewed
323361	TRiXi - whole blood	73.1	not_skewed
323952	TRiXi - whole blood	53.8	not_skewed
323955	TRiXi - whole blood	66.45	not_skewed
323984	TRiXi - whole blood	64	not_skewed
324002	TRiXi - whole blood	61.7	not_skewed
324003	TRiXi - whole blood	63.6	not_skewed
324010	TRiXi - whole blood	70.3	not_skewed
324048	TRiXi - whole blood	60.4	not_skewed
324062	TRiXi - whole blood	79.7	not_skewed
324064	TRiXi - whole blood	64.3	not_skewed
324066	TRiXi - whole blood	70.6	not_skewed
324074	TRiXi - whole blood	61.3	not_skewed
324093	TRiXi - whole blood	58.5	not_skewed
324122	TRiXi - whole blood	62.2	not_skewed
324126	TRiXi - whole blood	65.35	not_skewed
324147	TRiXi - whole blood	51.75	not_skewed
324188	TRiXi - whole blood	78.8	not_skewed
324192	TRiXi - whole blood	65.85	not_skewed
324196	TRiXi - whole blood	69.4	not_skewed
324215	TRiXi - whole blood	58.5	not_skewed
324228	TRiXi - whole blood	59.1	not_skewed
324249	TRiXi - whole blood	78.1	not_skewed
324251	TRiXi - whole blood	57.5	not_skewed
324408	TRiXi - whole blood	62	not_skewed
324415	TRiXi - whole blood	53.7	not_skewed
324416	TRiXi - whole blood	60.1	not_skewed
324420	TRiXi - whole blood	64.6	not_skewed
324434	TRiXi - whole blood	86.6	not_skewed
324643	TRiXi - whole blood	69.2	not_skewed
324645	TRiXi - whole blood	55.7	not_skewed
324655	TRiXi - whole blood	82.4	not_skewed
324657	TRiXi - whole blood	67.8	not_skewed
324664	TRiXi - whole blood	58.7	not_skewed
324681	TRiXi - whole blood	56	not_skewed
