sample_ID	variable	XCI pattern	change	mean_skewing_age_0_to_1_year	mean_skewing_age_14_to_16_years
1022	1	skewed	0.700000000000003	80.5	81.2
1022	2	skewed	0.700000000000003	80.5	81.2
1025	1	non-skewed	-1.2	57.2	56
1025	2	non-skewed	-1.2	57.2	56
1061	1	non-skewed	2.09999999999999	70.7	72.8
1061	2	non-skewed	2.09999999999999	70.7	72.8
1081	1	skewed	-0.299999999999997	84.8	84.5
1081	2	skewed	-0.299999999999997	84.8	84.5
1111	1	non-skewed	0.100000000000001	54.1	54.2
1111	2	non-skewed	0.100000000000001	54.1	54.2
1236	1	non-skewed	-6.1	61.6	55.5
1236	2	non-skewed	-6.1	61.6	55.5
1381	1	non-skewed	0.399999999999999	59.2	59.6
1381	2	non-skewed	0.399999999999999	59.2	59.6
1676	1	non-skewed	11.6	70.4	82
1676	2	skewed	11.6	70.4	82
1980	1	non-skewed	1.9	57.5	59.4
1980	2	non-skewed	1.9	57.5	59.4
212	1	non-skewed	9.40000000000001	69.8	79.2
212	2	skewed	9.40000000000001	69.8	79.2
2168	1	non-skewed	2.3	61.9	64.2
2168	2	non-skewed	2.3	61.9	64.2
2210	1	non-skewed	4.1	58.1	62.2
2210	2	non-skewed	4.1	58.1	62.2
229	1	skewed	4.09999999999999	77.2	81.3
229	2	skewed	4.09999999999999	77.2	81.3
2477	1	non-skewed	-5.6	58	52.4
2477	2	non-skewed	-5.6	58	52.4
2513	1	non-skewed	-2.9	57	54.1
2513	2	non-skewed	-2.9	57	54.1
256	1	non-skewed	-1.2	57.5	56.3
256	2	non-skewed	-1.2	57.5	56.3
2628	1	non-skewed	0.700000000000003	52.8	53.5
2628	2	non-skewed	0.700000000000003	52.8	53.5
2637	1	non-skewed	4.3	54.2	58.5
2637	2	non-skewed	4.3	54.2	58.5
2708	1	non-skewed	0.900000000000006	57.8	58.7
2708	2	non-skewed	0.900000000000006	57.8	58.7
304	1	non-skewed	-10.7	64.7	54
304	2	non-skewed	-10.7	64.7	54
315	1	non-skewed	15.1	61.3	76.4
315	2	skewed	15.1	61.3	76.4
3172	1	non-skewed	-1	68.2	67.2
3172	2	non-skewed	-1	68.2	67.2
323	1	non-skewed	-0.100000000000001	53.1	53
323	2	non-skewed	-0.100000000000001	53.1	53
329	1	non-skewed	-2.3	55.7	53.4
329	2	non-skewed	-2.3	55.7	53.4
335	1	non-skewed	2.4	61.6	64
335	2	non-skewed	2.4	61.6	64
357	1	non-skewed	3.8	54.9	58.7
357	2	non-skewed	3.8	54.9	58.7
3847	1	non-skewed	3.6	51.9	55.5
3847	2	non-skewed	3.6	51.9	55.5
40	1	non-skewed	-3.3	56.1	52.8
40	2	non-skewed	-3.3	56.1	52.8
4121	1	non-skewed	1.6	59.3	60.9
4121	2	non-skewed	1.6	59.3	60.9
4308	1	skewed	0.299999999999997	78.5	78.8
4308	2	skewed	0.299999999999997	78.5	78.8
4490	1	non-skewed	4.7	52.7	57.4
4490	2	non-skewed	4.7	52.7	57.4
4612	1	non-skewed	6.89999999999999	60.7	67.6
4612	2	non-skewed	6.89999999999999	60.7	67.6
4635	1	non-skewed	-7.7	63.9	56.2
4635	2	non-skewed	-7.7	63.9	56.2
479	1	non-skewed	6.90000000000001	55.3	62.2
479	2	non-skewed	6.90000000000001	55.3	62.2
480	1	non-skewed	5.2	57.2	62.4
480	2	non-skewed	5.2	57.2	62.4
511	1	non-skewed	7.7	70.5	78.2
511	2	skewed	7.7	70.5	78.2
525	1	non-skewed	-2.2	64.6	62.4
525	2	non-skewed	-2.2	64.6	62.4
5441	1	non-skewed	-0.900000000000006	62.2	61.3
5441	2	non-skewed	-0.900000000000006	62.2	61.3
566	1	non-skewed	2.3	51.5	53.8
566	2	non-skewed	2.3	51.5	53.8
5714	1	non-skewed	-6.10000000000001	64.4	58.3
5714	2	non-skewed	-6.10000000000001	64.4	58.3
5786	1	non-skewed	11.7	63.5	75.2
5786	2	skewed	11.7	63.5	75.2
604	1	non-skewed	-7.2	58.8	51.6
604	2	non-skewed	-7.2	58.8	51.6
662	1	non-skewed	0.599999999999994	68.5	69.1
662	2	non-skewed	0.599999999999994	68.5	69.1
698	1	non-skewed	-4.2	58.4	54.2
698	2	non-skewed	-4.2	58.4	54.2
794	1	non-skewed	5	62	67
794	2	non-skewed	5	62	67
802	1	non-skewed	-5.3	56.8	51.5
802	2	non-skewed	-5.3	56.8	51.5
822	1	non-skewed	-1.6	62.6	61
822	2	non-skewed	-1.6	62.6	61
850	1	non-skewed	0.600000000000001	52.8	53.4
850	2	non-skewed	0.600000000000001	52.8	53.4
864	1	skewed	-1.7	76.2	74.5
864	2	non-skewed	-1.7	76.2	74.5
879	1	non-skewed	-1.9	58.3	56.4
879	2	non-skewed	-1.9	58.3	56.4
