participant	variable	n	min	max	median	iqr	mean	sd	se	ci
GTEX-1117F	median	13	0.124	0.375	0.25	0.086	0.256	0.081	0.023	0.049
GTEX-1122O	median	24	0.071	0.4	0.17	0.142	0.183	0.089	0.018	0.038
GTEX-1128S	median	15	0.071	0.391	0.157	0.074	0.156	0.081	0.021	0.045
GTEX-113JC	median	10	0.077	0.191	0.153	0.033	0.154	0.033	0.011	0.024
GTEX-11DXX	median	27	0.053	0.28	0.084	0.042	0.107	0.064	0.012	0.025
GTEX-11EM3	median	23	0.067	0.371	0.107	0.127	0.15	0.091	0.019	0.039
GTEX-11EMC	median	26	0.063	0.482	0.158	0.124	0.182	0.098	0.019	0.04
GTEX-11I78	median	23	0.059	0.389	0.125	0.112	0.139	0.079	0.017	0.034
GTEX-11P81	median	23	0.142	0.355	0.294	0.062	0.286	0.054	0.011	0.023
GTEX-11TTK	median	18	0.071	0.376	0.221	0.1	0.212	0.082	0.019	0.041
GTEX-11UD1	median	7	0.192	0.409	0.222	0.04	0.248	0.074	0.028	0.069
GTEX-11VI4	median	19	0.071	0.287	0.158	0.095	0.165	0.067	0.015	0.032
GTEX-11XUK	median	17	0.067	0.375	0.183	0.085	0.189	0.086	0.021	0.044
GTEX-11ZTS	median	26	0.055	0.355	0.1	0.035	0.113	0.061	0.012	0.025
GTEX-11ZTT	median	15	0.062	0.322	0.099	0.103	0.132	0.077	0.02	0.043
GTEX-11ZVC	median	20	0.043	0.377	0.12	0.082	0.125	0.074	0.016	0.034
GTEX-1211K	median	23	0.062	0.406	0.115	0.1	0.143	0.086	0.018	0.037
GTEX-1269C	median	16	0.056	0.347	0.137	0.131	0.163	0.084	0.021	0.045
GTEX-12WS9	median	20	0.068	0.359	0.152	0.126	0.184	0.088	0.02	0.041
GTEX-12WSB	median	17	0.11	0.338	0.192	0.084	0.2	0.066	0.016	0.034
GTEX-12WSG	median	19	0.044	0.413	0.167	0.077	0.178	0.084	0.019	0.04
GTEX-12WSJ	median	15	0.056	0.2	0.106	0.044	0.112	0.04	0.01	0.022
GTEX-12WSK	median	22	0.068	0.367	0.171	0.107	0.183	0.088	0.019	0.039
GTEX-12ZZX	median	30	0.05	0.26	0.082	0.055	0.104	0.055	0.01	0.02
GTEX-13113	median	20	0.056	0.469	0.168	0.055	0.194	0.092	0.021	0.043
GTEX-1313W	median	28	0.06	0.324	0.211	0.072	0.207	0.066	0.012	0.026
GTEX-131XG	median	24	0.056	0.404	0.165	0.158	0.187	0.105	0.021	0.044
GTEX-131XW	median	17	0.12	0.5	0.385	0.142	0.377	0.102	0.025	0.052
GTEX-132AR	median	24	0.071	0.34	0.167	0.083	0.175	0.074	0.015	0.031
GTEX-133LE	median	17	0.072	0.34	0.119	0.147	0.171	0.092	0.022	0.047
GTEX-1399S	median	23	0.057	0.363	0.143	0.103	0.16	0.081	0.017	0.035
GTEX-1399U	median	27	0.044	0.308	0.125	0.07	0.131	0.059	0.011	0.023
GTEX-139D8	median	12	0.079	0.333	0.226	0.035	0.22	0.065	0.019	0.041
GTEX-139T4	median	6	0.22	0.349	0.264	0.053	0.271	0.047	0.019	0.049
GTEX-13CF3	median	23	0.065	0.399	0.178	0.09	0.204	0.093	0.019	0.04
GTEX-13D11	median	25	0.065	0.343	0.141	0.129	0.169	0.083	0.017	0.034
GTEX-13FH7	median	23	0.054	0.202	0.109	0.09	0.118	0.05	0.011	0.022
GTEX-13FTX	median	14	0.054	0.458	0.102	0.125	0.149	0.114	0.031	0.066
GTEX-13FTY	median	14	0.086	0.423	0.18	0.066	0.206	0.103	0.028	0.06
GTEX-13JUV	median	20	0.071	0.289	0.13	0.13	0.15	0.071	0.016	0.033
GTEX-13N11	median	21	0.067	0.414	0.118	0.078	0.156	0.104	0.023	0.047
GTEX-13NZ8	median	11	0.069	0.3	0.125	0.049	0.139	0.066	0.02	0.045
GTEX-13O3O	median	27	0.06	0.421	0.141	0.071	0.154	0.087	0.017	0.035
GTEX-13OVI	median	22	0.048	0.2	0.087	0.058	0.106	0.045	0.01	0.02
GTEX-13PL6	median	11	0.065	0.214	0.1	0.105	0.129	0.058	0.018	0.039
GTEX-13PL7	median	20	0.042	0.335	0.129	0.088	0.155	0.089	0.02	0.042
GTEX-13PLJ	median	9	0.367	0.5	0.5	0.023	0.479	0.043	0.014	0.033
GTEX-13PVR	median	24	0.054	0.436	0.144	0.119	0.165	0.099	0.02	0.042
GTEX-13QBU	median	24	0.049	0.176	0.108	0.048	0.109	0.035	0.007	0.015
GTEX-13QIC	median	15	0.045	0.199	0.083	0.055	0.096	0.046	0.012	0.025
GTEX-13QJC	median	16	0.054	0.377	0.16	0.128	0.163	0.092	0.023	0.049
GTEX-13S7M	median	20	0.048	0.195	0.103	0.046	0.106	0.04	0.009	0.019
GTEX-13SLX	median	25	0.084	0.413	0.192	0.075	0.202	0.082	0.016	0.034
GTEX-13U4I	median	24	0.045	0.208	0.084	0.06	0.104	0.048	0.01	0.02
GTEX-13VXT	median	22	0.064	0.389	0.168	0.103	0.18	0.087	0.019	0.038
GTEX-13W3W	median	25	0.05	0.438	0.094	0.06	0.122	0.084	0.017	0.035
GTEX-13X6H	median	17	0.045	0.282	0.116	0.072	0.129	0.065	0.016	0.033
GTEX-13X6K	median	25	0.055	0.174	0.082	0.025	0.085	0.025	0.005	0.01
GTEX-145LS	median	26	0.047	0.292	0.104	0.067	0.118	0.06	0.012	0.024
GTEX-145MI	median	16	0.1	0.402	0.212	0.125	0.225	0.088	0.022	0.047
GTEX-146FH	median	21	0.081	0.375	0.248	0.099	0.237	0.077	0.017	0.035
GTEX-146FR	median	18	0.056	0.377	0.169	0.147	0.189	0.101	0.024	0.05
GTEX-147F3	median	11	0.068	0.403	0.111	0.072	0.145	0.101	0.03	0.068
GTEX-148VI	median	11	0.086	0.331	0.188	0.1	0.184	0.07	0.021	0.047
GTEX-14A5I	median	15	0.071	0.392	0.155	0.156	0.193	0.102	0.026	0.056
GTEX-14AS3	median	21	0.064	0.25	0.097	0.062	0.118	0.056	0.012	0.025
GTEX-14BIM	median	22	0.132	0.414	0.228	0.068	0.24	0.072	0.015	0.032
GTEX-14BIN	median	27	0.034	0.214	0.083	0.062	0.099	0.045	0.009	0.018
GTEX-14BMU	median	23	0.06	0.369	0.108	0.06	0.135	0.073	0.015	0.032
GTEX-14DAQ	median	30	0.114	0.387	0.24	0.137	0.24	0.078	0.014	0.029
GTEX-14H4A	median	12	0.134	0.403	0.261	0.098	0.267	0.082	0.024	0.052
GTEX-14JG6	median	21	0.056	0.291	0.114	0.106	0.135	0.069	0.015	0.031
GTEX-14LLW	median	16	0.074	0.317	0.18	0.134	0.184	0.078	0.02	0.042
GTEX-14LZ3	median	16	0.157	0.5	0.307	0.131	0.305	0.089	0.022	0.048
GTEX-14PHW	median	8	0.148	0.46	0.246	0.118	0.252	0.105	0.037	0.087
GTEX-14PHY	median	13	0.073	0.397	0.18	0.12	0.213	0.102	0.028	0.061
GTEX-14PJ5	median	13	0.12	0.429	0.219	0.08	0.238	0.084	0.023	0.051
GTEX-14PJ6	median	20	0.066	0.412	0.154	0.084	0.173	0.079	0.018	0.037
GTEX-14PK6	median	21	0.046	0.386	0.106	0.119	0.139	0.083	0.018	0.038
GTEX-14PKU	median	15	0.049	0.196	0.096	0.064	0.103	0.048	0.012	0.026
GTEX-14PKV	median	13	0.06	0.36	0.208	0.164	0.189	0.105	0.029	0.063
GTEX-14PN3	median	19	0.04	0.375	0.164	0.13	0.158	0.092	0.021	0.044
GTEX-14PQA	median	12	0.057	0.366	0.09	0.027	0.115	0.082	0.024	0.052
GTEX-14XAO	median	15	0.056	0.382	0.088	0.106	0.13	0.086	0.022	0.048
GTEX-15CHC	median	18	0.071	0.429	0.266	0.107	0.249	0.087	0.02	0.043
GTEX-15DCD	median	19	0.102	0.328	0.225	0.088	0.228	0.062	0.014	0.03
GTEX-15DCZ	median	12	0.059	0.266	0.108	0.043	0.117	0.055	0.016	0.035
GTEX-15DDE	median	18	0.062	0.289	0.124	0.095	0.146	0.064	0.015	0.032
GTEX-15DYW	median	29	0.1	0.371	0.25	0.093	0.249	0.071	0.013	0.027
GTEX-15DZA	median	13	0.071	0.3	0.095	0.026	0.123	0.07	0.019	0.042
GTEX-15EOM	median	10	0.043	0.274	0.12	0.067	0.12	0.065	0.021	0.047
GTEX-15ETS	median	13	0.063	0.483	0.212	0.159	0.219	0.12	0.033	0.073
GTEX-15FZZ	median	13	0.125	0.403	0.263	0.11	0.27	0.077	0.021	0.047
GTEX-15SB6	median	12	0.067	0.355	0.163	0.149	0.182	0.091	0.026	0.058
GTEX-15SDE	median	11	0.056	0.25	0.115	0.076	0.126	0.06	0.018	0.04
GTEX-15SHU	median	20	0.056	0.333	0.14	0.125	0.169	0.078	0.017	0.037
GTEX-15UF6	median	19	0.056	0.341	0.086	0.086	0.12	0.068	0.016	0.033
GTEX-16A39	median	4	0.065	0.269	0.132	0.143	0.149	0.099	0.05	0.158
GTEX-16BQI	median	13	0.123	0.462	0.271	0.085	0.297	0.092	0.026	0.056
GTEX-16MT8	median	18	0.095	0.5	0.17	0.133	0.21	0.105	0.025	0.052
GTEX-16MT9	median	4	0.071	0.185	0.117	0.032	0.123	0.047	0.023	0.075
GTEX-16NGA	median	22	0.223	0.457	0.332	0.102	0.329	0.064	0.014	0.029
GTEX-16NPV	median	14	0.1	0.25	0.164	0.08	0.165	0.049	0.013	0.028
GTEX-17F98	median	17	0.071	0.291	0.136	0.101	0.149	0.063	0.015	0.033
GTEX-17F9Y	median	13	0.051	0.167	0.1	0.044	0.101	0.034	0.01	0.021
GTEX-17HG3	median	23	0.088	0.407	0.261	0.122	0.258	0.083	0.017	0.036
GTEX-17JCI	median	25	0.068	0.239	0.139	0.063	0.136	0.043	0.009	0.018
GTEX-183WM	median	22	0.071	0.342	0.108	0.094	0.153	0.092	0.02	0.041
GTEX-18A7A	median	23	0.056	0.389	0.154	0.067	0.158	0.078	0.016	0.034
GTEX-18D9A	median	19	0.056	0.403	0.083	0.055	0.117	0.082	0.019	0.039
GTEX-19HZE	median	11	0.06	0.4	0.168	0.145	0.18	0.105	0.032	0.07
GTEX-1A32A	median	21	0.077	0.458	0.2	0.158	0.23	0.101	0.022	0.046
GTEX-1A3MW	median	15	0.062	0.47	0.134	0.132	0.173	0.109	0.028	0.061
GTEX-1A8FM	median	20	0.056	0.259	0.108	0.062	0.124	0.051	0.011	0.024
GTEX-1AMEY	median	18	0.046	0.278	0.088	0.042	0.106	0.056	0.013	0.028
GTEX-1AMFI	median	23	0.056	0.3	0.13	0.109	0.151	0.073	0.015	0.031
GTEX-1B932	median	23	0.045	0.403	0.115	0.136	0.166	0.105	0.022	0.045
GTEX-1B97J	median	19	0.056	0.318	0.111	0.118	0.149	0.073	0.017	0.035
GTEX-1C475	median	22	0.111	0.477	0.298	0.099	0.294	0.096	0.021	0.043
GTEX-1CAMS	median	23	0.069	0.4	0.25	0.072	0.238	0.081	0.017	0.035
GTEX-1CAV2	median	14	0.094	0.5	0.358	0.076	0.344	0.102	0.027	0.059
GTEX-1CB4H	median	22	0.071	0.245	0.128	0.076	0.139	0.05	0.011	0.022
GTEX-1EWIQ	median	26	0.1	0.346	0.202	0.11	0.203	0.07	0.014	0.028
GTEX-1F52S	median	20	0.04	0.244	0.078	0.028	0.094	0.046	0.01	0.021
GTEX-1F5PL	median	19	0.064	0.388	0.136	0.076	0.159	0.088	0.02	0.043
GTEX-1F6RS	median	8	0.054	0.359	0.11	0.043	0.127	0.097	0.034	0.081
GTEX-1F7RK	median	16	0.069	0.26	0.108	0.072	0.12	0.058	0.015	0.031
GTEX-1F88E	median	10	0.039	0.466	0.258	0.179	0.24	0.131	0.041	0.094
GTEX-1F88F	median	18	0.091	0.343	0.16	0.048	0.171	0.059	0.014	0.029
GTEX-1GF9U	median	21	0.066	0.461	0.212	0.188	0.231	0.123	0.027	0.056
GTEX-1GF9X	median	19	0.054	0.376	0.158	0.132	0.164	0.086	0.02	0.041
GTEX-1GN1W	median	21	0.067	0.297	0.135	0.095	0.155	0.066	0.014	0.03
GTEX-1GZ4H	median	18	0.062	0.447	0.096	0.098	0.133	0.093	0.022	0.046
GTEX-1GZHY	median	22	0.093	0.409	0.252	0.07	0.256	0.078	0.017	0.035
GTEX-1H1CY	median	25	0.05	0.402	0.117	0.111	0.156	0.088	0.018	0.036
GTEX-1H1DF	median	9	0.054	0.234	0.15	0.062	0.141	0.052	0.017	0.04
GTEX-1H2FU	median	19	0.059	0.269	0.102	0.05	0.113	0.057	0.013	0.028
GTEX-1HBPH	median	33	0.045	0.216	0.092	0.094	0.111	0.051	0.009	0.018
GTEX-1HBPM	median	25	0.045	0.278	0.157	0.099	0.152	0.062	0.012	0.026
GTEX-1HC8U	median	15	0.044	0.348	0.161	0.09	0.171	0.1	0.026	0.055
GTEX-1HCU8	median	14	0.077	0.441	0.16	0.111	0.197	0.118	0.032	0.068
GTEX-1HCUA	median	24	0.056	0.313	0.086	0.077	0.116	0.07	0.014	0.03
GTEX-1HFI7	median	22	0.157	0.443	0.304	0.096	0.303	0.085	0.018	0.038
GTEX-1HSGN	median	25	0.095	0.432	0.212	0.142	0.235	0.099	0.02	0.041
GTEX-1I1CD	median	22	0.143	0.414	0.244	0.124	0.262	0.085	0.018	0.038
GTEX-1I1GT	median	21	0.071	0.417	0.14	0.073	0.161	0.082	0.018	0.037
GTEX-1I4MK	median	21	0.111	0.475	0.361	0.106	0.353	0.089	0.019	0.041
GTEX-1ICG6	median	23	0.079	0.357	0.219	0.11	0.214	0.076	0.016	0.033
GTEX-1IDJE	median	10	0.133	0.365	0.287	0.15	0.258	0.088	0.028	0.063
GTEX-1IDJI	median	12	0.082	0.223	0.128	0.051	0.132	0.043	0.013	0.028
GTEX-1IDJU	median	26	0.056	0.282	0.141	0.113	0.152	0.073	0.014	0.03
GTEX-1IE54	median	13	0.068	0.291	0.193	0.131	0.178	0.076	0.021	0.046
GTEX-1IKOE	median	19	0.108	0.312	0.211	0.087	0.211	0.061	0.014	0.03
GTEX-1IKOH	median	15	0.266	0.499	0.367	0.068	0.369	0.055	0.014	0.031
GTEX-1J8EW	median	29	0.05	0.315	0.109	0.082	0.131	0.066	0.012	0.025
GTEX-1J8JJ	median	15	0.115	0.357	0.25	0.122	0.24	0.078	0.02	0.043
GTEX-1J8QM	median	23	0.061	0.363	0.144	0.076	0.152	0.075	0.016	0.032
GTEX-1JMOU	median	15	0.05	0.363	0.2	0.12	0.216	0.098	0.025	0.055
GTEX-1JMQL	median	15	0.075	0.357	0.125	0.069	0.149	0.079	0.02	0.044
GTEX-1JN1M	median	20	0.06	0.42	0.262	0.073	0.264	0.083	0.018	0.039
GTEX-1JN76	median	16	0.048	0.392	0.131	0.108	0.147	0.098	0.024	0.052
GTEX-1K9T9	median	25	0.066	0.242	0.126	0.067	0.138	0.052	0.01	0.021
GTEX-1KANC	median	16	0.071	0.429	0.226	0.106	0.229	0.101	0.025	0.054
GTEX-1LGOU	median	22	0.057	0.263	0.102	0.064	0.124	0.058	0.012	0.026
GTEX-1LH75	median	20	0.152	0.407	0.304	0.147	0.286	0.081	0.018	0.038
GTEX-1LKK1	median	10	0.083	0.382	0.198	0.1	0.199	0.093	0.029	0.067
GTEX-1LNCM	median	11	0.052	0.242	0.107	0.084	0.138	0.063	0.019	0.042
GTEX-1LVAM	median	13	0.051	0.352	0.083	0.075	0.132	0.1	0.028	0.061
GTEX-1LVAN	median	24	0.069	0.407	0.169	0.102	0.187	0.094	0.019	0.04
GTEX-1MA7W	median	13	0.067	0.385	0.173	0.081	0.171	0.087	0.024	0.053
GTEX-1MCC2	median	19	0.061	0.428	0.125	0.121	0.174	0.117	0.027	0.056
GTEX-1MCYP	median	13	0.067	0.211	0.083	0.041	0.105	0.046	0.013	0.028
GTEX-1NUQO	median	10	0.057	0.354	0.166	0.075	0.191	0.098	0.031	0.07
GTEX-1NV5F	median	9	0.083	0.397	0.154	0.081	0.187	0.107	0.036	0.082
GTEX-1OJC4	median	16	0.056	0.3	0.094	0.073	0.12	0.076	0.019	0.041
GTEX-1PBJI	median	11	0.136	0.457	0.278	0.116	0.271	0.094	0.028	0.063
GTEX-1PIEJ	median	11	0.07	0.314	0.116	0.122	0.159	0.09	0.027	0.061
GTEX-1POEN	median	15	0.06	0.186	0.109	0.047	0.107	0.036	0.009	0.02
GTEX-1QCLZ	median	20	0.04	0.203	0.093	0.062	0.102	0.047	0.011	0.022
GTEX-1QEPI	median	17	0.068	0.206	0.115	0.078	0.125	0.043	0.01	0.022
GTEX-1QP28	median	18	0.055	0.427	0.112	0.052	0.134	0.087	0.02	0.043
GTEX-1QP67	median	13	0.063	0.167	0.088	0.045	0.103	0.034	0.009	0.02
GTEX-1QPFJ	median	26	0.068	0.387	0.162	0.107	0.169	0.08	0.016	0.032
GTEX-1R46S	median	18	0.153	0.46	0.303	0.086	0.303	0.078	0.018	0.039
GTEX-1R9JW	median	18	0.052	0.238	0.085	0.053	0.102	0.048	0.011	0.024
GTEX-1R9PN	median	9	0.071	0.21	0.123	0.032	0.128	0.048	0.016	0.037
GTEX-1R9PO	median	15	0.045	0.152	0.081	0.034	0.086	0.03	0.008	0.017
GTEX-1RDX4	median	15	0.083	0.314	0.19	0.113	0.207	0.073	0.019	0.04
GTEX-1RNTQ	median	5	0.111	0.28	0.203	0.075	0.189	0.066	0.03	0.083
GTEX-1S5ZU	median	7	0.114	0.204	0.149	0.046	0.156	0.033	0.013	0.031
GTEX-1S82P	median	12	0.07	0.335	0.145	0.096	0.168	0.088	0.025	0.056
GTEX-1S82U	median	7	0.079	0.335	0.167	0.036	0.186	0.078	0.029	0.072
GTEX-1S82Z	median	6	0.136	0.28	0.225	0.079	0.223	0.057	0.023	0.06
GTEX-NL3G	median	4	0.108	0.316	0.178	0.086	0.195	0.089	0.045	0.142
GTEX-OHPL	median	16	0.056	0.412	0.164	0.15	0.183	0.103	0.026	0.055
GTEX-OHPN	median	23	0.042	0.25	0.106	0.047	0.115	0.051	0.011	0.022
GTEX-P78B	median	18	0.067	0.372	0.18	0.107	0.183	0.08	0.019	0.04
GTEX-POMQ	median	14	0.062	0.311	0.103	0.032	0.116	0.06	0.016	0.035
GTEX-PWCY	median	18	0.058	0.3	0.149	0.123	0.155	0.076	0.018	0.038
GTEX-PWN1	median	14	0.13	0.424	0.288	0.135	0.27	0.094	0.025	0.054
GTEX-PWO3	median	11	0.071	0.25	0.125	0.06	0.134	0.052	0.016	0.035
GTEX-PX3G	median	21	0.071	0.311	0.106	0.059	0.127	0.064	0.014	0.029
GTEX-QCQG	median	18	0.06	0.222	0.09	0.07	0.108	0.049	0.011	0.024
GTEX-R45C	median	6	0.092	0.239	0.18	0.051	0.176	0.052	0.021	0.054
GTEX-S4P3	median	14	0.08	0.464	0.198	0.096	0.202	0.098	0.026	0.056
GTEX-SN8G	median	10	0.083	0.449	0.244	0.236	0.237	0.132	0.042	0.094
GTEX-T2IS	median	22	0.056	0.295	0.094	0.092	0.122	0.07	0.015	0.031
GTEX-TML8	median	13	0.077	0.4	0.192	0.093	0.207	0.095	0.026	0.058
GTEX-TMMY	median	18	0.056	0.319	0.145	0.109	0.148	0.081	0.019	0.04
GTEX-UJHI	median	18	0.056	0.206	0.1	0.037	0.104	0.039	0.009	0.02
GTEX-UPIC	median	15	0.5	0.5	0.5	0	0.5	0	0	0
GTEX-VJWN	median	9	0.064	0.446	0.113	0.115	0.152	0.121	0.04	0.093
GTEX-WI4N	median	15	0.063	0.174	0.115	0.082	0.119	0.044	0.011	0.024
GTEX-WRHK	median	11	0.116	0.25	0.144	0.06	0.164	0.046	0.014	0.031
GTEX-WRHU	median	13	0.083	0.324	0.102	0.037	0.132	0.066	0.018	0.04
GTEX-WXYG	median	18	0.05	0.324	0.108	0.068	0.134	0.075	0.018	0.037
GTEX-WYBS	median	11	0.074	0.318	0.088	0.063	0.126	0.077	0.023	0.052
GTEX-X638	median	5	0.104	0.373	0.186	0.089	0.2	0.106	0.048	0.132
GTEX-X8HC	median	14	0.071	0.267	0.157	0.087	0.163	0.066	0.018	0.038
GTEX-XMD2	median	9	0.065	0.269	0.147	0.073	0.143	0.066	0.022	0.051
GTEX-XOT4	median	11	0.08	0.315	0.167	0.11	0.182	0.076	0.023	0.051
GTEX-XUJ4	median	25	0.13	0.5	0.338	0.158	0.329	0.105	0.021	0.043
GTEX-XUW1	median	18	0.057	0.194	0.106	0.066	0.11	0.041	0.01	0.02
GTEX-XUZC	median	20	0.051	0.431	0.124	0.139	0.159	0.111	0.025	0.052
GTEX-XV7Q	median	27	0.045	0.368	0.243	0.146	0.234	0.086	0.017	0.034
GTEX-XYKS	median	22	0.042	0.338	0.125	0.085	0.134	0.078	0.017	0.035
GTEX-Y3IK	median	26	0.06	0.43	0.109	0.081	0.147	0.09	0.018	0.036
GTEX-Y5LM	median	23	0.067	0.322	0.214	0.126	0.198	0.077	0.016	0.033
GTEX-Y5V5	median	23	0.044	0.389	0.104	0.099	0.133	0.095	0.02	0.041
GTEX-Y8LW	median	19	0.043	0.269	0.102	0.037	0.111	0.054	0.012	0.026
GTEX-YB5K	median	20	0.05	0.331	0.097	0.098	0.127	0.069	0.016	0.032
GTEX-YBZK	median	4	0.083	0.183	0.13	0.089	0.132	0.054	0.027	0.086
GTEX-YJ8O	median	16	0.111	0.352	0.214	0.085	0.214	0.068	0.017	0.036
GTEX-ZAJG	median	18	0.065	0.323	0.164	0.122	0.164	0.083	0.019	0.041
GTEX-ZAK1	median	18	0.071	0.414	0.126	0.054	0.151	0.082	0.019	0.041
GTEX-ZC5H	median	20	0.056	0.354	0.167	0.111	0.166	0.075	0.017	0.035
GTEX-ZE7O	median	20	0.077	0.303	0.148	0.156	0.171	0.081	0.018	0.038
GTEX-ZF29	median	26	0.057	0.389	0.106	0.134	0.163	0.117	0.023	0.047
GTEX-ZF2S	median	23	0.066	0.31	0.125	0.1	0.146	0.065	0.014	0.028
GTEX-ZF3C	median	16	0.227	0.457	0.384	0.083	0.379	0.067	0.017	0.036
GTEX-ZGAY	median	19	0.058	0.337	0.132	0.142	0.169	0.088	0.02	0.042
GTEX-ZLV1	median	17	0.067	0.378	0.1	0.096	0.141	0.082	0.02	0.042
GTEX-ZLWG	median	24	0.071	0.326	0.13	0.094	0.149	0.074	0.015	0.031
GTEX-ZP4G	median	23	0.06	0.429	0.098	0.088	0.136	0.091	0.019	0.04
GTEX-ZPCL	median	20	0.089	0.389	0.253	0.152	0.256	0.094	0.021	0.044
GTEX-ZTPG	median	20	0.077	0.265	0.108	0.035	0.123	0.048	0.011	0.023
GTEX-ZV68	median	11	0.114	0.489	0.167	0.146	0.242	0.123	0.037	0.082
GTEX-ZV6S	median	14	0.045	0.206	0.076	0.028	0.087	0.043	0.011	0.025
GTEX-ZVT2	median	24	0.1	0.444	0.277	0.172	0.274	0.1	0.02	0.042
GTEX-ZVT3	median	23	0.047	0.312	0.111	0.074	0.119	0.067	0.014	0.029
GTEX-ZVT4	median	9	0.044	0.3	0.167	0.179	0.161	0.096	0.032	0.074
GTEX-ZVZQ	median	18	0.049	0.352	0.131	0.1	0.148	0.077	0.018	0.038
GTEX-ZXES	median	15	0.071	0.451	0.21	0.138	0.222	0.104	0.027	0.058
GTEX-ZYFG	median	22	0.097	0.5	0.276	0.12	0.274	0.097	0.021	0.043
GTEX-ZYVF	median	18	0.115	0.5	0.444	0.076	0.413	0.092	0.022	0.046
GTEX-ZYWO	median	22	0.048	0.268	0.103	0.049	0.116	0.06	0.013	0.027
GTEX-ZYY3	median	18	0.12	0.476	0.32	0.087	0.315	0.08	0.019	0.04
GTEX-ZZPU	median	20	0.435	0.5	0.498	0.025	0.487	0.018	0.004	0.008
