start	loc	tissue	type	variable	n	min	max	median	iqr	mean	sd	se	ci	blood_cells_or_no
11427771	TRiXi1	Adipocytes	CCGG	score	3	0	0.3	0.267	0.15	0.189	0.165	0.095	0.409	no
11427771	TRiXi1	Aorta_Endothel	CCGG	score	2	0.182	0.5	0.341	0.159	0.341	0.225	0.159	2.02	no
11427771	TRiXi1	Bladder_Epithelial	CCGG	score	1	0.667	0.667	0.667	0	0.667	NA	NA	NA	no
11427771	TRiXi1	Bladder_Smooth_Muscle	CCGG	score	1	0.25	0.25	0.25	0	0.25	NA	NA	NA	no
11427771	TRiXi1	Blood_B	CCGG	score	4	0.375	0.667	0.521	0.292	0.521	0.169	0.084	0.268	blood cells
11427771	TRiXi1	Blood_B_Mem	CCGG	score	4	0.625	0.714	0.669	0.089	0.669	0.051	0.026	0.082	blood cells
11427771	TRiXi1	Blood_Granulocytes	CCGG	score	4	0.2	0.231	0.216	0.031	0.216	0.018	0.009	0.028	blood cells
11427771	TRiXi1	Blood_Monocytes	CCGG	score	4	0.25	0.286	0.268	0.036	0.268	0.021	0.01	0.033	blood cells
11427771	TRiXi1	Blood_NK	CCGG	score	4	0.125	0.167	0.146	0.042	0.146	0.024	0.012	0.039	blood cells
11427771	TRiXi1	Blood_T_CD3	CCGG	score	4	0.25	0.778	0.514	0.528	0.514	0.305	0.152	0.485	blood cells
11427771	TRiXi1	Blood_T_CD4	CCGG	score	4	0.2	0.6	0.4	0.4	0.4	0.231	0.115	0.367	blood cells
11427771	TRiXi1	Blood_T_CD8	CCGG	score	4	0.273	0.615	0.444	0.342	0.444	0.197	0.099	0.314	blood cells
11427771	TRiXi1	Blood_T_CenMem_CD4	CCGG	score	4	0.455	0.5	0.478	0.045	0.478	0.026	0.013	0.041	blood cells
11427771	TRiXi1	Blood_T_EffMem_CD4	CCGG	score	4	0.4	0.438	0.419	0.038	0.419	0.022	0.011	0.035	blood cells
11427771	TRiXi1	Blood_T_EffMem_CD8	CCGG	score	4	0.375	0.625	0.5	0.25	0.5	0.144	0.072	0.23	blood cells
11427771	TRiXi1	Blood_T_Eff_CD8	CCGG	score	4	0.273	0.636	0.454	0.363	0.454	0.21	0.105	0.333	blood cells
11427771	TRiXi1	Blood_T_Naive_CD4	CCGG	score	2	0.333	0.333	0.333	0	0.333	0	0	0	blood cells
11427771	TRiXi1	Blood_T_Naive_CD8	CCGG	score	4	0	0.429	0.214	0.429	0.214	0.248	0.124	0.394	blood cells
11427771	TRiXi1	Bone_Osteoblasts	CCGG	score	1	0.231	0.231	0.231	0	0.231	NA	NA	NA	no
11427771	TRiXi1	Bone_marrow_Erythrocyte_progenitors	CCGG	score	2	0.118	0.429	0.273	0.155	0.273	0.22	0.155	1.976	blood cells
11427771	TRiXi1	Breast_Basal_Epithelial	CCGG	score	4	0	0.545	0.231	0.219	0.252	0.228	0.114	0.363	no
11427771	TRiXi1	Breast_Luminal_Epithelial	CCGG	score	3	0.19	0.533	0.444	0.171	0.389	0.178	0.103	0.442	no
11427771	TRiXi1	Colon_Left_Endocrine	CCGG	score	2	0.25	0.667	0.458	0.208	0.458	0.295	0.208	2.649	no
11427771	TRiXi1	Colon_Left_Epithelial	CCGG	score	1	0.7	0.7	0.7	0	0.7	NA	NA	NA	no
11427771	TRiXi1	Colon_Macrophages	CCGG	score	2	0.308	0.556	0.432	0.124	0.432	0.175	0.124	1.576	no
11427771	TRiXi1	Colon_Right_Endocrine	CCGG	score	1	0.556	0.556	0.556	0	0.556	NA	NA	NA	no
11427771	TRiXi1	Colon_Right_Epithelial	CCGG	score	2	0	0.444	0.222	0.222	0.222	0.314	0.222	2.821	no
11427771	TRiXi1	Coronary_Artery_Smooth_Muscle	CCGG	score	1	0.714	0.714	0.714	0	0.714	NA	NA	NA	no
11427771	TRiXi1	Cortex_Neuron	CCGG	score	1	0.333	0.333	0.333	0	0.333	NA	NA	NA	no
11427771	TRiXi1	Endometrium_Epithelial	CCGG	score	3	0.25	0.538	0.267	0.144	0.352	0.162	0.093	0.401	no
11427771	TRiXi1	Esophagus_Epithelial	CCGG	score	2	0.125	0.385	0.255	0.13	0.255	0.184	0.13	1.652	no
11427771	TRiXi1	Fallopian_Epithelial	CCGG	score	3	0.143	0.2	0.143	0.028	0.162	0.033	0.019	0.082	no
11427771	TRiXi1	Gallbladder_Epithelial	CCGG	score	1	0.231	0.231	0.231	0	0.231	NA	NA	NA	no
11427771	TRiXi1	Gastric_antrum_Endocrine	CCGG	score	1	0.333	0.333	0.333	0	0.333	NA	NA	NA	no
11427771	TRiXi1	Gastric_antrum_Epithelial	CCGG	score	3	0.143	0.75	0.538	0.303	0.477	0.308	0.178	0.765	no
11427771	TRiXi1	Gastric_body_Epithelial	CCGG	score	3	0.286	0.333	0.312	0.023	0.31	0.024	0.014	0.058	no
11427771	TRiXi1	Gastric_fundus_Epithelial	CCGG	score	3	0.25	0.6	0.5	0.175	0.45	0.18	0.104	0.448	no
11427771	TRiXi1	Heart_Fibroblasts	CCGG	score	2	0.167	0.4	0.284	0.117	0.284	0.165	0.117	1.48	no
11427771	TRiXi1	Kidney_Glomerular_Podocytes	CCGG	score	1	0.167	0.167	0.167	0	0.167	NA	NA	NA	no
11427771	TRiXi1	Kidney_Tubular_Endothel	CCGG	score	1	0.077	0.077	0.077	0	0.077	NA	NA	NA	no
11427771	TRiXi1	Liver_Endothelium	CCGG	score	1	0.316	0.316	0.316	0	0.316	NA	NA	NA	no
11427771	TRiXi1	Liver_Hepatocytes	CCGG	score	2	0.167	0.231	0.199	0.032	0.199	0.045	0.032	0.407	no
11427771	TRiXi1	Lung_Alveolar_Endothel	CCGG	score	3	0.154	0.357	0.3	0.101	0.27	0.105	0.06	0.26	no
11427771	TRiXi1	Lung_Bronchus_Epithelial	CCGG	score	1	0.05	0.05	0.05	0	0.05	NA	NA	NA	no
11427771	TRiXi1	Lung_Interstitial_Macrophages	CCGG	score	1	0.077	0.077	0.077	0	0.077	NA	NA	NA	no
11427771	TRiXi1	Lung_Pleura	CCGG	score	1	0.333	0.333	0.333	0	0.333	NA	NA	NA	no
11427771	TRiXi1	Ovary_Epithelial	CCGG	score	1	0.571	0.571	0.571	0	0.571	NA	NA	NA	no
11427771	TRiXi1	Pancreas_Acinar	CCGG	score	1	0	0	0	0	0	NA	NA	NA	no
11427771	TRiXi1	Pancreas_Alpha	CCGG	score	3	0.182	0.444	0.273	0.131	0.3	0.133	0.077	0.33	no
11427771	TRiXi1	Pancreas_Beta	CCGG	score	3	0.167	0.636	0.533	0.234	0.445	0.246	0.142	0.612	no
11427771	TRiXi1	Pancreas_Delta	CCGG	score	3	0.111	0.5	0.188	0.194	0.266	0.206	0.119	0.512	no
11427771	TRiXi1	Pancreas_Duct	CCGG	score	1	0.2	0.2	0.2	0	0.2	NA	NA	NA	no
11427771	TRiXi1	Pancreas_Endothel	CCGG	score	3	0.2	0.364	0.222	0.082	0.262	0.089	0.051	0.221	no
11427771	TRiXi1	Pancreas_Islet_Endothel	CCGG	score	1	0.231	0.231	0.231	0	0.231	NA	NA	NA	no
11427771	TRiXi1	Saphenous_Vein_Endothel	CCGG	score	2	0	0.333	0.167	0.167	0.167	0.235	0.167	2.116	no
11427771	TRiXi1	Skeletal_Muscle	CCGG	score	1	0.375	0.375	0.375	0	0.375	NA	NA	NA	no
11427771	TRiXi1	Small_int_Epithelial	CCGG	score	2	0	0.75	0.375	0.375	0.375	0.53	0.375	4.765	no
11427771	TRiXi1	Thyroid_Epithelial	CCGG	score	3	0	0.3	0.2	0.15	0.167	0.153	0.088	0.379	no
11427771	TRiXi1	Tongue_Epithelial	CCGG	score	1	0.444	0.444	0.444	0	0.444	NA	NA	NA	no
11427771	TRiXi1	Tonsil_Palatine_Epithelial	CCGG	score	1	0.357	0.357	0.357	0	0.357	NA	NA	NA	no
11427771	TRiXi1	Tonsil_Pharyngeal_Epithelial	CCGG	score	2	0.25	0.25	0.25	0	0.25	0	0	0	no
11427771	TRiXi1	WBC	CCGG	score	21	0	0.833	0.368	0.238	0.399	0.224	0.049	0.102	blood cells
21374429	TRiXi2	Adipocytes	CCGG	score	3	0.37	0.575	0.5	0.102	0.482	0.104	0.06	0.258	no
21374429	TRiXi2	Aorta_Endothel	CCGG	score	2	0.55	0.56	0.555	0.005	0.555	0.007	0.005	0.064	no
21374429	TRiXi2	Bladder_Epithelial	CCGG	score	1	0.895	0.895	0.895	0	0.895	NA	NA	NA	no
21374429	TRiXi2	Bladder_Smooth_Muscle	CCGG	score	1	0.35	0.35	0.35	0	0.35	NA	NA	NA	no
21374429	TRiXi2	Blood_B	CCGG	score	4	0.432	0.667	0.55	0.235	0.55	0.136	0.068	0.216	blood cells
21374429	TRiXi2	Blood_B_Mem	CCGG	score	4	0.4	0.562	0.481	0.162	0.481	0.094	0.047	0.149	blood cells
21374429	TRiXi2	Blood_Granulocytes	CCGG	score	4	0.371	0.619	0.495	0.248	0.495	0.143	0.072	0.228	blood cells
21374429	TRiXi2	Blood_Monocytes	CCGG	score	4	0.333	0.409	0.371	0.076	0.371	0.044	0.022	0.07	blood cells
21374429	TRiXi2	Blood_NK	CCGG	score	4	0.429	0.519	0.474	0.09	0.474	0.052	0.026	0.083	blood cells
21374429	TRiXi2	Blood_T_CD3	CCGG	score	4	0.333	0.4	0.367	0.067	0.367	0.039	0.019	0.062	blood cells
21374429	TRiXi2	Blood_T_CD4	CCGG	score	4	0.296	0.571	0.433	0.275	0.433	0.159	0.079	0.253	blood cells
21374429	TRiXi2	Blood_T_CD8	CCGG	score	4	0.609	0.8	0.705	0.191	0.705	0.11	0.055	0.175	blood cells
21374429	TRiXi2	Blood_T_CenMem_CD4	CCGG	score	4	0.474	0.621	0.547	0.147	0.547	0.085	0.042	0.135	blood cells
21374429	TRiXi2	Blood_T_EffMem_CD4	CCGG	score	4	0.714	0.8	0.757	0.086	0.757	0.05	0.025	0.079	blood cells
21374429	TRiXi2	Blood_T_EffMem_CD8	CCGG	score	4	0.308	0.75	0.529	0.442	0.529	0.255	0.128	0.406	blood cells
21374429	TRiXi2	Blood_T_Eff_CD8	CCGG	score	4	0.312	0.667	0.49	0.355	0.49	0.205	0.102	0.326	blood cells
21374429	TRiXi2	Blood_T_Naive_CD4	CCGG	score	2	0.737	0.737	0.737	0	0.737	0	0	0	blood cells
21374429	TRiXi2	Blood_T_Naive_CD8	CCGG	score	4	0	0.481	0.241	0.481	0.241	0.278	0.139	0.442	blood cells
21374429	TRiXi2	Bone_Osteoblasts	CCGG	score	1	0.714	0.714	0.714	0	0.714	NA	NA	NA	no
21374429	TRiXi2	Bone_marrow_Erythrocyte_progenitors	CCGG	score	2	0.475	0.571	0.523	0.048	0.523	0.068	0.048	0.61	blood cells
21374429	TRiXi2	Breast_Basal_Epithelial	CCGG	score	4	0.4	0.6	0.507	0.115	0.504	0.089	0.044	0.142	no
21374429	TRiXi2	Breast_Luminal_Epithelial	CCGG	score	3	0.385	0.667	0.429	0.141	0.494	0.152	0.088	0.377	no
21374429	TRiXi2	Colon_Left_Endocrine	CCGG	score	2	0.5	0.6	0.55	0.05	0.55	0.071	0.05	0.635	no
21374429	TRiXi2	Colon_Left_Epithelial	CCGG	score	1	0.571	0.571	0.571	0	0.571	NA	NA	NA	no
21374429	TRiXi2	Colon_Macrophages	CCGG	score	2	0.4	0.486	0.443	0.043	0.443	0.061	0.043	0.546	no
21374429	TRiXi2	Colon_Right_Endocrine	CCGG	score	1	0.655	0.655	0.655	0	0.655	NA	NA	NA	no
21374429	TRiXi2	Colon_Right_Epithelial	CCGG	score	2	0	0.333	0.167	0.167	0.167	0.235	0.167	2.116	no
21374429	TRiXi2	Coronary_Artery_Smooth_Muscle	CCGG	score	1	0.655	0.655	0.655	0	0.655	NA	NA	NA	no
21374429	TRiXi2	Cortex_Neuron	CCGG	score	1	0.448	0.448	0.448	0	0.448	NA	NA	NA	no
21374429	TRiXi2	Endometrium_Epithelial	CCGG	score	3	0.471	0.588	0.571	0.059	0.543	0.063	0.036	0.157	no
21374429	TRiXi2	Esophagus_Epithelial	CCGG	score	2	0.214	0.536	0.375	0.161	0.375	0.228	0.161	2.046	no
21374429	TRiXi2	Fallopian_Epithelial	CCGG	score	3	0.3	0.526	0.448	0.113	0.425	0.115	0.066	0.285	no
21374429	TRiXi2	Gallbladder_Epithelial	CCGG	score	1	0.5	0.5	0.5	0	0.5	NA	NA	NA	no
21374429	TRiXi2	Gastric_antrum_Endocrine	CCGG	score	1	0.5	0.5	0.5	0	0.5	NA	NA	NA	no
21374429	TRiXi2	Gastric_antrum_Epithelial	CCGG	score	3	0.462	0.765	0.5	0.151	0.576	0.165	0.095	0.41	no
21374429	TRiXi2	Gastric_body_Epithelial	CCGG	score	3	0.467	0.483	0.481	0.008	0.477	0.009	0.005	0.022	no
21374429	TRiXi2	Gastric_fundus_Epithelial	CCGG	score	3	0.5	0.778	0.586	0.139	0.621	0.142	0.082	0.354	no
21374429	TRiXi2	Heart_Fibroblasts	CCGG	score	2	0.5	0.545	0.523	0.023	0.523	0.032	0.023	0.286	no
21374429	TRiXi2	Kidney_Glomerular_Podocytes	CCGG	score	1	0.667	0.667	0.667	0	0.667	NA	NA	NA	no
21374429	TRiXi2	Kidney_Tubular_Endothel	CCGG	score	1	0.267	0.267	0.267	0	0.267	NA	NA	NA	no
21374429	TRiXi2	Liver_Endothelium	CCGG	score	1	0.378	0.378	0.378	0	0.378	NA	NA	NA	no
21374429	TRiXi2	Liver_Hepatocytes	CCGG	score	2	0.435	0.435	0.435	0	0.435	0	0	0	no
21374429	TRiXi2	Lung_Alveolar_Endothel	CCGG	score	3	0.5	0.818	0.517	0.159	0.612	0.179	0.103	0.444	no
21374429	TRiXi2	Lung_Bronchus_Epithelial	CCGG	score	1	0.429	0.429	0.429	0	0.429	NA	NA	NA	no
21374429	TRiXi2	Lung_Interstitial_Macrophages	CCGG	score	1	0.7	0.7	0.7	0	0.7	NA	NA	NA	no
21374429	TRiXi2	Lung_Pleura	CCGG	score	1	0.593	0.593	0.593	0	0.593	NA	NA	NA	no
21374429	TRiXi2	Ovary_Epithelial	CCGG	score	1	0.583	0.583	0.583	0	0.583	NA	NA	NA	no
21374429	TRiXi2	Pancreas_Acinar	CCGG	score	1	0.5	0.5	0.5	0	0.5	NA	NA	NA	no
21374429	TRiXi2	Pancreas_Alpha	CCGG	score	3	0.214	0.52	0.389	0.153	0.374	0.154	0.089	0.381	no
21374429	TRiXi2	Pancreas_Beta	CCGG	score	3	0.278	0.5	0.368	0.111	0.382	0.112	0.064	0.277	no
21374429	TRiXi2	Pancreas_Delta	CCGG	score	3	0.435	0.448	0.44	0.007	0.441	0.007	0.004	0.016	no
21374429	TRiXi2	Pancreas_Duct	CCGG	score	1	0.462	0.462	0.462	0	0.462	NA	NA	NA	no
21374429	TRiXi2	Pancreas_Endothel	CCGG	score	3	0.524	0.545	0.524	0.011	0.531	0.012	0.007	0.03	no
21374429	TRiXi2	Pancreas_Islet_Endothel	CCGG	score	1	0.548	0.548	0.548	0	0.548	NA	NA	NA	no
21374429	TRiXi2	Saphenous_Vein_Endothel	CCGG	score	2	0.424	0.536	0.48	0.056	0.48	0.079	0.056	0.712	no
21374429	TRiXi2	Skeletal_Muscle	CCGG	score	1	0.615	0.615	0.615	0	0.615	NA	NA	NA	no
21374429	TRiXi2	Small_int_Epithelial	CCGG	score	2	0	0.52	0.26	0.26	0.26	0.368	0.26	3.304	no
21374429	TRiXi2	Thyroid_Epithelial	CCGG	score	3	0.346	0.56	0.483	0.107	0.463	0.108	0.063	0.269	no
21374429	TRiXi2	Tongue_Epithelial	CCGG	score	1	0.55	0.55	0.55	0	0.55	NA	NA	NA	no
21374429	TRiXi2	Tonsil_Palatine_Epithelial	CCGG	score	1	0.682	0.682	0.682	0	0.682	NA	NA	NA	no
21374429	TRiXi2	Tonsil_Pharyngeal_Epithelial	CCGG	score	2	0.448	0.593	0.521	0.072	0.521	0.103	0.072	0.921	no
21374429	TRiXi2	WBC	CCGG	score	21	0.222	0.879	0.63	0.137	0.633	0.141	0.031	0.064	blood cells
21374577	TRiXi2	Adipocytes	CCGG	score	3	0.268	0.462	0.378	0.097	0.369	0.097	0.056	0.242	no
21374577	TRiXi2	Aorta_Endothel	CCGG	score	2	0.4	0.444	0.422	0.022	0.422	0.031	0.022	0.28	no
21374577	TRiXi2	Bladder_Epithelial	CCGG	score	1	0.385	0.385	0.385	0	0.385	NA	NA	NA	no
21374577	TRiXi2	Bladder_Smooth_Muscle	CCGG	score	1	0.185	0.185	0.185	0	0.185	NA	NA	NA	no
21374577	TRiXi2	Blood_B	CCGG	score	4	0.31	0.421	0.366	0.111	0.366	0.064	0.032	0.102	blood cells
21374577	TRiXi2	Blood_B_Mem	CCGG	score	4	0.5	0.636	0.568	0.136	0.568	0.079	0.039	0.125	blood cells
21374577	TRiXi2	Blood_Granulocytes	CCGG	score	4	0.484	0.593	0.538	0.109	0.538	0.063	0.031	0.1	blood cells
21374577	TRiXi2	Blood_Monocytes	CCGG	score	4	0.4	0.618	0.509	0.218	0.509	0.126	0.063	0.2	blood cells
21374577	TRiXi2	Blood_NK	CCGG	score	4	0.237	0.417	0.327	0.18	0.327	0.104	0.052	0.165	blood cells
21374577	TRiXi2	Blood_T_CD3	CCGG	score	4	0.385	0.423	0.404	0.038	0.404	0.022	0.011	0.035	blood cells
21374577	TRiXi2	Blood_T_CD4	CCGG	score	4	0.452	0.577	0.515	0.125	0.515	0.072	0.036	0.115	blood cells
21374577	TRiXi2	Blood_T_CD8	CCGG	score	4	0.464	0.5	0.482	0.036	0.482	0.021	0.01	0.033	blood cells
21374577	TRiXi2	Blood_T_CenMem_CD4	CCGG	score	4	0.448	0.696	0.572	0.248	0.572	0.143	0.072	0.228	blood cells
21374577	TRiXi2	Blood_T_EffMem_CD4	CCGG	score	4	0.2	0.5	0.35	0.3	0.35	0.173	0.087	0.276	blood cells
21374577	TRiXi2	Blood_T_EffMem_CD8	CCGG	score	4	0.4	0.4	0.4	0	0.4	0	0	0	blood cells
21374577	TRiXi2	Blood_T_Eff_CD8	CCGG	score	4	0.364	0.5	0.432	0.136	0.432	0.079	0.039	0.125	blood cells
21374577	TRiXi2	Blood_T_Naive_CD4	CCGG	score	2	0.417	0.417	0.417	0	0.417	0	0	0	blood cells
21374577	TRiXi2	Blood_T_Naive_CD8	CCGG	score	4	0.367	0.545	0.456	0.178	0.456	0.103	0.051	0.164	blood cells
21374577	TRiXi2	Bone_Osteoblasts	CCGG	score	1	0.314	0.314	0.314	0	0.314	NA	NA	NA	no
21374577	TRiXi2	Bone_marrow_Erythrocyte_progenitors	CCGG	score	2	0.234	0.318	0.276	0.042	0.276	0.059	0.042	0.534	blood cells
21374577	TRiXi2	Breast_Basal_Epithelial	CCGG	score	4	0.296	0.6	0.403	0.194	0.425	0.142	0.071	0.226	no
21374577	TRiXi2	Breast_Luminal_Epithelial	CCGG	score	3	0.258	0.429	0.3	0.086	0.329	0.089	0.051	0.221	no
21374577	TRiXi2	Colon_Left_Endocrine	CCGG	score	2	0.516	0.6	0.558	0.042	0.558	0.059	0.042	0.534	no
21374577	TRiXi2	Colon_Left_Epithelial	CCGG	score	1	0.379	0.379	0.379	0	0.379	NA	NA	NA	no
21374577	TRiXi2	Colon_Macrophages	CCGG	score	2	0.517	0.595	0.556	0.039	0.556	0.055	0.039	0.496	no
21374577	TRiXi2	Colon_Right_Endocrine	CCGG	score	1	0.609	0.609	0.609	0	0.609	NA	NA	NA	no
21374577	TRiXi2	Colon_Right_Epithelial	CCGG	score	2	0	0.514	0.257	0.257	0.257	0.363	0.257	3.265	no
21374577	TRiXi2	Coronary_Artery_Smooth_Muscle	CCGG	score	1	0.517	0.517	0.517	0	0.517	NA	NA	NA	no
21374577	TRiXi2	Cortex_Neuron	CCGG	score	1	0.378	0.378	0.378	0	0.378	NA	NA	NA	no
21374577	TRiXi2	Endometrium_Epithelial	CCGG	score	3	0.267	0.55	0.5	0.142	0.439	0.151	0.087	0.375	no
21374577	TRiXi2	Esophagus_Epithelial	CCGG	score	2	0.308	0.381	0.345	0.037	0.345	0.052	0.037	0.464	no
21374577	TRiXi2	Fallopian_Epithelial	CCGG	score	3	0.2	0.308	0.297	0.054	0.268	0.059	0.034	0.148	no
21374577	TRiXi2	Gallbladder_Epithelial	CCGG	score	1	0.423	0.423	0.423	0	0.423	NA	NA	NA	no
21374577	TRiXi2	Gastric_antrum_Endocrine	CCGG	score	1	0.444	0.444	0.444	0	0.444	NA	NA	NA	no
21374577	TRiXi2	Gastric_antrum_Epithelial	CCGG	score	3	0.343	0.543	0.462	0.1	0.449	0.101	0.058	0.25	no
21374577	TRiXi2	Gastric_body_Epithelial	CCGG	score	3	0.222	0.368	0.344	0.073	0.311	0.078	0.045	0.194	no
21374577	TRiXi2	Gastric_fundus_Epithelial	CCGG	score	3	0.229	0.4	0.308	0.086	0.312	0.086	0.049	0.213	no
21374577	TRiXi2	Heart_Fibroblasts	CCGG	score	2	0.357	0.611	0.484	0.127	0.484	0.18	0.127	1.614	no
21374577	TRiXi2	Kidney_Glomerular_Podocytes	CCGG	score	1	0.176	0.176	0.176	0	0.176	NA	NA	NA	no
21374577	TRiXi2	Kidney_Tubular_Endothel	CCGG	score	1	0.25	0.25	0.25	0	0.25	NA	NA	NA	no
21374577	TRiXi2	Liver_Endothelium	CCGG	score	1	0.348	0.348	0.348	0	0.348	NA	NA	NA	no
21374577	TRiXi2	Liver_Hepatocytes	CCGG	score	2	0.312	0.571	0.441	0.129	0.441	0.183	0.129	1.645	no
21374577	TRiXi2	Lung_Alveolar_Endothel	CCGG	score	3	0.28	0.525	0.333	0.122	0.379	0.129	0.074	0.32	no
21374577	TRiXi2	Lung_Bronchus_Epithelial	CCGG	score	1	0.477	0.477	0.477	0	0.477	NA	NA	NA	no
21374577	TRiXi2	Lung_Interstitial_Macrophages	CCGG	score	1	0.489	0.489	0.489	0	0.489	NA	NA	NA	no
21374577	TRiXi2	Lung_Pleura	CCGG	score	1	0.385	0.385	0.385	0	0.385	NA	NA	NA	no
21374577	TRiXi2	Ovary_Epithelial	CCGG	score	1	0.308	0.308	0.308	0	0.308	NA	NA	NA	no
21374577	TRiXi2	Pancreas_Acinar	CCGG	score	1	0.438	0.438	0.438	0	0.438	NA	NA	NA	no
21374577	TRiXi2	Pancreas_Alpha	CCGG	score	3	0.407	0.469	0.429	0.031	0.435	0.031	0.018	0.078	no
21374577	TRiXi2	Pancreas_Beta	CCGG	score	3	0.238	0.4	0.364	0.081	0.334	0.085	0.049	0.211	no
21374577	TRiXi2	Pancreas_Delta	CCGG	score	3	0.259	0.481	0.417	0.111	0.386	0.114	0.066	0.284	no
21374577	TRiXi2	Pancreas_Duct	CCGG	score	1	0.385	0.385	0.385	0	0.385	NA	NA	NA	no
21374577	TRiXi2	Pancreas_Endothel	CCGG	score	3	0.188	0.457	0.353	0.134	0.333	0.136	0.078	0.337	no
21374577	TRiXi2	Pancreas_Islet_Endothel	CCGG	score	1	0.515	0.515	0.515	0	0.515	NA	NA	NA	no
21374577	TRiXi2	Saphenous_Vein_Endothel	CCGG	score	2	0.346	0.561	0.453	0.108	0.453	0.152	0.108	1.366	no
21374577	TRiXi2	Skeletal_Muscle	CCGG	score	1	0.345	0.345	0.345	0	0.345	NA	NA	NA	no
21374577	TRiXi2	Small_int_Epithelial	CCGG	score	2	0.083	0.391	0.237	0.154	0.237	0.218	0.154	1.955	no
21374577	TRiXi2	Thyroid_Epithelial	CCGG	score	3	0.08	0.423	0.321	0.172	0.275	0.176	0.102	0.438	no
21374577	TRiXi2	Tongue_Epithelial	CCGG	score	1	0.333	0.333	0.333	0	0.333	NA	NA	NA	no
21374577	TRiXi2	Tonsil_Palatine_Epithelial	CCGG	score	1	0.41	0.41	0.41	0	0.41	NA	NA	NA	no
21374577	TRiXi2	Tonsil_Pharyngeal_Epithelial	CCGG	score	2	0.312	0.417	0.365	0.052	0.365	0.074	0.052	0.667	no
21374577	TRiXi2	WBC	CCGG	score	21	0.316	0.745	0.581	0.174	0.531	0.118	0.026	0.054	blood cells
21374670	TRiXi2	Adipocytes	CCGG	score	3	0.333	0.458	0.429	0.062	0.407	0.065	0.038	0.163	no
21374670	TRiXi2	Aorta_Endothel	CCGG	score	2	0.441	0.615	0.528	0.087	0.528	0.123	0.087	1.105	no
21374670	TRiXi2	Bladder_Epithelial	CCGG	score	1	0.458	0.458	0.458	0	0.458	NA	NA	NA	no
21374670	TRiXi2	Bladder_Smooth_Muscle	CCGG	score	1	0.447	0.447	0.447	0	0.447	NA	NA	NA	no
21374670	TRiXi2	Blood_B	CCGG	score	4	0.423	0.486	0.455	0.063	0.455	0.036	0.018	0.058	blood cells
21374670	TRiXi2	Blood_B_Mem	CCGG	score	4	0.393	0.65	0.521	0.257	0.521	0.148	0.074	0.236	blood cells
21374670	TRiXi2	Blood_Granulocytes	CCGG	score	4	0.5	0.579	0.539	0.079	0.539	0.046	0.023	0.073	blood cells
21374670	TRiXi2	Blood_Monocytes	CCGG	score	4	0.28	0.405	0.343	0.125	0.343	0.072	0.036	0.115	blood cells
21374670	TRiXi2	Blood_NK	CCGG	score	4	0.333	0.386	0.36	0.053	0.36	0.031	0.015	0.049	blood cells
21374670	TRiXi2	Blood_T_CD3	CCGG	score	4	0.326	0.483	0.405	0.157	0.405	0.091	0.045	0.144	blood cells
21374670	TRiXi2	Blood_T_CD4	CCGG	score	4	0.436	0.579	0.507	0.143	0.507	0.083	0.041	0.131	blood cells
21374670	TRiXi2	Blood_T_CD8	CCGG	score	4	0.548	0.63	0.589	0.082	0.589	0.047	0.024	0.075	blood cells
21374670	TRiXi2	Blood_T_CenMem_CD4	CCGG	score	4	0.5	0.541	0.521	0.041	0.521	0.024	0.012	0.038	blood cells
21374670	TRiXi2	Blood_T_EffMem_CD4	CCGG	score	4	0.394	0.432	0.413	0.038	0.413	0.022	0.011	0.035	blood cells
21374670	TRiXi2	Blood_T_EffMem_CD8	CCGG	score	4	0.312	0.636	0.474	0.324	0.474	0.187	0.094	0.298	blood cells
21374670	TRiXi2	Blood_T_Eff_CD8	CCGG	score	4	0.514	0.545	0.53	0.031	0.53	0.018	0.009	0.028	blood cells
21374670	TRiXi2	Blood_T_Naive_CD4	CCGG	score	2	0.448	0.448	0.448	0	0.448	0	0	0	blood cells
21374670	TRiXi2	Blood_T_Naive_CD8	CCGG	score	4	0.429	0.688	0.559	0.259	0.559	0.15	0.075	0.238	blood cells
21374670	TRiXi2	Bone_Osteoblasts	CCGG	score	1	0.171	0.171	0.171	0	0.171	NA	NA	NA	no
21374670	TRiXi2	Bone_marrow_Erythrocyte_progenitors	CCGG	score	2	0.302	0.462	0.382	0.08	0.382	0.113	0.08	1.016	blood cells
21374670	TRiXi2	Breast_Basal_Epithelial	CCGG	score	4	0.138	0.7	0.534	0.144	0.476	0.239	0.119	0.38	no
21374670	TRiXi2	Breast_Luminal_Epithelial	CCGG	score	3	0.37	0.537	0.424	0.083	0.444	0.085	0.049	0.212	no
21374670	TRiXi2	Colon_Left_Endocrine	CCGG	score	2	0.5	0.548	0.524	0.024	0.524	0.034	0.024	0.305	no
21374670	TRiXi2	Colon_Left_Epithelial	CCGG	score	1	0.415	0.415	0.415	0	0.415	NA	NA	NA	no
21374670	TRiXi2	Colon_Macrophages	CCGG	score	2	0.286	0.556	0.421	0.135	0.421	0.191	0.135	1.715	no
21374670	TRiXi2	Colon_Right_Endocrine	CCGG	score	1	0.537	0.537	0.537	0	0.537	NA	NA	NA	no
21374670	TRiXi2	Colon_Right_Epithelial	CCGG	score	2	0	0.643	0.322	0.322	0.322	0.455	0.322	4.085	no
21374670	TRiXi2	Coronary_Artery_Smooth_Muscle	CCGG	score	1	0.517	0.517	0.517	0	0.517	NA	NA	NA	no
21374670	TRiXi2	Cortex_Neuron	CCGG	score	1	0.513	0.513	0.513	0	0.513	NA	NA	NA	no
21374670	TRiXi2	Endometrium_Epithelial	CCGG	score	3	0.286	0.514	0.433	0.114	0.411	0.116	0.067	0.287	no
21374670	TRiXi2	Esophagus_Epithelial	CCGG	score	2	0.424	0.467	0.446	0.022	0.446	0.03	0.022	0.273	no
21374670	TRiXi2	Fallopian_Epithelial	CCGG	score	3	0.316	0.486	0.421	0.085	0.408	0.086	0.05	0.213	no
21374670	TRiXi2	Gallbladder_Epithelial	CCGG	score	1	0.344	0.344	0.344	0	0.344	NA	NA	NA	no
21374670	TRiXi2	Gastric_antrum_Endocrine	CCGG	score	1	0.444	0.444	0.444	0	0.444	NA	NA	NA	no
21374670	TRiXi2	Gastric_antrum_Epithelial	CCGG	score	3	0.39	0.652	0.606	0.131	0.549	0.14	0.081	0.348	no
21374670	TRiXi2	Gastric_body_Epithelial	CCGG	score	3	0.312	0.581	0.444	0.134	0.446	0.135	0.078	0.334	no
21374670	TRiXi2	Gastric_fundus_Epithelial	CCGG	score	3	0.279	0.5	0.438	0.11	0.406	0.114	0.066	0.283	no
21374670	TRiXi2	Heart_Fibroblasts	CCGG	score	2	0.432	0.567	0.499	0.067	0.499	0.095	0.067	0.858	no
21374670	TRiXi2	Kidney_Glomerular_Podocytes	CCGG	score	1	0.458	0.458	0.458	0	0.458	NA	NA	NA	no
21374670	TRiXi2	Kidney_Tubular_Endothel	CCGG	score	1	0.526	0.526	0.526	0	0.526	NA	NA	NA	no
21374670	TRiXi2	Liver_Endothelium	CCGG	score	1	0.443	0.443	0.443	0	0.443	NA	NA	NA	no
21374670	TRiXi2	Liver_Hepatocytes	CCGG	score	2	0.32	0.386	0.353	0.033	0.353	0.047	0.033	0.419	no
21374670	TRiXi2	Lung_Alveolar_Endothel	CCGG	score	3	0.395	0.576	0.429	0.09	0.467	0.096	0.056	0.239	no
21374670	TRiXi2	Lung_Bronchus_Epithelial	CCGG	score	1	0.465	0.465	0.465	0	0.465	NA	NA	NA	no
21374670	TRiXi2	Lung_Interstitial_Macrophages	CCGG	score	1	0.489	0.489	0.489	0	0.489	NA	NA	NA	no
21374670	TRiXi2	Lung_Pleura	CCGG	score	1	0.462	0.462	0.462	0	0.462	NA	NA	NA	no
21374670	TRiXi2	Ovary_Epithelial	CCGG	score	1	0.667	0.667	0.667	0	0.667	NA	NA	NA	no
21374670	TRiXi2	Pancreas_Acinar	CCGG	score	1	0.282	0.282	0.282	0	0.282	NA	NA	NA	no
21374670	TRiXi2	Pancreas_Alpha	CCGG	score	3	0.394	0.515	0.457	0.06	0.455	0.061	0.035	0.15	no
21374670	TRiXi2	Pancreas_Beta	CCGG	score	3	0.467	0.52	0.5	0.026	0.496	0.027	0.015	0.066	no
21374670	TRiXi2	Pancreas_Delta	CCGG	score	3	0.273	0.56	0.424	0.144	0.419	0.144	0.083	0.357	no
21374670	TRiXi2	Pancreas_Duct	CCGG	score	1	0.625	0.625	0.625	0	0.625	NA	NA	NA	no
21374670	TRiXi2	Pancreas_Endothel	CCGG	score	3	0.316	0.5	0.35	0.092	0.389	0.098	0.057	0.243	no
21374670	TRiXi2	Pancreas_Islet_Endothel	CCGG	score	1	0.433	0.433	0.433	0	0.433	NA	NA	NA	no
21374670	TRiXi2	Saphenous_Vein_Endothel	CCGG	score	2	0.484	0.533	0.508	0.024	0.508	0.035	0.024	0.311	no
21374670	TRiXi2	Skeletal_Muscle	CCGG	score	1	0.559	0.559	0.559	0	0.559	NA	NA	NA	no
21374670	TRiXi2	Small_int_Epithelial	CCGG	score	2	0.136	0.5	0.318	0.182	0.318	0.257	0.182	2.313	no
21374670	TRiXi2	Thyroid_Epithelial	CCGG	score	3	0.278	0.515	0.448	0.118	0.414	0.122	0.071	0.303	no
21374670	TRiXi2	Tongue_Epithelial	CCGG	score	1	0.278	0.278	0.278	0	0.278	NA	NA	NA	no
21374670	TRiXi2	Tonsil_Palatine_Epithelial	CCGG	score	1	0.512	0.512	0.512	0	0.512	NA	NA	NA	no
21374670	TRiXi2	Tonsil_Pharyngeal_Epithelial	CCGG	score	2	0.393	0.56	0.477	0.083	0.477	0.118	0.083	1.061	no
21374670	TRiXi2	WBC	CCGG	score	21	0.222	0.737	0.571	0.171	0.546	0.143	0.031	0.065	blood cells
46836651	TRiXi3	Adipocytes	CCGG	score	3	0.3	0.45	0.433	0.075	0.394	0.082	0.047	0.204	no
46836651	TRiXi3	Aorta_Endothel	CCGG	score	2	0.424	0.441	0.433	0.009	0.433	0.012	0.009	0.108	no
46836651	TRiXi3	Bladder_Epithelial	CCGG	score	1	0.333	0.333	0.333	0	0.333	NA	NA	NA	no
46836651	TRiXi3	Bladder_Smooth_Muscle	CCGG	score	1	0.273	0.273	0.273	0	0.273	NA	NA	NA	no
46836651	TRiXi3	Blood_B	CCGG	score	4	0.327	0.481	0.404	0.154	0.404	0.089	0.044	0.141	blood cells
46836651	TRiXi3	Blood_B_Mem	CCGG	score	4	0.286	0.4	0.343	0.114	0.343	0.066	0.033	0.105	blood cells
46836651	TRiXi3	Blood_Granulocytes	CCGG	score	4	0.394	0.5	0.447	0.106	0.447	0.061	0.031	0.097	blood cells
46836651	TRiXi3	Blood_Monocytes	CCGG	score	4	0.071	0.6	0.336	0.529	0.336	0.305	0.153	0.486	blood cells
46836651	TRiXi3	Blood_NK	CCGG	score	4	0.273	0.429	0.351	0.156	0.351	0.09	0.045	0.143	blood cells
46836651	TRiXi3	Blood_T_CD3	CCGG	score	4	0.357	0.395	0.376	0.038	0.376	0.022	0.011	0.035	blood cells
46836651	TRiXi3	Blood_T_CD4	CCGG	score	4	0.475	0.611	0.543	0.136	0.543	0.079	0.039	0.125	blood cells
46836651	TRiXi3	Blood_T_CD8	CCGG	score	4	0.419	0.533	0.476	0.114	0.476	0.066	0.033	0.105	blood cells
46836651	TRiXi3	Blood_T_CenMem_CD4	CCGG	score	4	0.273	0.45	0.361	0.177	0.361	0.102	0.051	0.163	blood cells
46836651	TRiXi3	Blood_T_EffMem_CD4	CCGG	score	4	0.481	0.481	0.481	0	0.481	0	0	0	blood cells
46836651	TRiXi3	Blood_T_EffMem_CD8	CCGG	score	4	0.513	0.556	0.535	0.043	0.535	0.025	0.012	0.04	blood cells
46836651	TRiXi3	Blood_T_Eff_CD8	CCGG	score	4	0.433	0.529	0.481	0.096	0.481	0.055	0.028	0.088	blood cells
46836651	TRiXi3	Blood_T_Naive_CD4	CCGG	score	2	0.258	0.258	0.258	0	0.258	0	0	0	blood cells
46836651	TRiXi3	Blood_T_Naive_CD8	CCGG	score	4	0.438	0.556	0.497	0.118	0.497	0.068	0.034	0.108	blood cells
46836651	TRiXi3	Bone_Osteoblasts	CCGG	score	1	0.526	0.526	0.526	0	0.526	NA	NA	NA	no
46836651	TRiXi3	Bone_marrow_Erythrocyte_progenitors	CCGG	score	2	0.122	0.188	0.155	0.033	0.155	0.047	0.033	0.419	blood cells
46836651	TRiXi3	Breast_Basal_Epithelial	CCGG	score	4	0.389	0.588	0.446	0.069	0.467	0.086	0.043	0.136	no
46836651	TRiXi3	Breast_Luminal_Epithelial	CCGG	score	3	0.3	0.444	0.357	0.072	0.367	0.073	0.042	0.18	no
46836651	TRiXi3	Colon_Left_Endocrine	CCGG	score	2	0.4	0.444	0.422	0.022	0.422	0.031	0.022	0.28	no
46836651	TRiXi3	Colon_Left_Epithelial	CCGG	score	1	0.412	0.412	0.412	0	0.412	NA	NA	NA	no
46836651	TRiXi3	Colon_Macrophages	CCGG	score	2	0.286	0.357	0.322	0.035	0.322	0.05	0.035	0.451	no
46836651	TRiXi3	Colon_Right_Endocrine	CCGG	score	1	0.54	0.54	0.54	0	0.54	NA	NA	NA	no
46836651	TRiXi3	Colon_Right_Epithelial	CCGG	score	2	0	0.378	0.189	0.189	0.189	0.267	0.189	2.401	no
46836651	TRiXi3	Coronary_Artery_Smooth_Muscle	CCGG	score	1	0.341	0.341	0.341	0	0.341	NA	NA	NA	no
46836651	TRiXi3	Cortex_Neuron	CCGG	score	1	0.306	0.306	0.306	0	0.306	NA	NA	NA	no
46836651	TRiXi3	Endometrium_Epithelial	CCGG	score	3	0.227	0.588	0.4	0.181	0.405	0.181	0.104	0.449	no
46836651	TRiXi3	Esophagus_Epithelial	CCGG	score	2	0.565	0.571	0.568	0.003	0.568	0.004	0.003	0.038	no
46836651	TRiXi3	Fallopian_Epithelial	CCGG	score	3	0.257	0.515	0.371	0.129	0.381	0.129	0.075	0.321	no
46836651	TRiXi3	Gallbladder_Epithelial	CCGG	score	1	0.371	0.371	0.371	0	0.371	NA	NA	NA	no
46836651	TRiXi3	Gastric_antrum_Endocrine	CCGG	score	1	0.571	0.571	0.571	0	0.571	NA	NA	NA	no
46836651	TRiXi3	Gastric_antrum_Epithelial	CCGG	score	3	0.308	0.531	0.5	0.112	0.446	0.121	0.07	0.3	no
46836651	TRiXi3	Gastric_body_Epithelial	CCGG	score	3	0.36	0.486	0.48	0.063	0.442	0.071	0.041	0.177	no
46836651	TRiXi3	Gastric_fundus_Epithelial	CCGG	score	3	0.295	0.5	0.341	0.103	0.379	0.108	0.062	0.267	no
46836651	TRiXi3	Heart_Fibroblasts	CCGG	score	2	0.279	0.355	0.317	0.038	0.317	0.054	0.038	0.483	no
46836651	TRiXi3	Kidney_Glomerular_Podocytes	CCGG	score	1	0.32	0.32	0.32	0	0.32	NA	NA	NA	no
46836651	TRiXi3	Kidney_Tubular_Endothel	CCGG	score	1	0.273	0.273	0.273	0	0.273	NA	NA	NA	no
46836651	TRiXi3	Liver_Endothelium	CCGG	score	1	0.509	0.509	0.509	0	0.509	NA	NA	NA	no
46836651	TRiXi3	Liver_Hepatocytes	CCGG	score	2	0.385	0.5	0.442	0.058	0.442	0.081	0.058	0.731	no
46836651	TRiXi3	Lung_Alveolar_Endothel	CCGG	score	3	0.439	0.519	0.489	0.04	0.482	0.04	0.023	0.1	no
46836651	TRiXi3	Lung_Bronchus_Epithelial	CCGG	score	1	0.276	0.276	0.276	0	0.276	NA	NA	NA	no
46836651	TRiXi3	Lung_Interstitial_Macrophages	CCGG	score	1	0.41	0.41	0.41	0	0.41	NA	NA	NA	no
46836651	TRiXi3	Lung_Pleura	CCGG	score	1	0.263	0.263	0.263	0	0.263	NA	NA	NA	no
46836651	TRiXi3	Ovary_Epithelial	CCGG	score	1	0.346	0.346	0.346	0	0.346	NA	NA	NA	no
46836651	TRiXi3	Pancreas_Acinar	CCGG	score	1	0.55	0.55	0.55	0	0.55	NA	NA	NA	no
46836651	TRiXi3	Pancreas_Alpha	CCGG	score	3	0.258	0.421	0.333	0.082	0.337	0.082	0.047	0.203	no
46836651	TRiXi3	Pancreas_Beta	CCGG	score	3	0.394	0.545	0.538	0.076	0.492	0.085	0.049	0.212	no
46836651	TRiXi3	Pancreas_Delta	CCGG	score	3	0.235	0.463	0.241	0.114	0.313	0.13	0.075	0.323	no
46836651	TRiXi3	Pancreas_Duct	CCGG	score	1	0.391	0.391	0.391	0	0.391	NA	NA	NA	no
46836651	TRiXi3	Pancreas_Endothel	CCGG	score	3	0.167	0.421	0.364	0.127	0.317	0.133	0.077	0.331	no
46836651	TRiXi3	Pancreas_Islet_Endothel	CCGG	score	1	0.394	0.394	0.394	0	0.394	NA	NA	NA	no
46836651	TRiXi3	Saphenous_Vein_Endothel	CCGG	score	2	0.417	0.429	0.423	0.006	0.423	0.008	0.006	0.076	no
46836651	TRiXi3	Skeletal_Muscle	CCGG	score	1	0.481	0.481	0.481	0	0.481	NA	NA	NA	no
46836651	TRiXi3	Small_int_Epithelial	CCGG	score	2	0	0.323	0.162	0.162	0.162	0.228	0.162	2.052	no
46836651	TRiXi3	Thyroid_Epithelial	CCGG	score	3	0.366	0.611	0.464	0.123	0.48	0.123	0.071	0.306	no
46836651	TRiXi3	Tongue_Epithelial	CCGG	score	1	0.412	0.412	0.412	0	0.412	NA	NA	NA	no
46836651	TRiXi3	Tonsil_Palatine_Epithelial	CCGG	score	1	0.439	0.439	0.439	0	0.439	NA	NA	NA	no
46836651	TRiXi3	Tonsil_Pharyngeal_Epithelial	CCGG	score	2	0.261	0.343	0.302	0.041	0.302	0.058	0.041	0.521	no
46836651	TRiXi3	WBC	CCGG	score	21	0.348	0.557	0.437	0.045	0.444	0.056	0.012	0.025	blood cells
137545623	TRiXi4	Adipocytes	CCGG	score	3	0.298	0.347	0.311	0.024	0.319	0.025	0.015	0.063	no
137545623	TRiXi4	Aorta_Endothel	CCGG	score	2	0.195	0.268	0.231	0.037	0.231	0.052	0.037	0.464	no
137545623	TRiXi4	Bladder_Epithelial	CCGG	score	1	0.727	0.727	0.727	0	0.727	NA	NA	NA	no
137545623	TRiXi4	Bladder_Smooth_Muscle	CCGG	score	1	0.237	0.237	0.237	0	0.237	NA	NA	NA	no
137545623	TRiXi4	Blood_B	CCGG	score	4	0.418	0.432	0.425	0.014	0.425	0.008	0.004	0.013	blood cells
137545623	TRiXi4	Blood_B_Mem	CCGG	score	4	0.409	0.621	0.515	0.212	0.515	0.122	0.061	0.195	blood cells
137545623	TRiXi4	Blood_Granulocytes	CCGG	score	4	0.2	0.231	0.216	0.031	0.216	0.018	0.009	0.028	blood cells
137545623	TRiXi4	Blood_Monocytes	CCGG	score	4	0.257	0.302	0.279	0.045	0.279	0.026	0.013	0.041	blood cells
137545623	TRiXi4	Blood_NK	CCGG	score	4	0.31	0.341	0.325	0.031	0.325	0.018	0.009	0.028	blood cells
137545623	TRiXi4	Blood_T_CD3	CCGG	score	4	0.415	0.422	0.418	0.007	0.418	0.004	0.002	0.006	blood cells
137545623	TRiXi4	Blood_T_CD4	CCGG	score	4	0.38	0.459	0.419	0.079	0.419	0.046	0.023	0.073	blood cells
137545623	TRiXi4	Blood_T_CD8	CCGG	score	4	0.382	0.619	0.501	0.237	0.501	0.137	0.068	0.218	blood cells
137545623	TRiXi4	Blood_T_CenMem_CD4	CCGG	score	4	0.262	0.355	0.308	0.093	0.308	0.054	0.027	0.085	blood cells
137545623	TRiXi4	Blood_T_EffMem_CD4	CCGG	score	4	0.395	0.55	0.473	0.155	0.473	0.089	0.045	0.142	blood cells
137545623	TRiXi4	Blood_T_EffMem_CD8	CCGG	score	4	0.36	0.773	0.567	0.413	0.567	0.238	0.119	0.379	blood cells
137545623	TRiXi4	Blood_T_Eff_CD8	CCGG	score	4	0.515	0.562	0.538	0.047	0.538	0.027	0.014	0.043	blood cells
137545623	TRiXi4	Blood_T_Naive_CD4	CCGG	score	2	0.322	0.322	0.322	0	0.322	0	0	0	blood cells
137545623	TRiXi4	Blood_T_Naive_CD8	CCGG	score	4	0.262	0.312	0.287	0.05	0.287	0.029	0.014	0.046	blood cells
137545623	TRiXi4	Bone_Osteoblasts	CCGG	score	1	0.314	0.314	0.314	0	0.314	NA	NA	NA	no
137545623	TRiXi4	Bone_marrow_Erythrocyte_progenitors	CCGG	score	2	0.206	0.407	0.307	0.101	0.307	0.142	0.101	1.277	blood cells
137545623	TRiXi4	Breast_Basal_Epithelial	CCGG	score	4	0.167	0.441	0.271	0.162	0.288	0.124	0.062	0.198	no
137545623	TRiXi4	Breast_Luminal_Epithelial	CCGG	score	3	0.259	0.469	0.462	0.105	0.397	0.119	0.069	0.296	no
137545623	TRiXi4	Colon_Left_Endocrine	CCGG	score	2	0.737	0.806	0.771	0.035	0.771	0.049	0.035	0.438	no
137545623	TRiXi4	Colon_Left_Epithelial	CCGG	score	1	0.618	0.618	0.618	0	0.618	NA	NA	NA	no
137545623	TRiXi4	Colon_Macrophages	CCGG	score	2	0.3	0.364	0.332	0.032	0.332	0.045	0.032	0.407	no
137545623	TRiXi4	Colon_Right_Endocrine	CCGG	score	1	0.87	0.87	0.87	0	0.87	NA	NA	NA	no
137545623	TRiXi4	Colon_Right_Epithelial	CCGG	score	2	0.423	0.737	0.58	0.157	0.58	0.222	0.157	1.995	no
137545623	TRiXi4	Coronary_Artery_Smooth_Muscle	CCGG	score	1	0.261	0.261	0.261	0	0.261	NA	NA	NA	no
137545623	TRiXi4	Cortex_Neuron	CCGG	score	1	0.38	0.38	0.38	0	0.38	NA	NA	NA	no
137545623	TRiXi4	Endometrium_Epithelial	CCGG	score	3	0.689	0.885	0.709	0.098	0.761	0.108	0.062	0.268	no
137545623	TRiXi4	Esophagus_Epithelial	CCGG	score	2	0.486	0.579	0.532	0.046	0.532	0.066	0.046	0.591	no
137545623	TRiXi4	Fallopian_Epithelial	CCGG	score	3	0.377	0.438	0.395	0.03	0.403	0.031	0.018	0.078	no
137545623	TRiXi4	Gallbladder_Epithelial	CCGG	score	1	0.432	0.432	0.432	0	0.432	NA	NA	NA	no
137545623	TRiXi4	Gastric_antrum_Endocrine	CCGG	score	1	0.385	0.385	0.385	0	0.385	NA	NA	NA	no
137545623	TRiXi4	Gastric_antrum_Epithelial	CCGG	score	3	0.286	0.4	0.289	0.057	0.325	0.065	0.038	0.161	no
137545623	TRiXi4	Gastric_body_Epithelial	CCGG	score	3	0.4	0.537	0.422	0.068	0.453	0.074	0.042	0.183	no
137545623	TRiXi4	Gastric_fundus_Epithelial	CCGG	score	3	0.333	0.475	0.373	0.071	0.394	0.073	0.042	0.182	no
137545623	TRiXi4	Heart_Fibroblasts	CCGG	score	2	0.24	0.35	0.295	0.055	0.295	0.078	0.055	0.699	no
137545623	TRiXi4	Kidney_Glomerular_Podocytes	CCGG	score	1	0.156	0.156	0.156	0	0.156	NA	NA	NA	no
137545623	TRiXi4	Kidney_Tubular_Endothel	CCGG	score	1	0.25	0.25	0.25	0	0.25	NA	NA	NA	no
137545623	TRiXi4	Liver_Endothelium	CCGG	score	1	0.656	0.656	0.656	0	0.656	NA	NA	NA	no
137545623	TRiXi4	Liver_Hepatocytes	CCGG	score	2	0.303	0.432	0.368	0.065	0.368	0.091	0.065	0.82	no
137545623	TRiXi4	Lung_Alveolar_Endothel	CCGG	score	3	0.164	0.415	0.208	0.125	0.262	0.134	0.077	0.333	no
137545623	TRiXi4	Lung_Bronchus_Epithelial	CCGG	score	1	0.339	0.339	0.339	0	0.339	NA	NA	NA	no
137545623	TRiXi4	Lung_Interstitial_Macrophages	CCGG	score	1	0.436	0.436	0.436	0	0.436	NA	NA	NA	no
137545623	TRiXi4	Lung_Pleura	CCGG	score	1	0.51	0.51	0.51	0	0.51	NA	NA	NA	no
137545623	TRiXi4	Ovary_Epithelial	CCGG	score	1	0.385	0.385	0.385	0	0.385	NA	NA	NA	no
137545623	TRiXi4	Pancreas_Acinar	CCGG	score	1	0.229	0.229	0.229	0	0.229	NA	NA	NA	no
137545623	TRiXi4	Pancreas_Alpha	CCGG	score	3	0.194	0.289	0.237	0.047	0.24	0.048	0.027	0.118	no
137545623	TRiXi4	Pancreas_Beta	CCGG	score	3	0.25	0.353	0.318	0.051	0.307	0.052	0.03	0.13	no
137545623	TRiXi4	Pancreas_Delta	CCGG	score	3	0.25	0.361	0.275	0.056	0.295	0.058	0.034	0.145	no
137545623	TRiXi4	Pancreas_Duct	CCGG	score	1	0.234	0.234	0.234	0	0.234	NA	NA	NA	no
137545623	TRiXi4	Pancreas_Endothel	CCGG	score	3	0.171	0.368	0.342	0.098	0.294	0.107	0.062	0.266	no
137545623	TRiXi4	Pancreas_Islet_Endothel	CCGG	score	1	0.342	0.342	0.342	0	0.342	NA	NA	NA	no
137545623	TRiXi4	Saphenous_Vein_Endothel	CCGG	score	2	0.36	0.515	0.438	0.077	0.438	0.11	0.077	0.985	no
137545623	TRiXi4	Skeletal_Muscle	CCGG	score	1	0.39	0.39	0.39	0	0.39	NA	NA	NA	no
137545623	TRiXi4	Small_int_Epithelial	CCGG	score	2	0.522	0.75	0.636	0.114	0.636	0.161	0.114	1.449	no
137545623	TRiXi4	Thyroid_Epithelial	CCGG	score	3	0.25	0.314	0.262	0.032	0.275	0.034	0.02	0.085	no
137545623	TRiXi4	Tongue_Epithelial	CCGG	score	1	0.52	0.52	0.52	0	0.52	NA	NA	NA	no
137545623	TRiXi4	Tonsil_Palatine_Epithelial	CCGG	score	1	0.372	0.372	0.372	0	0.372	NA	NA	NA	no
137545623	TRiXi4	Tonsil_Pharyngeal_Epithelial	CCGG	score	2	0.25	0.404	0.327	0.077	0.327	0.109	0.077	0.978	no
137545623	TRiXi4	WBC	CCGG	score	21	0.181	0.55	0.356	0.087	0.366	0.089	0.019	0.04	blood cells
137545634	TRiXi4	Adipocytes	CCGG	score	3	0.302	0.479	0.344	0.089	0.375	0.092	0.053	0.23	no
137545634	TRiXi4	Aorta_Endothel	CCGG	score	2	0.364	0.429	0.396	0.032	0.396	0.046	0.032	0.413	no
137545634	TRiXi4	Bladder_Epithelial	CCGG	score	1	0.773	0.773	0.773	0	0.773	NA	NA	NA	no
137545634	TRiXi4	Bladder_Smooth_Muscle	CCGG	score	1	0.294	0.294	0.294	0	0.294	NA	NA	NA	no
137545634	TRiXi4	Blood_B	CCGG	score	4	0.436	0.625	0.53	0.189	0.53	0.109	0.055	0.174	blood cells
137545634	TRiXi4	Blood_B_Mem	CCGG	score	4	0.567	0.6	0.583	0.033	0.583	0.019	0.01	0.03	blood cells
137545634	TRiXi4	Blood_Granulocytes	CCGG	score	4	0.327	0.407	0.367	0.08	0.367	0.046	0.023	0.073	blood cells
137545634	TRiXi4	Blood_Monocytes	CCGG	score	4	0.212	0.418	0.315	0.206	0.315	0.119	0.059	0.189	blood cells
137545634	TRiXi4	Blood_NK	CCGG	score	4	0.261	0.345	0.303	0.084	0.303	0.048	0.024	0.077	blood cells
137545634	TRiXi4	Blood_T_CD3	CCGG	score	4	0.463	0.537	0.5	0.074	0.5	0.043	0.021	0.068	blood cells
137545634	TRiXi4	Blood_T_CD4	CCGG	score	4	0.387	0.388	0.388	0.001	0.388	0.001	0	0.001	blood cells
137545634	TRiXi4	Blood_T_CD8	CCGG	score	4	0.463	0.482	0.472	0.019	0.472	0.011	0.005	0.017	blood cells
137545634	TRiXi4	Blood_T_CenMem_CD4	CCGG	score	4	0.316	0.323	0.32	0.007	0.32	0.004	0.002	0.006	blood cells
137545634	TRiXi4	Blood_T_EffMem_CD4	CCGG	score	4	0.348	0.409	0.378	0.061	0.378	0.035	0.018	0.056	blood cells
137545634	TRiXi4	Blood_T_EffMem_CD8	CCGG	score	4	0.292	0.542	0.417	0.25	0.417	0.144	0.072	0.23	blood cells
137545634	TRiXi4	Blood_T_Eff_CD8	CCGG	score	4	0.441	0.46	0.451	0.019	0.451	0.011	0.005	0.017	blood cells
137545634	TRiXi4	Blood_T_Naive_CD4	CCGG	score	2	0.508	0.508	0.508	0	0.508	0	0	0	blood cells
137545634	TRiXi4	Blood_T_Naive_CD8	CCGG	score	4	0.348	0.467	0.407	0.119	0.407	0.069	0.034	0.109	blood cells
137545634	TRiXi4	Bone_Osteoblasts	CCGG	score	1	0.278	0.278	0.278	0	0.278	NA	NA	NA	no
137545634	TRiXi4	Bone_marrow_Erythrocyte_progenitors	CCGG	score	2	0.273	0.37	0.322	0.049	0.322	0.069	0.049	0.616	blood cells
137545634	TRiXi4	Breast_Basal_Epithelial	CCGG	score	4	0.361	0.457	0.412	0.049	0.41	0.042	0.021	0.066	no
137545634	TRiXi4	Breast_Luminal_Epithelial	CCGG	score	3	0.385	0.529	0.444	0.072	0.453	0.072	0.042	0.18	no
137545634	TRiXi4	Colon_Left_Endocrine	CCGG	score	2	0.763	0.778	0.771	0.007	0.771	0.011	0.007	0.095	no
137545634	TRiXi4	Colon_Left_Epithelial	CCGG	score	1	0.459	0.459	0.459	0	0.459	NA	NA	NA	no
137545634	TRiXi4	Colon_Macrophages	CCGG	score	2	0.295	0.356	0.325	0.031	0.325	0.043	0.031	0.388	no
137545634	TRiXi4	Colon_Right_Endocrine	CCGG	score	1	0.617	0.617	0.617	0	0.617	NA	NA	NA	no
137545634	TRiXi4	Colon_Right_Epithelial	CCGG	score	2	0.276	0.676	0.476	0.2	0.476	0.283	0.2	2.541	no
137545634	TRiXi4	Coronary_Artery_Smooth_Muscle	CCGG	score	1	0.545	0.545	0.545	0	0.545	NA	NA	NA	no
137545634	TRiXi4	Cortex_Neuron	CCGG	score	1	0.385	0.385	0.385	0	0.385	NA	NA	NA	no
137545634	TRiXi4	Endometrium_Epithelial	CCGG	score	3	0.491	0.674	0.633	0.092	0.599	0.096	0.055	0.239	no
137545634	TRiXi4	Esophagus_Epithelial	CCGG	score	2	0.375	0.619	0.497	0.122	0.497	0.173	0.122	1.55	no
137545634	TRiXi4	Fallopian_Epithelial	CCGG	score	3	0.446	0.628	0.548	0.091	0.541	0.091	0.053	0.227	no
137545634	TRiXi4	Gallbladder_Epithelial	CCGG	score	1	0.486	0.486	0.486	0	0.486	NA	NA	NA	no
137545634	TRiXi4	Gastric_antrum_Endocrine	CCGG	score	1	0.615	0.615	0.615	0	0.615	NA	NA	NA	no
137545634	TRiXi4	Gastric_antrum_Epithelial	CCGG	score	3	0.414	0.431	0.426	0.008	0.424	0.009	0.005	0.022	no
137545634	TRiXi4	Gastric_body_Epithelial	CCGG	score	3	0.356	0.535	0.422	0.09	0.438	0.091	0.052	0.225	no
137545634	TRiXi4	Gastric_fundus_Epithelial	CCGG	score	3	0.277	0.537	0.37	0.13	0.395	0.132	0.076	0.327	no
137545634	TRiXi4	Heart_Fibroblasts	CCGG	score	2	0.204	0.349	0.277	0.073	0.277	0.103	0.073	0.921	no
137545634	TRiXi4	Kidney_Glomerular_Podocytes	CCGG	score	1	0.382	0.382	0.382	0	0.382	NA	NA	NA	no
137545634	TRiXi4	Kidney_Tubular_Endothel	CCGG	score	1	0.259	0.259	0.259	0	0.259	NA	NA	NA	no
137545634	TRiXi4	Liver_Endothelium	CCGG	score	1	0.697	0.697	0.697	0	0.697	NA	NA	NA	no
137545634	TRiXi4	Liver_Hepatocytes	CCGG	score	2	0.375	0.564	0.47	0.095	0.47	0.134	0.095	1.201	no
137545634	TRiXi4	Lung_Alveolar_Endothel	CCGG	score	3	0.279	0.538	0.509	0.129	0.442	0.142	0.082	0.353	no
137545634	TRiXi4	Lung_Bronchus_Epithelial	CCGG	score	1	0.4	0.4	0.4	0	0.4	NA	NA	NA	no
137545634	TRiXi4	Lung_Interstitial_Macrophages	CCGG	score	1	0.2	0.2	0.2	0	0.2	NA	NA	NA	no
137545634	TRiXi4	Lung_Pleura	CCGG	score	1	0.551	0.551	0.551	0	0.551	NA	NA	NA	no
137545634	TRiXi4	Ovary_Epithelial	CCGG	score	1	0.308	0.308	0.308	0	0.308	NA	NA	NA	no
137545634	TRiXi4	Pancreas_Acinar	CCGG	score	1	0.472	0.472	0.472	0	0.472	NA	NA	NA	no
137545634	TRiXi4	Pancreas_Alpha	CCGG	score	3	0.205	0.443	0.3	0.119	0.316	0.12	0.069	0.298	no
137545634	TRiXi4	Pancreas_Beta	CCGG	score	3	0.382	0.438	0.391	0.028	0.404	0.03	0.017	0.075	no
137545634	TRiXi4	Pancreas_Delta	CCGG	score	3	0.288	0.412	0.333	0.062	0.344	0.063	0.036	0.156	no
137545634	TRiXi4	Pancreas_Duct	CCGG	score	1	0.375	0.375	0.375	0	0.375	NA	NA	NA	no
137545634	TRiXi4	Pancreas_Endothel	CCGG	score	3	0.27	0.333	0.289	0.031	0.297	0.032	0.019	0.08	no
137545634	TRiXi4	Pancreas_Islet_Endothel	CCGG	score	1	0.5	0.5	0.5	0	0.5	NA	NA	NA	no
137545634	TRiXi4	Saphenous_Vein_Endothel	CCGG	score	2	0.394	0.429	0.411	0.017	0.411	0.025	0.017	0.222	no
137545634	TRiXi4	Skeletal_Muscle	CCGG	score	1	0.532	0.532	0.532	0	0.532	NA	NA	NA	no
137545634	TRiXi4	Small_int_Epithelial	CCGG	score	2	0.261	0.714	0.487	0.226	0.487	0.32	0.226	2.878	no
137545634	TRiXi4	Thyroid_Epithelial	CCGG	score	3	0.412	0.478	0.458	0.033	0.449	0.034	0.02	0.084	no
137545634	TRiXi4	Tongue_Epithelial	CCGG	score	1	0.6	0.6	0.6	0	0.6	NA	NA	NA	no
137545634	TRiXi4	Tonsil_Palatine_Epithelial	CCGG	score	1	0.39	0.39	0.39	0	0.39	NA	NA	NA	no
137545634	TRiXi4	Tonsil_Pharyngeal_Epithelial	CCGG	score	2	0.38	0.529	0.454	0.074	0.454	0.105	0.074	0.947	no
137545634	TRiXi4	WBC	CCGG	score	21	0.309	0.571	0.417	0.066	0.426	0.065	0.014	0.03	blood cells
137568263	TRiXi5	Adipocytes	CCGG	score	3	0.441	0.623	0.471	0.091	0.512	0.098	0.056	0.242	no
137568263	TRiXi5	Aorta_Endothel	CCGG	score	2	0.286	0.553	0.419	0.133	0.419	0.189	0.133	1.696	no
137568263	TRiXi5	Bladder_Epithelial	CCGG	score	1	0.333	0.333	0.333	0	0.333	NA	NA	NA	no
137568263	TRiXi5	Bladder_Smooth_Muscle	CCGG	score	1	0.25	0.25	0.25	0	0.25	NA	NA	NA	no
137568263	TRiXi5	Blood_B	CCGG	score	4	0.483	0.677	0.58	0.194	0.58	0.112	0.056	0.178	blood cells
137568263	TRiXi5	Blood_B_Mem	CCGG	score	4	0.429	0.615	0.522	0.186	0.522	0.107	0.054	0.171	blood cells
137568263	TRiXi5	Blood_Granulocytes	CCGG	score	4	0.545	0.585	0.565	0.04	0.565	0.023	0.012	0.037	blood cells
137568263	TRiXi5	Blood_Monocytes	CCGG	score	4	0.478	0.483	0.48	0.005	0.48	0.003	0.001	0.005	blood cells
137568263	TRiXi5	Blood_NK	CCGG	score	4	0.345	0.628	0.487	0.283	0.487	0.163	0.082	0.26	blood cells
137568263	TRiXi5	Blood_T_CD3	CCGG	score	4	0.49	0.5	0.495	0.01	0.495	0.006	0.003	0.009	blood cells
137568263	TRiXi5	Blood_T_CD4	CCGG	score	4	0.326	0.422	0.374	0.096	0.374	0.055	0.028	0.088	blood cells
137568263	TRiXi5	Blood_T_CD8	CCGG	score	4	0.469	0.481	0.475	0.012	0.475	0.007	0.003	0.011	blood cells
137568263	TRiXi5	Blood_T_CenMem_CD4	CCGG	score	4	0.441	0.477	0.459	0.036	0.459	0.021	0.01	0.033	blood cells
137568263	TRiXi5	Blood_T_EffMem_CD4	CCGG	score	4	0.417	0.535	0.476	0.118	0.476	0.068	0.034	0.108	blood cells
137568263	TRiXi5	Blood_T_EffMem_CD8	CCGG	score	4	0.448	0.59	0.519	0.142	0.519	0.082	0.041	0.13	blood cells
137568263	TRiXi5	Blood_T_Eff_CD8	CCGG	score	4	0.511	0.59	0.55	0.079	0.55	0.046	0.023	0.073	blood cells
137568263	TRiXi5	Blood_T_Naive_CD4	CCGG	score	2	0.605	0.605	0.605	0	0.605	0	0	0	blood cells
137568263	TRiXi5	Blood_T_Naive_CD8	CCGG	score	4	0.289	0.609	0.449	0.32	0.449	0.185	0.092	0.294	blood cells
137568263	TRiXi5	Bone_Osteoblasts	CCGG	score	1	0.423	0.423	0.423	0	0.423	NA	NA	NA	no
137568263	TRiXi5	Bone_marrow_Erythrocyte_progenitors	CCGG	score	2	0.246	0.263	0.255	0.009	0.255	0.012	0.009	0.108	blood cells
137568263	TRiXi5	Breast_Basal_Epithelial	CCGG	score	4	0.343	0.585	0.564	0.092	0.514	0.116	0.058	0.184	no
137568263	TRiXi5	Breast_Luminal_Epithelial	CCGG	score	3	0.421	0.595	0.533	0.087	0.516	0.088	0.051	0.219	no
137568263	TRiXi5	Colon_Left_Endocrine	CCGG	score	2	0.381	0.615	0.498	0.117	0.498	0.165	0.117	1.487	no
137568263	TRiXi5	Colon_Left_Epithelial	CCGG	score	1	0.481	0.481	0.481	0	0.481	NA	NA	NA	no
137568263	TRiXi5	Colon_Macrophages	CCGG	score	2	0.469	0.474	0.472	0.002	0.472	0.004	0.002	0.032	no
137568263	TRiXi5	Colon_Right_Endocrine	CCGG	score	1	0.52	0.52	0.52	0	0.52	NA	NA	NA	no
137568263	TRiXi5	Colon_Right_Epithelial	CCGG	score	2	0.037	0.638	0.338	0.301	0.338	0.425	0.301	3.818	no
137568263	TRiXi5	Coronary_Artery_Smooth_Muscle	CCGG	score	1	0.413	0.413	0.413	0	0.413	NA	NA	NA	no
137568263	TRiXi5	Cortex_Neuron	CCGG	score	1	0.392	0.392	0.392	0	0.392	NA	NA	NA	no
137568263	TRiXi5	Endometrium_Epithelial	CCGG	score	3	0.556	0.593	0.571	0.019	0.573	0.019	0.011	0.046	no
137568263	TRiXi5	Esophagus_Epithelial	CCGG	score	2	0.303	0.571	0.437	0.134	0.437	0.19	0.134	1.703	no
137568263	TRiXi5	Fallopian_Epithelial	CCGG	score	3	0.413	0.5	0.487	0.044	0.467	0.047	0.027	0.117	no
137568263	TRiXi5	Gallbladder_Epithelial	CCGG	score	1	0.409	0.409	0.409	0	0.409	NA	NA	NA	no
137568263	TRiXi5	Gastric_antrum_Endocrine	CCGG	score	1	0.625	0.625	0.625	0	0.625	NA	NA	NA	no
137568263	TRiXi5	Gastric_antrum_Epithelial	CCGG	score	3	0.373	0.377	0.373	0.002	0.374	0.002	0.001	0.006	no
137568263	TRiXi5	Gastric_body_Epithelial	CCGG	score	3	0.465	0.509	0.472	0.022	0.482	0.024	0.014	0.059	no
137568263	TRiXi5	Gastric_fundus_Epithelial	CCGG	score	3	0.264	0.403	0.351	0.069	0.339	0.07	0.041	0.174	no
137568263	TRiXi5	Heart_Fibroblasts	CCGG	score	2	0.38	0.419	0.399	0.02	0.399	0.028	0.02	0.248	no
137568263	TRiXi5	Kidney_Glomerular_Podocytes	CCGG	score	1	0.467	0.467	0.467	0	0.467	NA	NA	NA	no
137568263	TRiXi5	Kidney_Tubular_Endothel	CCGG	score	1	0.609	0.609	0.609	0	0.609	NA	NA	NA	no
137568263	TRiXi5	Liver_Endothelium	CCGG	score	1	0.36	0.36	0.36	0	0.36	NA	NA	NA	no
137568263	TRiXi5	Liver_Hepatocytes	CCGG	score	2	0.364	0.469	0.417	0.053	0.417	0.074	0.053	0.667	no
137568263	TRiXi5	Lung_Alveolar_Endothel	CCGG	score	3	0.4	0.486	0.418	0.043	0.435	0.045	0.026	0.113	no
137568263	TRiXi5	Lung_Bronchus_Epithelial	CCGG	score	1	0.491	0.491	0.491	0	0.491	NA	NA	NA	no
137568263	TRiXi5	Lung_Interstitial_Macrophages	CCGG	score	1	0.418	0.418	0.418	0	0.418	NA	NA	NA	no
137568263	TRiXi5	Lung_Pleura	CCGG	score	1	0.553	0.553	0.553	0	0.553	NA	NA	NA	no
137568263	TRiXi5	Ovary_Epithelial	CCGG	score	1	0.45	0.45	0.45	0	0.45	NA	NA	NA	no
137568263	TRiXi5	Pancreas_Acinar	CCGG	score	1	0.591	0.591	0.591	0	0.591	NA	NA	NA	no
137568263	TRiXi5	Pancreas_Alpha	CCGG	score	3	0.333	0.5	0.386	0.083	0.406	0.085	0.049	0.212	no
137568263	TRiXi5	Pancreas_Beta	CCGG	score	3	0.395	0.545	0.468	0.075	0.469	0.075	0.043	0.186	no
137568263	TRiXi5	Pancreas_Delta	CCGG	score	3	0.194	0.417	0.395	0.111	0.335	0.123	0.071	0.305	no
137568263	TRiXi5	Pancreas_Duct	CCGG	score	1	0.4	0.4	0.4	0	0.4	NA	NA	NA	no
137568263	TRiXi5	Pancreas_Endothel	CCGG	score	3	0.333	0.583	0.481	0.125	0.466	0.126	0.073	0.312	no
137568263	TRiXi5	Pancreas_Islet_Endothel	CCGG	score	1	0.488	0.488	0.488	0	0.488	NA	NA	NA	no
137568263	TRiXi5	Saphenous_Vein_Endothel	CCGG	score	2	0.489	0.545	0.517	0.028	0.517	0.04	0.028	0.356	no
137568263	TRiXi5	Skeletal_Muscle	CCGG	score	1	0.579	0.579	0.579	0	0.579	NA	NA	NA	no
137568263	TRiXi5	Small_int_Epithelial	CCGG	score	2	0.053	0.568	0.31	0.258	0.31	0.364	0.258	3.274	no
137568263	TRiXi5	Thyroid_Epithelial	CCGG	score	3	0.408	0.553	0.459	0.072	0.473	0.074	0.042	0.183	no
137568263	TRiXi5	Tongue_Epithelial	CCGG	score	1	0.543	0.543	0.543	0	0.543	NA	NA	NA	no
137568263	TRiXi5	Tonsil_Palatine_Epithelial	CCGG	score	1	0.5	0.5	0.5	0	0.5	NA	NA	NA	no
137568263	TRiXi5	Tonsil_Pharyngeal_Epithelial	CCGG	score	2	0.472	0.487	0.479	0.007	0.479	0.011	0.007	0.095	no
137568263	TRiXi5	WBC	CCGG	score	21	0.398	0.534	0.467	0.062	0.469	0.042	0.009	0.019	blood cells
137568508	TRiXi5	Adipocytes	CCGG	score	3	0.228	0.333	0.238	0.053	0.266	0.058	0.033	0.144	no
137568508	TRiXi5	Aorta_Endothel	CCGG	score	2	0.238	0.256	0.247	0.009	0.247	0.013	0.009	0.114	no
137568508	TRiXi5	Bladder_Epithelial	CCGG	score	1	0.828	0.828	0.828	0	0.828	NA	NA	NA	no
137568508	TRiXi5	Bladder_Smooth_Muscle	CCGG	score	1	0.231	0.231	0.231	0	0.231	NA	NA	NA	no
137568508	TRiXi5	Blood_B	CCGG	score	4	0.3	0.412	0.356	0.112	0.356	0.065	0.032	0.103	blood cells
137568508	TRiXi5	Blood_B_Mem	CCGG	score	4	0.292	0.5	0.396	0.208	0.396	0.12	0.06	0.191	blood cells
137568508	TRiXi5	Blood_Granulocytes	CCGG	score	4	0.161	0.405	0.283	0.244	0.283	0.141	0.07	0.224	blood cells
137568508	TRiXi5	Blood_Monocytes	CCGG	score	4	0.25	0.342	0.296	0.092	0.296	0.053	0.027	0.085	blood cells
137568508	TRiXi5	Blood_NK	CCGG	score	4	0.268	0.387	0.328	0.119	0.328	0.069	0.034	0.109	blood cells
137568508	TRiXi5	Blood_T_CD3	CCGG	score	4	0.12	0.333	0.227	0.213	0.227	0.123	0.061	0.196	blood cells
137568508	TRiXi5	Blood_T_CD4	CCGG	score	4	0.31	0.341	0.325	0.031	0.325	0.018	0.009	0.028	blood cells
137568508	TRiXi5	Blood_T_CD8	CCGG	score	4	0.333	0.354	0.344	0.021	0.344	0.012	0.006	0.019	blood cells
137568508	TRiXi5	Blood_T_CenMem_CD4	CCGG	score	4	0.359	0.421	0.39	0.062	0.39	0.036	0.018	0.057	blood cells
137568508	TRiXi5	Blood_T_EffMem_CD4	CCGG	score	4	0.286	0.581	0.433	0.295	0.433	0.17	0.085	0.271	blood cells
137568508	TRiXi5	Blood_T_EffMem_CD8	CCGG	score	4	0.316	0.344	0.33	0.028	0.33	0.016	0.008	0.026	blood cells
137568508	TRiXi5	Blood_T_Eff_CD8	CCGG	score	4	0.382	0.528	0.455	0.146	0.455	0.084	0.042	0.134	blood cells
137568508	TRiXi5	Blood_T_Naive_CD4	CCGG	score	2	0.341	0.341	0.341	0	0.341	0	0	0	blood cells
137568508	TRiXi5	Blood_T_Naive_CD8	CCGG	score	4	0.306	0.444	0.375	0.138	0.375	0.08	0.04	0.127	blood cells
137568508	TRiXi5	Bone_Osteoblasts	CCGG	score	1	0.316	0.316	0.316	0	0.316	NA	NA	NA	no
137568508	TRiXi5	Bone_marrow_Erythrocyte_progenitors	CCGG	score	2	0.224	0.611	0.418	0.193	0.418	0.274	0.193	2.459	blood cells
137568508	TRiXi5	Breast_Basal_Epithelial	CCGG	score	4	0.118	0.586	0.295	0.196	0.324	0.199	0.099	0.316	no
137568508	TRiXi5	Breast_Luminal_Epithelial	CCGG	score	3	0.15	0.395	0.36	0.123	0.302	0.133	0.077	0.329	no
137568508	TRiXi5	Colon_Left_Endocrine	CCGG	score	2	0.278	0.472	0.375	0.097	0.375	0.137	0.097	1.233	no
137568508	TRiXi5	Colon_Left_Epithelial	CCGG	score	1	0.447	0.447	0.447	0	0.447	NA	NA	NA	no
137568508	TRiXi5	Colon_Macrophages	CCGG	score	2	0.435	0.545	0.49	0.055	0.49	0.078	0.055	0.699	no
137568508	TRiXi5	Colon_Right_Endocrine	CCGG	score	1	0.635	0.635	0.635	0	0.635	NA	NA	NA	no
137568508	TRiXi5	Colon_Right_Epithelial	CCGG	score	2	0.069	0.538	0.303	0.234	0.303	0.332	0.234	2.98	no
137568508	TRiXi5	Coronary_Artery_Smooth_Muscle	CCGG	score	1	0.405	0.405	0.405	0	0.405	NA	NA	NA	no
137568508	TRiXi5	Cortex_Neuron	CCGG	score	1	0.345	0.345	0.345	0	0.345	NA	NA	NA	no
137568508	TRiXi5	Endometrium_Epithelial	CCGG	score	3	0.3	0.591	0.44	0.146	0.444	0.146	0.084	0.362	no
137568508	TRiXi5	Esophagus_Epithelial	CCGG	score	2	0.343	0.583	0.463	0.12	0.463	0.17	0.12	1.525	no
137568508	TRiXi5	Fallopian_Epithelial	CCGG	score	3	0.364	0.516	0.395	0.076	0.425	0.08	0.046	0.2	no
137568508	TRiXi5	Gallbladder_Epithelial	CCGG	score	1	0.207	0.207	0.207	0	0.207	NA	NA	NA	no
137568508	TRiXi5	Gastric_antrum_Endocrine	CCGG	score	1	0.111	0.111	0.111	0	0.111	NA	NA	NA	no
137568508	TRiXi5	Gastric_antrum_Epithelial	CCGG	score	3	0.312	0.4	0.349	0.044	0.354	0.044	0.026	0.11	no
137568508	TRiXi5	Gastric_body_Epithelial	CCGG	score	3	0.259	0.356	0.31	0.049	0.308	0.049	0.028	0.121	no
137568508	TRiXi5	Gastric_fundus_Epithelial	CCGG	score	3	0.256	0.489	0.349	0.116	0.365	0.117	0.068	0.291	no
137568508	TRiXi5	Heart_Fibroblasts	CCGG	score	2	0.2	0.256	0.228	0.028	0.228	0.04	0.028	0.356	no
137568508	TRiXi5	Kidney_Glomerular_Podocytes	CCGG	score	1	0.297	0.297	0.297	0	0.297	NA	NA	NA	no
137568508	TRiXi5	Kidney_Tubular_Endothel	CCGG	score	1	0.095	0.095	0.095	0	0.095	NA	NA	NA	no
137568508	TRiXi5	Liver_Endothelium	CCGG	score	1	0.175	0.175	0.175	0	0.175	NA	NA	NA	no
137568508	TRiXi5	Liver_Hepatocytes	CCGG	score	2	0.34	0.35	0.345	0.005	0.345	0.007	0.005	0.064	no
137568508	TRiXi5	Lung_Alveolar_Endothel	CCGG	score	3	0.238	0.378	0.321	0.07	0.312	0.07	0.041	0.175	no
137568508	TRiXi5	Lung_Bronchus_Epithelial	CCGG	score	1	0.205	0.205	0.205	0	0.205	NA	NA	NA	no
137568508	TRiXi5	Lung_Interstitial_Macrophages	CCGG	score	1	0.524	0.524	0.524	0	0.524	NA	NA	NA	no
137568508	TRiXi5	Lung_Pleura	CCGG	score	1	0.312	0.312	0.312	0	0.312	NA	NA	NA	no
137568508	TRiXi5	Ovary_Epithelial	CCGG	score	1	0.407	0.407	0.407	0	0.407	NA	NA	NA	no
137568508	TRiXi5	Pancreas_Acinar	CCGG	score	1	0.242	0.242	0.242	0	0.242	NA	NA	NA	no
137568508	TRiXi5	Pancreas_Alpha	CCGG	score	3	0.104	0.265	0.25	0.08	0.206	0.089	0.051	0.221	no
137568508	TRiXi5	Pancreas_Beta	CCGG	score	3	0.1	0.462	0.1	0.181	0.221	0.209	0.121	0.519	no
137568508	TRiXi5	Pancreas_Delta	CCGG	score	3	0.067	0.355	0.111	0.144	0.178	0.155	0.09	0.386	no
137568508	TRiXi5	Pancreas_Duct	CCGG	score	1	0.226	0.226	0.226	0	0.226	NA	NA	NA	no
137568508	TRiXi5	Pancreas_Endothel	CCGG	score	3	0.211	0.407	0.286	0.098	0.301	0.099	0.057	0.246	no
137568508	TRiXi5	Pancreas_Islet_Endothel	CCGG	score	1	0.364	0.364	0.364	0	0.364	NA	NA	NA	no
137568508	TRiXi5	Saphenous_Vein_Endothel	CCGG	score	2	0.271	0.279	0.275	0.004	0.275	0.006	0.004	0.051	no
137568508	TRiXi5	Skeletal_Muscle	CCGG	score	1	0.211	0.211	0.211	0	0.211	NA	NA	NA	no
137568508	TRiXi5	Small_int_Epithelial	CCGG	score	2	0.2	0.586	0.393	0.193	0.393	0.273	0.193	2.452	no
137568508	TRiXi5	Thyroid_Epithelial	CCGG	score	3	0.194	0.321	0.225	0.064	0.247	0.066	0.038	0.164	no
137568508	TRiXi5	Tongue_Epithelial	CCGG	score	1	0.275	0.275	0.275	0	0.275	NA	NA	NA	no
137568508	TRiXi5	Tonsil_Palatine_Epithelial	CCGG	score	1	0.294	0.294	0.294	0	0.294	NA	NA	NA	no
137568508	TRiXi5	Tonsil_Pharyngeal_Epithelial	CCGG	score	2	0.344	0.393	0.369	0.024	0.369	0.035	0.024	0.311	no
137568508	TRiXi5	WBC	CCGG	score	21	0.203	0.47	0.349	0.091	0.35	0.076	0.017	0.035	blood cells
137568526	TRiXi5	Adipocytes	CCGG	score	3	0.256	0.382	0.362	0.063	0.333	0.068	0.039	0.168	no
137568526	TRiXi5	Aorta_Endothel	CCGG	score	2	0.333	0.341	0.337	0.004	0.337	0.006	0.004	0.051	no
137568526	TRiXi5	Bladder_Epithelial	CCGG	score	1	0.821	0.821	0.821	0	0.821	NA	NA	NA	no
137568526	TRiXi5	Bladder_Smooth_Muscle	CCGG	score	1	0.231	0.231	0.231	0	0.231	NA	NA	NA	no
137568526	TRiXi5	Blood_B	CCGG	score	4	0.472	0.487	0.479	0.015	0.479	0.009	0.004	0.014	blood cells
137568526	TRiXi5	Blood_B_Mem	CCGG	score	4	0.36	0.588	0.474	0.228	0.474	0.132	0.066	0.209	blood cells
137568526	TRiXi5	Blood_Granulocytes	CCGG	score	4	0.278	0.308	0.293	0.03	0.293	0.017	0.009	0.028	blood cells
137568526	TRiXi5	Blood_Monocytes	CCGG	score	4	0.306	0.4	0.353	0.094	0.353	0.054	0.027	0.086	blood cells
137568526	TRiXi5	Blood_NK	CCGG	score	4	0.378	0.433	0.405	0.055	0.405	0.032	0.016	0.051	blood cells
137568526	TRiXi5	Blood_T_CD3	CCGG	score	4	0.432	0.44	0.436	0.008	0.436	0.005	0.002	0.007	blood cells
137568526	TRiXi5	Blood_T_CD4	CCGG	score	4	0.385	0.553	0.469	0.168	0.469	0.097	0.048	0.154	blood cells
137568526	TRiXi5	Blood_T_CD8	CCGG	score	4	0.549	0.564	0.557	0.015	0.557	0.009	0.004	0.014	blood cells
137568526	TRiXi5	Blood_T_CenMem_CD4	CCGG	score	4	0.421	0.462	0.442	0.041	0.442	0.024	0.012	0.038	blood cells
137568526	TRiXi5	Blood_T_EffMem_CD4	CCGG	score	4	0.29	0.343	0.316	0.053	0.316	0.031	0.015	0.049	blood cells
137568526	TRiXi5	Blood_T_EffMem_CD8	CCGG	score	4	0.419	0.524	0.471	0.105	0.471	0.061	0.03	0.096	blood cells
137568526	TRiXi5	Blood_T_Eff_CD8	CCGG	score	4	0.432	0.622	0.527	0.19	0.527	0.11	0.055	0.175	blood cells
137568526	TRiXi5	Blood_T_Naive_CD4	CCGG	score	2	0.526	0.526	0.526	0	0.526	0	0	0	blood cells
137568526	TRiXi5	Blood_T_Naive_CD8	CCGG	score	4	0.298	0.429	0.363	0.131	0.363	0.076	0.038	0.12	blood cells
137568526	TRiXi5	Bone_Osteoblasts	CCGG	score	1	0.389	0.389	0.389	0	0.389	NA	NA	NA	no
137568526	TRiXi5	Bone_marrow_Erythrocyte_progenitors	CCGG	score	2	0.157	0.35	0.253	0.096	0.253	0.136	0.096	1.226	blood cells
137568526	TRiXi5	Breast_Basal_Epithelial	CCGG	score	4	0.188	0.607	0.491	0.189	0.444	0.185	0.093	0.295	no
137568526	TRiXi5	Breast_Luminal_Epithelial	CCGG	score	3	0.304	0.511	0.391	0.103	0.402	0.104	0.06	0.258	no
137568526	TRiXi5	Colon_Left_Endocrine	CCGG	score	2	0.526	0.561	0.544	0.017	0.544	0.025	0.017	0.222	no
137568526	TRiXi5	Colon_Left_Epithelial	CCGG	score	1	0.545	0.545	0.545	0	0.545	NA	NA	NA	no
137568526	TRiXi5	Colon_Macrophages	CCGG	score	2	0.409	0.558	0.484	0.075	0.484	0.105	0.075	0.947	no
137568526	TRiXi5	Colon_Right_Endocrine	CCGG	score	1	0.702	0.702	0.702	0	0.702	NA	NA	NA	no
137568526	TRiXi5	Colon_Right_Epithelial	CCGG	score	2	0.08	0.574	0.327	0.247	0.327	0.349	0.247	3.138	no
137568526	TRiXi5	Coronary_Artery_Smooth_Muscle	CCGG	score	1	0.5	0.5	0.5	0	0.5	NA	NA	NA	no
137568526	TRiXi5	Cortex_Neuron	CCGG	score	1	0.4	0.4	0.4	0	0.4	NA	NA	NA	no
137568526	TRiXi5	Endometrium_Epithelial	CCGG	score	3	0.467	0.511	0.478	0.022	0.485	0.023	0.013	0.057	no
137568526	TRiXi5	Esophagus_Epithelial	CCGG	score	2	0.364	0.7	0.532	0.168	0.532	0.238	0.168	2.135	no
137568526	TRiXi5	Fallopian_Epithelial	CCGG	score	3	0.425	0.562	0.448	0.068	0.478	0.073	0.042	0.182	no
137568526	TRiXi5	Gallbladder_Epithelial	CCGG	score	1	0.304	0.304	0.304	0	0.304	NA	NA	NA	no
137568526	TRiXi5	Gastric_antrum_Endocrine	CCGG	score	1	0.143	0.143	0.143	0	0.143	NA	NA	NA	no
137568526	TRiXi5	Gastric_antrum_Epithelial	CCGG	score	3	0.333	0.39	0.362	0.028	0.362	0.029	0.016	0.071	no
137568526	TRiXi5	Gastric_body_Epithelial	CCGG	score	3	0.273	0.444	0.346	0.086	0.354	0.086	0.05	0.213	no
137568526	TRiXi5	Gastric_fundus_Epithelial	CCGG	score	3	0.316	0.5	0.5	0.092	0.439	0.106	0.061	0.264	no
137568526	TRiXi5	Heart_Fibroblasts	CCGG	score	2	0.171	0.303	0.237	0.066	0.237	0.093	0.066	0.839	no
137568526	TRiXi5	Kidney_Glomerular_Podocytes	CCGG	score	1	0.447	0.447	0.447	0	0.447	NA	NA	NA	no
137568526	TRiXi5	Kidney_Tubular_Endothel	CCGG	score	1	0.45	0.45	0.45	0	0.45	NA	NA	NA	no
137568526	TRiXi5	Liver_Endothelium	CCGG	score	1	0.323	0.323	0.323	0	0.323	NA	NA	NA	no
137568526	TRiXi5	Liver_Hepatocytes	CCGG	score	2	0.371	0.436	0.403	0.032	0.403	0.046	0.032	0.413	no
137568526	TRiXi5	Lung_Alveolar_Endothel	CCGG	score	3	0.405	0.488	0.464	0.042	0.452	0.043	0.025	0.106	no
137568526	TRiXi5	Lung_Bronchus_Epithelial	CCGG	score	1	0.297	0.297	0.297	0	0.297	NA	NA	NA	no
137568526	TRiXi5	Lung_Interstitial_Macrophages	CCGG	score	1	0.488	0.488	0.488	0	0.488	NA	NA	NA	no
137568526	TRiXi5	Lung_Pleura	CCGG	score	1	0.484	0.484	0.484	0	0.484	NA	NA	NA	no
137568526	TRiXi5	Ovary_Epithelial	CCGG	score	1	0.52	0.52	0.52	0	0.52	NA	NA	NA	no
137568526	TRiXi5	Pancreas_Acinar	CCGG	score	1	0.368	0.368	0.368	0	0.368	NA	NA	NA	no
137568526	TRiXi5	Pancreas_Alpha	CCGG	score	3	0.277	0.387	0.324	0.055	0.329	0.055	0.032	0.137	no
137568526	TRiXi5	Pancreas_Beta	CCGG	score	3	0.143	0.346	0.259	0.101	0.249	0.102	0.059	0.253	no
137568526	TRiXi5	Pancreas_Delta	CCGG	score	3	0.125	0.419	0.37	0.147	0.305	0.158	0.091	0.391	no
137568526	TRiXi5	Pancreas_Duct	CCGG	score	1	0.258	0.258	0.258	0	0.258	NA	NA	NA	no
137568526	TRiXi5	Pancreas_Endothel	CCGG	score	3	0.273	0.536	0.48	0.132	0.43	0.139	0.08	0.344	no
137568526	TRiXi5	Pancreas_Islet_Endothel	CCGG	score	1	0.2	0.2	0.2	0	0.2	NA	NA	NA	no
137568526	TRiXi5	Saphenous_Vein_Endothel	CCGG	score	2	0.318	0.341	0.329	0.012	0.329	0.016	0.012	0.146	no
137568526	TRiXi5	Skeletal_Muscle	CCGG	score	1	0.419	0.419	0.419	0	0.419	NA	NA	NA	no
137568526	TRiXi5	Small_int_Epithelial	CCGG	score	2	0.45	0.667	0.558	0.109	0.558	0.153	0.109	1.379	no
137568526	TRiXi5	Thyroid_Epithelial	CCGG	score	3	0.161	0.357	0.294	0.098	0.271	0.1	0.058	0.249	no
137568526	TRiXi5	Tongue_Epithelial	CCGG	score	1	0.324	0.324	0.324	0	0.324	NA	NA	NA	no
137568526	TRiXi5	Tonsil_Palatine_Epithelial	CCGG	score	1	0.42	0.42	0.42	0	0.42	NA	NA	NA	no
137568526	TRiXi5	Tonsil_Pharyngeal_Epithelial	CCGG	score	2	0.4	0.407	0.404	0.003	0.404	0.005	0.003	0.044	no
137568526	TRiXi5	WBC	CCGG	score	21	0.326	0.72	0.418	0.085	0.445	0.09	0.02	0.041	blood cells
