sample	variable	value	XCI pattern	alias
300069	TRiXi3	81.7	skewed	NA
300087	TRiXi1	82	skewed	NA
300087	TRiXi3	81.3	skewed	NA
300098	TRiXi1	83.9	skewed	NA
300098	TRiXi3	71.9	skewed	NA
300137	TRiXi1	83.1	skewed	NA
300137	TRiXi3	85.5	skewed	NA
300156	TRiXi1	86.8	skewed	NA
300156	TRiXi3	72.3	skewed	NA
300199	TRiXi1	74.3	skewed	NA
300199	TRiXi3	82.9	skewed	NA
300278	TRiXi1	87.4	skewed	NA
300278	TRiXi3	79	skewed	NA
ABIS 5	TRiXi1	89.6	skewed	ABIS 5
300515	TRiXi1	85.8	skewed	NA
300848	TRiXi1	80.6	skewed	NA
300848	TRiXi3	75.4	skewed	NA
300957	TRiXi1	72.4	skewed	NA
300957	TRiXi3	80.2	skewed	NA
301001	TRiXi3	89.9	skewed	NA
301103	TRiXi1	76	skewed	NA
301103	TRiXi3	77.7	skewed	NA
301213	TRiXi3	88.6	skewed	NA
301363	TRiXi1	96.2	extremely skewed	NA
301363	TRiXi3	94.6	extremely skewed	NA
301411	TRiXi1	80	skewed	NA
301411	TRiXi3	75.2	skewed	NA
301414	TRiXi1	65.9	skewed	NA
301414	TRiXi3	89.4	skewed	NA
301421	TRiXi1	88.4	skewed	NA
301435	TRiXi1	86.4	skewed	NA
301521	TRiXi1	85.2	skewed	NA
301521	TRiXi3	83.4	skewed	NA
301534	TRiXi3	80.1	skewed	NA
301560	TRiXi1	81	skewed	NA
301560	TRiXi3	75.2	skewed	NA
301757	TRiXi1	80.4	skewed	NA
301757	TRiXi3	74.7	skewed	NA
302707	TRiXi1	74	skewed	NA
302707	TRiXi3	76.4	skewed	NA
302757	TRiXi1	77.6	skewed	NA
302825	TRiXi1	84.7	skewed	NA
302880	TRiXi3	77.3	skewed	NA
303197	TRiXi1	73.1	skewed	NA
303197	TRiXi3	77.9	skewed	NA
303419	TRiXi1	95.1	extremely skewed	NA
303419	TRiXi3	91.5	extremely skewed	NA
303422	TRiXi1	70.8	skewed	NA
303422	TRiXi3	84.4	skewed	NA
303640	TRiXi1	85.7	skewed	NA
303642	TRiXi1	74.1	skewed	NA
303642	TRiXi3	76.3	skewed	NA
303670	TRiXi1	82.5	skewed	NA
303672	TRiXi1	77.8	skewed	NA
303672	TRiXi3	72.8	skewed	NA
303684	TRiXi1	88.2	skewed	NA
303684	TRiXi3	86.8	skewed	NA
303686	TRiXi3	82.5	skewed	NA
303703	TRiXi1	81.9	skewed	NA
303703	TRiXi3	84.3	skewed	NA
303713	TRiXi1	80.5	skewed	NA
303726	TRiXi1	73.1	skewed	NA
303726	TRiXi3	85.3	skewed	NA
303987	TRiXi1	86.2	skewed	NA
303987	TRiXi3	91.9	skewed	NA
305165	TRiXi1	75.1	skewed	NA
305165	TRiXi3	74.9	skewed	NA
305659	TRiXi1	71.1	skewed	NA
305659	TRiXi3	85.7	skewed	NA
307452	TRiXi1	88.8	skewed	NA
307827	TRiXi1	85.2	skewed	NA
307827	TRiXi3	70.1	skewed	NA
307839	TRiXi1	90.6	skewed	NA
307839	TRiXi3	78.3	skewed	NA
307927	TRiXi1	85.5	skewed	NA
308988	TRiXi3	91.1	extremely skewed	NA
309242	TRiXi1	80.9	skewed	NA
309242	TRiXi2	74	skewed	NA
309242	TRiXi4	78.4	skewed	NA
309242	TRiXi5	73.8	skewed	NA
311036	TRiXi1	81.4	skewed	NA
311036	TRiXi3	72.7	skewed	NA
312239	TRiXi1	88.7	skewed	NA
312239	TRiXi3	89.6	skewed	NA
313522	TRiXi1	75.2	skewed	NA
313617	TRiXi1	79.3	skewed	NA
313617	TRiXi3	75.5	skewed	NA
313618	TRiXi1	75.9	skewed	NA
313618	TRiXi3	74.6	skewed	NA
313658	TRiXi1	81.7	skewed	NA
313658	TRiXi3	77.9	skewed	NA
313668	TRiXi1	80.4	skewed	NA
313668	TRiXi2	85.4	skewed	NA
313668	TRiXi3	79.2	skewed	NA
313668	TRiXi5	83.6	skewed	NA
313674	TRiXi1	86.6	skewed	NA
313686	TRiXi1	79.1	skewed	NA
313691	TRiXi1	83.5	skewed	NA
313691	TRiXi3	86.2	skewed	NA
314772	TRiXi1	78.5	skewed	NA
314772	TRiXi3	74.2	skewed	NA
314987	TRiXi1	80	skewed	NA
314987	TRiXi3	75.5	skewed	NA
315040	TRiXi1	75.4	skewed	NA
315049	TRiXi1	94.9	skewed	NA
315049	TRiXi2	81	skewed	NA
315049	TRiXi3	73	skewed	NA
315049	TRiXi5	88.1	skewed	NA
315071	TRiXi1	78.5	skewed	NA
315071	TRiXi3	74.8	skewed	NA
315400	TRiXi1	83.3	skewed	NA
315400	TRiXi2	74.4	skewed	NA
315400	TRiXi3	73.9	skewed	NA
315400	TRiXi4	76.6	skewed	NA
315400	TRiXi5	71.5	skewed	NA
315988	TRiXi1	88.7	skewed	NA
315988	TRiXi3	73.8	skewed	NA
316274	TRiXi2	78.4	skewed	NA
316274	TRiXi3	77	skewed	NA
316274	TRiXi5	70.9	skewed	NA
ABIS 7	TRiXi1	86.2	skewed	ABIS 7
ABIS 7	TRiXi2	80.6	skewed	ABIS 7
ABIS 7	TRiXi3	88.2	skewed	ABIS 7
316387	TRiXi1	74.8	skewed	NA
316387	TRiXi3	77.8	skewed	NA
316389	TRiXi1	85.1	skewed	NA
316389	TRiXi2	86.4	skewed	NA
316389	TRiXi3	77.4	skewed	NA
316389	TRiXi4	83.1	skewed	NA
316389	TRiXi5	85.8	skewed	NA
316803	TRiXi1	76.6	skewed	NA
316803	TRiXi4	87.4	skewed	NA
316803	TRiXi5	83.9	skewed	NA
316977	TRiXi1	82.9	skewed	NA
316977	TRiXi3	86.2	skewed	NA
316977	TRiXi4	79.9	skewed	NA
316977	TRiXi5	80.4	skewed	NA
ABIS 2	TRiXi1	92.1	extremely skewed	ABIS 2
ABIS 2	TRiXi3	95.5	extremely skewed	ABIS 2
317031	TRiXi1	86.3	skewed	NA
317031	TRiXi2	70.6	skewed	NA
317158	TRiXi1	82	skewed	NA
317158	TRiXi3	80.9	skewed	NA
317597	TRiXi1	72.4	skewed	NA
317597	TRiXi3	77.8	skewed	NA
317631	TRiXi1	85.1	skewed	NA
317671	TRiXi1	79.8	skewed	NA
317671	TRiXi2	87.3	skewed	NA
317671	TRiXi4	67.9	skewed	NA
317727	TRiXi1	76.6	skewed	NA
317779	TRiXi1	77.5	skewed	NA
317779	TRiXi3	83.1	skewed	NA
318034	TRiXi1	79.3	skewed	NA
318034	TRiXi3	80.1	skewed	NA
318034	TRiXi4	83.7	skewed	NA
318034	TRiXi5	89.4	skewed	NA
318095	TRiXi1	73.6	skewed	NA
318095	TRiXi2	77.2	skewed	NA
318095	TRiXi5	83.2	skewed	NA
318466	TRiXi1	76.6	skewed	NA
318466	TRiXi3	78	skewed	NA
318531	TRiXi3	78.9	skewed	NA
318531	TRiXi4	77.1	skewed	NA
318531	TRiXi5	89.9	skewed	NA
318609	TRiXi1	80.2	skewed	NA
318609	TRiXi3	80.5	skewed	NA
318680	TRiXi1	70.9	skewed	NA
318680	TRiXi3	77.8	skewed	NA
318680	TRiXi5	85.4	skewed	NA
318745	TRiXi1	83.7	skewed	NA
319141	TRiXi1	74.1	skewed	NA
319141	TRiXi5	84.4	skewed	NA
319250	TRiXi1	78	skewed	NA
319345	TRiXi1	74.4	skewed	NA
319345	TRiXi3	79.9	skewed	NA
319345	TRiXi5	89.9	skewed	NA
320229	TRiXi3	83.3	skewed	NA
320229	TRiXi4	78.6	skewed	NA
320229	TRiXi5	77.4	skewed	NA
ABIS 4	TRiXi1	91.7	extremely skewed	ABIS 4
ABIS 4	TRiXi2	89.6	extremely skewed	ABIS 4
ABIS 4	TRiXi3	92.7	extremely skewed	ABIS 4
ABIS 1	TRiXi1	94.8	extremely skewed	ABIS 1
ABIS 1	TRiXi2	97.8	extremely skewed	ABIS 1
ABIS 1	TRiXi3	99.3	extremely skewed	ABIS 1
ABIS 1	TRiXi4	93.3	extremely skewed	ABIS 1
ABIS 1	TRiXi5	99.6	extremely skewed	ABIS 1
320290	TRiXi1	76.4	skewed	NA
320362	TRiXi1	82.5	skewed	NA
320362	TRiXi4	71	skewed	NA
320362	TRiXi5	79.6	skewed	NA
ABIS 3	TRiXi1	84.5	extremely skewed	ABIS 3
ABIS 3	TRiXi3	98.4	extremely skewed	ABIS 3
ABIS 3	TRiXi4	98.4	extremely skewed	ABIS 3
320864	TRiXi1	64.1	skewed	NA
320864	TRiXi2	89.2	skewed	NA
320864	TRiXi3	75.8	skewed	NA
320864	TRiXi5	84.1	skewed	NA
320902	TRiXi1	68.3	skewed	NA
320902	TRiXi2	80.3	skewed	NA
320902	TRiXi3	77.6	skewed	NA
320902	TRiXi4	80.1	skewed	NA
321022	TRiXi1	84.3	skewed	NA
321022	TRiXi2	85.6	skewed	NA
321994	TRiXi1	74.5	skewed	NA
321994	TRiXi3	70.4	skewed	NA
321994	TRiXi5	82.5	skewed	NA
322012	TRiXi1	71.6	skewed	NA
322012	TRiXi3	79.2	skewed	NA
322012	TRiXi4	74.6	skewed	NA
322012	TRiXi5	75.9	skewed	NA
ABIS 6	TRiXi1	86.7	skewed	ABIS 6
ABIS 6	TRiXi4	81.9	skewed	ABIS 6
ABIS 6	TRiXi5	86.4	skewed	ABIS 6
322646	TRiXi3	82.9	skewed	NA
322646	TRiXi5	82.6	skewed	NA
322829	TRiXi2	70	skewed	NA
322829	TRiXi3	85.7	skewed	NA
322829	TRiXi4	88.2	skewed	NA
322829	TRiXi5	94.5	skewed	NA
323213	TRiXi1	73.3	skewed	NA
323213	TRiXi2	79.7	skewed	NA
323213	TRiXi5	84.1	skewed	NA
323315	TRiXi1	78.2	skewed	NA
323315	TRiXi2	83.5	skewed	NA
323315	TRiXi5	79.8	skewed	NA
323317	TRiXi1	84.3	skewed	NA
324062	TRiXi1	79.7	skewed	NA
324188	TRiXi1	78.8	skewed	NA
324249	TRiXi3	78.1	skewed	NA
324434	TRiXi1	86.6	skewed	NA
324655	TRiXi1	75	skewed	NA
324655	TRiXi2	88.3	skewed	NA
324655	TRiXi5	82.6	skewed	NA
