participant	median_skewing	mad_skewing	range_skewing	n_tissues	skew_group
GTEX-1117F	75	7.30000000000001	25.1	13	skewed
GTEX-1122O	65.9	6.40000000000001	32.9	23	not_skewed
GTEX-1128S	64.75	3.7	32	14	not_skewed
GTEX-113JC	65.4	1.10000000000001	5.39999999999999	9	not_skewed
GTEX-11DXX	58.35	1.6	22.7	26	not_skewed
GTEX-11EM3	61.6	4.5	30.4	22	not_skewed
GTEX-11EMC	65	4.59999999999999	28.3	25	not_skewed
GTEX-11I78	62.25	5.35	33	22	not_skewed
GTEX-11P81	79.6	3.1	14.9	22	skewed
GTEX-11TTK	71.5	4.8	30.5	17	not_skewed
GTEX-11UD1	72.2	2	21.7	7	not_skewed
GTEX-11VI4	64.95	4.15	19.8	18	not_skewed
GTEX-11XUK	67.75	4.8	30.8	16	not_skewed
GTEX-11ZTS	60	1.8	30	25	not_skewed
GTEX-11ZTT	59.1	2.55	26	14	not_skewed
GTEX-11ZVC	61.5	4.4	14.7	19	not_skewed
GTEX-1211K	60.8	3.8	34.4	22	not_skewed
GTEX-1269C	63.6	5.7	20.9	15	not_skewed
GTEX-12WS9	65.3	6.09999999999999	29.1	19	not_skewed
GTEX-12WSB	69.75	4.2	22.8	16	not_skewed
GTEX-12WSG	66.35	3.9	26.1	18	not_skewed
GTEX-12WSJ	60.75	2.2	14.4	14	not_skewed
GTEX-12WSK	66.7	5.5	29.9	21	not_skewed
GTEX-12ZZX	58.3	1.2	21	29	not_skewed
GTEX-13113	67	3.8	41.3	19	not_skewed
GTEX-1313W	70.8	4.09999999999999	26.4	27	not_skewed
GTEX-131XG	66.3	7.40000000000001	34.8	23	not_skewed
GTEX-131XW	87.8	7.1	38	16	skewed
GTEX-132AR	66.7	4.39999999999999	26.9	23	not_skewed
GTEX-133LE	61.9	4.7	26.8	17	not_skewed
GTEX-1399S	64.6	5.4	30.6	22	not_skewed
GTEX-1399U	62.7	3.5	26.4	26	not_skewed
GTEX-139D8	72.7	1.8	25.4	11	not_skewed
GTEX-139T4	76.4	3.05	12.9	6	skewed
GTEX-13CF3	67.7	4.3	33.4	22	not_skewed
GTEX-13D11	64.1	4.99999999999999	27.8	25	not_skewed
GTEX-13FH7	60.9	3.8	14.8	23	not_skewed
GTEX-13FTX	59.3	2.7	40.4	13	not_skewed
GTEX-13FTY	67.2	4.89999999999999	30.7	13	not_skewed
GTEX-13JUV	62.3	4.2	21.8	19	not_skewed
GTEX-13N11	61.8	4.2	34.7	21	not_skewed
GTEX-13NZ8	62.5	2.5	23.1	11	not_skewed
GTEX-13O3O	64.1	4.09999999999999	36.1	27	not_skewed
GTEX-13OVI	58.9	2	15.2	21	not_skewed
GTEX-13PL6	60	1.7	14.9	11	not_skewed
GTEX-13PL7	62.9	4.6	26.8	19	not_skewed
GTEX-13PLJ	99.75	0.25	13.3	8	extreme
GTEX-13PVR	64.45	6.4	38.2	24	not_skewed
GTEX-13QBU	60.75	2.45	12.7	24	not_skewed
GTEX-13QIC	58.3	2.3	15.4	15	not_skewed
GTEX-13QJC	66	6.65	32.3	16	not_skewed
GTEX-13S7M	59.8	2.40000000000001	14.7	19	not_skewed
GTEX-13SLX	69.05	4.14999999999998	32.9	24	not_skewed
GTEX-13U4I	58.4	2.2	16.3	23	not_skewed
GTEX-13VXT	67	5.5	32.5	21	not_skewed
GTEX-13W3W	59.15	2.05	38.8	24	not_skewed
GTEX-13X6H	61.6	3.9	23.7	17	not_skewed
GTEX-13X6K	58.2	1.3	11.9	25	not_skewed
GTEX-145LS	60.35	3.25	24.5	26	not_skewed
GTEX-145MI	71.25	6.65	30.2	16	not_skewed
GTEX-146FH	74.8	5	29.4	21	not_skewed
GTEX-146FR	66.9	5.90000000000001	32.1	18	not_skewed
GTEX-147F3	59.85	2.3	18.2	10	not_skewed
GTEX-148VI	68.45	5.15	24.5	10	not_skewed
GTEX-14A5I	66.4	7.70000000000001	32.1	14	not_skewed
GTEX-14AS3	59.65	2.25	18.6	20	not_skewed
GTEX-14BIM	72.5	3.3	26.2	21	not_skewed
GTEX-14BIN	58.2	2.15	18	26	not_skewed
GTEX-14BMU	60.75	3	30.9	22	not_skewed
GTEX-14DAQ	73.5	6.8	27.3	29	not_skewed
GTEX-14H4A	75.5	5.3	26.9	11	skewed
GTEX-14JG6	61.65	5.25	23.5	20	not_skewed
GTEX-14LLW	68.3	6.7	24.3	15	not_skewed
GTEX-14LZ3	80.5	6.8	25	15	skewed
GTEX-14PHW	72.4	5.7	17.5	7	not_skewed
GTEX-14PHY	67.9	3.65000000000001	28.8	12	not_skewed
GTEX-14PJ5	72.7	4	30.9	12	not_skewed
GTEX-14PJ6	64.6	3.99999999999999	21.2	19	not_skewed
GTEX-14PK6	60.5	3.9	19.6	20	not_skewed
GTEX-14PKU	58.6	2.6	14.7	14	not_skewed
GTEX-14PKV	68.3	9.15	30	12	not_skewed
GTEX-14PN3	64.35	7	33.5	18	not_skewed
GTEX-14PQA	59	1	8.59999999999999	11	not_skewed
GTEX-14XAO	59.85	2.45	32.6	14	not_skewed
GTEX-15CHC	76.5	6	35.8	17	skewed
GTEX-15DCD	72.7	4.3	22.6	18	not_skewed
GTEX-15DCZ	60.75	2.75	20.7	12	not_skewed
GTEX-15DDE	62.35	2.65	22.7	18	not_skewed
GTEX-15DYW	75.85	4.1	27.1	28	skewed
GTEX-15DZA	59.2	1.15	22.9	12	not_skewed
GTEX-15EOM	61.95	3.15	23.1	10	not_skewed
GTEX-15ETS	71.15	6.50000000000001	31.4	12	not_skewed
GTEX-15FZZ	76.3	5.09999999999999	27.8	13	skewed
GTEX-15SB6	67.7	7.3	27.9	11	not_skewed
GTEX-15SDE	61.2	4.7	19.4	10	not_skewed
GTEX-15SHU	63.95	5.8	27.7	20	not_skewed
GTEX-15UF6	58.6	2.4	28.5	19	not_skewed
GTEX-16A39	63.15	6.4	20.4	4	not_skewed
GTEX-16BQI	77	6.80000000000001	33.9	12	skewed
GTEX-16MT8	66.5	5.5	28.2	17	not_skewed
GTEX-16MT9	62	4.9	11.4	3	not_skewed
GTEX-16NGA	83.2	5.39999999999999	23.4	21	skewed
GTEX-16NPV	66.7	4.90000000000001	15	13	not_skewed
GTEX-17F98	63.6	4.4	22	17	not_skewed
GTEX-17F9Y	60	2.5	11.6	13	not_skewed
GTEX-17HG3	75.95	5.85	26.6	22	skewed
GTEX-17JCI	64.15	2.85	17.1	24	not_skewed
GTEX-183WM	60.7	2.90000000000001	27.1	21	not_skewed
GTEX-18A7A	65.4	4.05	33.3	22	not_skewed
GTEX-18D9A	58.2	2.35	34.7	18	not_skewed
GTEX-19HZE	66.8	7.3	34	11	not_skewed
GTEX-1A32A	69.65	6.25	38.1	20	not_skewed
GTEX-1A3MW	62.95	6.45	20.1	14	not_skewed
GTEX-1A8FM	61.2	3.2	20.3	19	not_skewed
GTEX-1AMEY	58.7	1.7	14.6	17	not_skewed
GTEX-1AMFI	62.3	5.25	24.4	22	not_skewed
GTEX-1B932	61.45	4.15	31.9	22	not_skewed
GTEX-1B97J	61.8	5.4	26.2	18	not_skewed
GTEX-1C475	79.5	5.09999999999999	32.7	21	skewed
GTEX-1CAMS	75	3.75	33.1	22	skewed
GTEX-1CAV2	85.8	3.95	40.6	14	skewed
GTEX-1CB4H	63	3.5	17.4	21	not_skewed
GTEX-1EWIQ	70.4	5.3	24.6	25	not_skewed
GTEX-1F52S	58.1	1.6	20.4	19	not_skewed
GTEX-1F5PL	63.05	3.85	32.4	18	not_skewed
GTEX-1F6RS	61.05	2.1	30.5	8	not_skewed
GTEX-1F7RK	61.1	3.8	19.1	15	not_skewed
GTEX-1F88E	72.8	8.39999999999999	31.1	9	not_skewed
GTEX-1F88F	66.7	2.60000000000001	25.2	17	not_skewed
GTEX-1GF9U	70.6	8.95	35	20	not_skewed
GTEX-1GF9X	64.1	5.5	32.2	18	not_skewed
GTEX-1GN1W	63.35	4.4	23	20	not_skewed
GTEX-1GZ4H	59.3	3.09999999999999	38.5	17	not_skewed
GTEX-1GZHY	75.5	4.5	31.6	21	skewed
GTEX-1H1CY	61.35	4.95	35.2	24	not_skewed
GTEX-1H1DF	65.3	2.05	18	8	not_skewed
GTEX-1H2FU	59.6	2.4	21	18	not_skewed
GTEX-1HBPH	58.9	3.3	17.1	32	not_skewed
GTEX-1HBPM	64.75	4.8	19.1	24	not_skewed
GTEX-1HC8U	66.45	4.69999999999999	28	14	not_skewed
GTEX-1HCU8	65.5	5.3	34	13	not_skewed
GTEX-1HCUA	58.5	2.3	25.7	23	not_skewed
GTEX-1HFI7	80.3	5.39999999999999	28.6	21	skewed
GTEX-1HSGN	71.85	7.5	33.7	24	not_skewed
GTEX-1I1CD	73	5.7	27.1	21	not_skewed
GTEX-1I1GT	63.85	3	34.6	20	not_skewed
GTEX-1I4MK	85.95	5.3	36.4	20	skewed
GTEX-1ICG6	71.5	6.25000000000001	27.8	22	not_skewed
GTEX-1IDJE	77.4	5.90000000000001	20.7	9	skewed
GTEX-1IDJI	61.5	3	10.8	11	not_skewed
GTEX-1IDJU	63.8	5.3	22.6	25	not_skewed
GTEX-1IE54	68.4	5.9	22.3	12	not_skewed
GTEX-1IKOE	71	5.1	20.4	18	not_skewed
GTEX-1IKOH	86.6	3.59999999999999	16	14	skewed
GTEX-1J8EW	60.85	3.65	26.5	28	not_skewed
GTEX-1J8JJ	75.7	6.85	24.2	14	skewed
GTEX-1J8QM	64.25	3.75	21.8	22	not_skewed
GTEX-1JMOU	72.25	5.65	29	14	not_skewed
GTEX-1JMQL	62.05	2.8	18.5	14	not_skewed
GTEX-1JN1M	77.4	3.59999999999999	36	19	skewed
GTEX-1JN76	64.4	6.90000000000001	34.4	15	not_skewed
GTEX-1K9T9	62.2	3.1	17.6	24	not_skewed
GTEX-1KANC	74.1	5.60000000000001	31.9	15	not_skewed
GTEX-1LGOU	59.9	2.9	20.6	21	not_skewed
GTEX-1LH75	80.2	5.49999999999999	25.5	19	skewed
GTEX-1LKK1	69.5	4.7	21.4	9	not_skewed
GTEX-1LNCM	63.05	4.1	19	10	not_skewed
GTEX-1LVAM	58.25	2.35	30.1	12	not_skewed
GTEX-1LVAN	66.7	5.09999999999999	33.8	23	not_skewed
GTEX-1MA7W	65.9	4.45000000000001	31.8	12	not_skewed
GTEX-1MCC2	61.8	4.2	36.7	18	not_skewed
GTEX-1MCYP	58.25	1.15	14.4	12	not_skewed
GTEX-1NUQO	66.7	6.7	29.7	9	not_skewed
GTEX-1NV5F	65.4	4.19999999999999	31.4	9	not_skewed
GTEX-1OJC4	59.2	2.8	24.4	15	not_skewed
GTEX-1PBJI	77.8	8.10000000000002	32.1	10	skewed
GTEX-1PIEJ	60.8	3.75	24.4	10	not_skewed
GTEX-1POEN	60.45	2.3	12.6	14	not_skewed
GTEX-1QCLZ	59.2	3	15	19	not_skewed
GTEX-1QEPI	61.2	2.40000000000001	13.8	16	not_skewed
GTEX-1QP28	60.8	2.40000000000001	16.3	17	not_skewed
GTEX-1QP67	59.8	2.35	10.4	12	not_skewed
GTEX-1QPFJ	66.7	5.8	31.9	25	not_skewed
GTEX-1R46S	79.9	3.80000000000001	24.2	17	skewed
GTEX-1R9JW	58.8	2.59999999999999	18.6	17	not_skewed
GTEX-1R9PN	61.35	2.5	13.9	8	not_skewed
GTEX-1R9PO	58.3	1.8	9.5	14	not_skewed
GTEX-1RDX4	68.95	7.85	23.1	14	not_skewed
GTEX-1RNTQ	67.65	5.15	16.9	4	not_skewed
GTEX-1S5ZU	64.25	1.85	9.00000000000001	6	not_skewed
GTEX-1S82P	66.7	5.5	26	11	not_skewed
GTEX-1S82U	66.7	0.949999999999996	14.1	6	not_skewed
GTEX-1S82Z	69.7	6.1	14.4	5	not_skewed
GTEX-NL3G	65.5	4.7	20.8	3	not_skewed
GTEX-OHPL	68.7	9	35.6	15	not_skewed
GTEX-OHPN	60.3	2.05	20.8	22	not_skewed
GTEX-P78B	67.7	6.1	30.5	17	not_skewed
GTEX-POMQ	59.6	1.8	24.9	13	not_skewed
GTEX-PWCY	66.6	7.99999999999999	24.2	17	not_skewed
GTEX-PWN1	78.8	5.00000000000001	29.4	13	skewed
GTEX-PWO3	61.55	2.5	10.9	10	not_skewed
GTEX-PX3G	60.3	2.45	24	20	not_skewed
GTEX-QCQG	58.9	2.4	16.2	17	not_skewed
GTEX-R45C	66.7	4.7	14.7	5	not_skewed
GTEX-S4P3	69.5	5	21.2	13	not_skewed
GTEX-SN8G	72.7	11.9	27.4	9	not_skewed
GTEX-T2IS	59.4	3	23.9	22	not_skewed
GTEX-TML8	68.55	7.55	32.3	12	not_skewed
GTEX-TMMY	65.3	7.3	26.3	17	not_skewed
GTEX-UJHI	59.9	2	15	17	not_skewed
GTEX-UPIC	100	0	0	14	extreme
GTEX-VJWN	59.8	2.7	13.8	8	not_skewed
GTEX-WI4N	63	3.75	11.1	14	not_skewed
GTEX-WRHK	66.2	3.7	13.4	10	not_skewed
GTEX-WRHU	61.5	1.85	23.5	12	not_skewed
GTEX-WXYG	61.5	3.3	27.4	17	not_skewed
GTEX-WYBS	58.4	0.75	13.2	10	not_skewed
GTEX-X638	65.55	4.1	11	4	not_skewed
GTEX-X8HC	64.2	6.40000000000001	19.6	13	not_skewed
GTEX-XMD2	62.8	3.95	13.2	8	not_skewed
GTEX-XOT4	65.85	4.15	20.8	10	not_skewed
GTEX-XUJ4	83.4	7.85	37	24	skewed
GTEX-XUW1	60.6	3.5	12.2	17	not_skewed
GTEX-XUZC	61.9	5.4	38	19	not_skewed
GTEX-XV7Q	75.15	6.49999999999999	32.3	26	skewed
GTEX-XYKS	62.5	4.1	29.6	21	not_skewed
GTEX-Y3IK	60.9	4.2	37	25	not_skewed
GTEX-Y5LM	70.5	7.65	25.5	22	not_skewed
GTEX-Y5V5	60.3	4.35	34.5	22	not_skewed
GTEX-Y8LW	60.45	2.1	21.9	18	not_skewed
GTEX-YB5K	60	2.8	28.1	19	not_skewed
GTEX-YBZK	58.7	0.400000000000006	10	3	not_skewed
GTEX-YJ8O	71.4	4.7	24.1	16	not_skewed
GTEX-ZAJG	66.45	7.3	25.8	18	not_skewed
GTEX-ZAK1	62.65	3.2	34.3	18	not_skewed
GTEX-ZC5H	66.7	5.5	29.8	19	not_skewed
GTEX-ZE7O	64.6	5	22.6	19	not_skewed
GTEX-ZF29	59.5	2.7	33.2	25	not_skewed
GTEX-ZF2S	62.65	3.45	24.4	22	not_skewed
GTEX-ZF3C	87.5	4.8	22.8	15	skewed
GTEX-ZGAY	65.1	8.05	27.9	18	not_skewed
GTEX-ZLV1	59.95	2.7	31.1	16	not_skewed
GTEX-ZLWG	63	4.75	25.5	24	not_skewed
GTEX-ZP4G	59.75	2.65	36.9	22	not_skewed
GTEX-ZPCL	75.6	8.89999999999999	30	19	skewed
GTEX-ZTPG	60.7	1.5	13.7	19	not_skewed
GTEX-ZV68	66.65	4.20000000000001	37.5	10	not_skewed
GTEX-ZV6S	57.55	1.45	16.1	14	not_skewed
GTEX-ZVT2	78.2	8.90000000000001	34.4	23	skewed
GTEX-ZVT3	61.15	3.90000000000001	26.5	22	not_skewed
GTEX-ZVT4	62.95	5.7	22	8	not_skewed
GTEX-ZVZQ	62.9	4.1	30.3	17	not_skewed
GTEX-ZXES	70.75	6.65	38	14	not_skewed
GTEX-ZYFG	77.55	5.34999999999999	40.3	22	skewed
GTEX-ZYVF	94.45	4.55	38.5	18	extreme
GTEX-ZYWO	60.25	2.35	22	22	not_skewed
GTEX-ZYY3	82.05	4.69999999999999	35.6	18	skewed
GTEX-ZZPU	99.8	0.200000000000003	6.5	20	extreme
