sample	method	variable	n	min	max	median	iqr	mean	sd	se	ci
205766	mini	value	3	55.2	63.3	59.2	4.05	59.233	4.05	2.338	10.061
300008	mini	value	3	65.9	66.2	66.1	0.15	66.067	0.153	0.088	0.379
300036	mini	value	3	52.7	57.7	55.2	2.5	55.2	2.5	1.443	6.21
300046	mini	value	3	56.8	61	58.9	2.1	58.9	2.1	1.212	5.217
300049	mini	value	3	54.7	59	56.9	2.15	56.867	2.15	1.241	5.341
300053	mini	value	2	70.1	70.1	70.1	0	70.1	0	0	0
300055	mini	value	3	62	62.3	62.1	0.15	62.133	0.153	0.088	0.379
300063	mini	value	3	53	59.6	56.3	3.3	56.3	3.3	1.905	8.198
300069	mini	value	2	81.7	81.7	81.7	0	81.7	0	0	0
300074	mini	value	3	51.5	54.6	53	1.55	53.033	1.55	0.895	3.851
300077	mini	value	3	71.3	73.6	72.4	1.15	72.433	1.15	0.664	2.858
300079	mini	value	3	51.8	66.6	59.2	7.4	59.2	7.4	4.272	18.383
300085	mini	value	3	69.4	71.8	70.6	1.2	70.6	1.2	0.693	2.981
300086	mini	value	3	54	67.7	60.9	6.85	60.867	6.85	3.955	17.016
300087	mini	value	3	81.3	82	81.7	0.35	81.667	0.351	0.203	0.872
300089	mini	value	2	52.8	52.8	52.8	0	52.8	0	0	0
300091	mini	value	3	58.8	69.2	64	5.2	64	5.2	3.002	12.918
300093	mini	value	2	57.4	57.4	57.4	0	57.4	0	0	0
300098	mini	value	3	71.9	83.9	77.9	6	77.9	6	3.464	14.905
300100	mini	value	3	66.9	70.9	68.9	2	68.9	2	1.155	4.968
300115	mini	value	3	52.4	53.7	53	0.65	53.033	0.651	0.376	1.616
300120	mini	value	3	50.9	61.2	56	5.15	56.033	5.15	2.973	12.794
300133	mini	value	2	53.1	53.1	53.1	0	53.1	0	0	0
300137	mini	value	3	83.1	85.5	84.3	1.2	84.3	1.2	0.693	2.981
300146	mini	value	2	52.7	52.7	52.7	0	52.7	0	0	0
300151	mini	value	3	70.6	73.8	72.2	1.6	72.2	1.6	0.924	3.975
300154	mini	value	2	54.5	54.5	54.5	0	54.5	0	0	0
300156	mini	value	3	72.3	86.8	79.6	7.25	79.567	7.25	4.186	18.01
300159	mini	value	3	61.8	66.4	64.1	2.3	64.1	2.3	1.328	5.714
300162	mini	value	3	53.9	65.5	59.7	5.8	59.7	5.8	3.349	14.408
300172	mini	value	2	56.7	56.7	56.7	0	56.7	0	0	0
300173	mini	value	2	50.4	50.4	50.4	0	50.4	0	0	0
300177	mini	value	3	65.1	76.3	70.7	5.6	70.7	5.6	3.233	13.911
300178	mini	value	3	56.2	61.7	59	2.75	58.967	2.75	1.588	6.832
300184	mini	value	3	55.2	63.4	59.3	4.1	59.3	4.1	2.367	10.185
300186	mini	value	3	60.1	61	60.5	0.45	60.533	0.451	0.26	1.12
300188	mini	value	3	51.2	55.8	53.5	2.3	53.5	2.3	1.328	5.714
300190	mini	value	3	54.9	58	56.5	1.55	56.467	1.55	0.895	3.851
300191	mini	value	3	50	51.7	50.9	0.85	50.867	0.85	0.491	2.113
300195	mini	value	3	63.6	63.8	63.7	0.1	63.7	0.1	0.058	0.248
300199	mini	value	3	74.3	82.9	78.6	4.3	78.6	4.3	2.483	10.682
300200	mini	value	3	58.7	70.6	64.7	5.95	64.667	5.95	3.435	14.781
300205	mini	value	2	53.2	53.2	53.2	0	53.2	0	0	0
300207	mini	value	3	54.6	55.5	55	0.45	55.033	0.451	0.26	1.12
300211	mini	value	3	54.6	55.9	55.2	0.65	55.233	0.651	0.376	1.616
300212	mini	value	2	66.2	66.2	66.2	0	66.2	0	0	0
300214	mini	value	2	50.3	50.3	50.3	0	50.3	0	0	0
300215	mini	value	3	59.1	68.3	63.7	4.6	63.7	4.6	2.656	11.427
300216	mini	value	2	50.2	50.2	50.2	0	50.2	0	0	0
300223	mini	value	3	58.5	61.4	60	1.45	59.967	1.45	0.837	3.603
300226	mini	value	3	65.4	79.8	72.6	7.2	72.6	7.2	4.157	17.886
300236	mini	value	3	52.4	56.4	54.4	2	54.4	2	1.155	4.968
300239	mini	value	3	61.1	62	61.5	0.45	61.533	0.451	0.26	1.12
300242	mini	value	3	59.2	67.4	63.3	4.1	63.3	4.1	2.367	10.185
300244	mini	value	3	50.7	62.4	56.5	5.85	56.533	5.85	3.378	14.532
300247	mini	value	2	67	67	67	0	67	0	0	0
300259	mini	value	2	56.8	56.8	56.8	0	56.8	0	0	0
300285	full	value	2	89.6	89.6	89.6	0	89.6	0	0	0
300318	mini	value	3	50.8	50.9	50.8	0.05	50.833	0.058	0.033	0.143
300329	mini	value	3	51.3	61.6	56.5	5.15	56.467	5.15	2.973	12.794
300332	mini	value	3	51.1	51.7	51.4	0.3	51.4	0.3	0.173	0.745
300402	mini	value	3	62.7	70.1	66.4	3.7	66.4	3.7	2.136	9.191
300417	mini	value	3	50.7	57.4	54	3.35	54.033	3.35	1.934	8.322
300418	mini	value	2	53.9	53.9	53.9	0	53.9	0	0	0
300431	mini	value	3	59.9	67.5	63.7	3.8	63.7	3.8	2.194	9.44
300432	mini	value	3	51.4	62.8	57.1	5.7	57.1	5.7	3.291	14.16
300435	mini	value	3	58.7	64.7	61.7	3	61.7	3	1.732	7.452
300444	mini	value	3	51.2	53.2	52.2	1	52.2	1	0.577	2.484
300450	full	value	3	58.7	65	61.9	3.15	61.867	3.15	1.819	7.825
300454	mini	value	2	57.2	57.2	57.2	0	57.2	0	0	0
300455	mini	value	3	67.4	74.5	71	3.55	70.967	3.55	2.05	8.819
300457	mini	value	3	52.2	52.7	52.5	0.25	52.467	0.252	0.145	0.625
300459	mini	value	2	62.6	62.6	62.6	0	62.6	0	0	0
300463	mini	value	2	67.9	67.9	67.9	0	67.9	0	0	0
300468	mini	value	3	50.3	51.8	51	0.75	51.033	0.751	0.433	1.864
300476	mini	value	3	52.3	59.5	55.9	3.6	55.9	3.6	2.078	8.943
300480	mini	value	3	61.5	65.5	63.5	2	63.5	2	1.155	4.968
300496	mini	value	3	52.3	56.5	54.4	2.1	54.4	2.1	1.212	5.217
300498	mini	value	2	61.4	61.4	61.4	0	61.4	0	0	0
300513	mini	value	3	64.2	64.7	64.4	0.25	64.433	0.252	0.145	0.625
300515	mini	value	2	85.8	85.8	85.8	0	85.8	0	0	0
300516	mini	value	3	54	56.1	55	1.05	55.033	1.05	0.606	2.609
300517	mini	value	2	55.2	55.2	55.2	0	55.2	0	0	0
300521	mini	value	3	56.6	67.1	61.8	5.25	61.833	5.25	3.031	13.042
300523	mini	value	3	58	59.8	58.9	0.9	58.9	0.9	0.52	2.236
300524	mini	value	3	52.7	56.1	54.4	1.7	54.4	1.7	0.981	4.223
300528	mini	value	3	57.8	59.1	58.5	0.65	58.467	0.651	0.376	1.616
300530	mini	value	3	65.1	71.5	68.3	3.2	68.3	3.2	1.848	7.949
300537	mini	value	2	52.3	52.3	52.3	0	52.3	0	0	0
300540	mini	value	2	57.8	57.8	57.8	0	57.8	0	0	0
300541	mini	value	3	62.8	65.5	64.2	1.35	64.167	1.35	0.78	3.354
300543	mini	value	2	52.4	52.4	52.4	0	52.4	0	0	0
300547	mini	value	2	51.2	51.2	51.2	0	51.2	0	0	0
300549	mini	value	3	65.9	74.9	70.4	4.5	70.4	4.5	2.598	11.179
300551	mini	value	3	50.1	54.3	52.2	2.1	52.2	2.1	1.212	5.217
300554	mini	value	3	55.1	57	56	0.95	56.033	0.95	0.549	2.361
300555	mini	value	3	51.3	57.4	54.3	3.05	54.333	3.05	1.761	7.577
300556	mini	value	3	61.7	66.1	63.9	2.2	63.9	2.2	1.27	5.465
300558	mini	value	3	56.1	58.6	57.4	1.25	57.367	1.25	0.722	3.106
300559	mini	value	2	64	64	64	0	64	0	0	0
300562	mini	value	3	64.1	69.9	67	2.9	67	2.9	1.674	7.204
300566	mini	value	2	53.6	53.6	53.6	0	53.6	0	0	0
300567	mini	value	2	54.1	54.1	54.1	0	54.1	0	0	0
300568	mini	value	3	58.8	60.6	59.7	0.9	59.7	0.9	0.52	2.236
300570	mini	value	2	60.8	60.8	60.8	0	60.8	0	0	0
300578	mini	value	3	54.2	60.9	57.5	3.35	57.533	3.35	1.934	8.322
300600	mini	value	3	63.7	65.4	64.6	0.85	64.567	0.85	0.491	2.113
300609	mini	value	2	56.8	56.8	56.8	0	56.8	0	0	0
300616	mini	value	3	52.5	56.6	54.5	2.05	54.533	2.05	1.184	5.093
300617	mini	value	2	72.5	72.5	72.5	0	72.5	0	0	0
300619	mini	value	3	52.5	63.8	58.1	5.65	58.133	5.65	3.262	14.036
300623	mini	value	2	59.5	59.5	59.5	0	59.5	0	0	0
300845	mini	value	3	58.5	67.6	63	4.55	63.033	4.55	2.627	11.303
300848	mini	value	3	75.4	80.6	78	2.6	78	2.6	1.501	6.459
300850	mini	value	3	53	60.3	56.6	3.65	56.633	3.65	2.107	9.067
300855	mini	value	3	50.7	53.7	52.2	1.5	52.2	1.5	0.866	3.726
300860	mini	value	3	51.1	57.2	54.2	3.05	54.167	3.05	1.761	7.577
300862	mini	value	3	62.4	69.7	66	3.65	66.033	3.65	2.107	9.067
300868	mini	value	2	55.2	55.2	55.2	0	55.2	0	0	0
300869	mini	value	3	61.4	63.4	62.4	1	62.4	1	0.577	2.484
300878	mini	value	3	59.1	61.4	60.2	1.15	60.233	1.15	0.664	2.858
300880	mini	value	3	54.8	56.5	55.6	0.85	55.633	0.85	0.491	2.113
300882	mini	value	3	59.7	61.9	60.8	1.1	60.8	1.1	0.635	2.733
300884	mini	value	2	65	65	65	0	65	0	0	0
300891	mini	value	3	64	64.6	64.3	0.3	64.3	0.3	0.173	0.745
300896	mini	value	2	69.9	69.9	69.9	0	69.9	0	0	0
300899	mini	value	3	55	55.7	55.4	0.35	55.367	0.351	0.203	0.872
300907	mini	value	2	62.1	62.1	62.1	0	62.1	0	0	0
300908	mini	value	3	61.5	65.7	63.6	2.1	63.6	2.1	1.212	5.217
300910	mini	value	3	59	65.7	62.4	3.35	62.367	3.35	1.934	8.322
300911	mini	value	3	52	56.5	54.2	2.25	54.233	2.25	1.299	5.59
300912	mini	value	3	53.3	54.6	54	0.65	53.967	0.651	0.376	1.616
300915	mini	value	3	51	60.6	55.8	4.8	55.8	4.8	2.771	11.924
300922	mini	value	3	53.5	56.6	55	1.55	55.033	1.55	0.895	3.851
300926	mini	value	2	66.4	66.4	66.4	0	66.4	0	0	0
300928	mini	value	3	50.1	50.8	50.5	0.35	50.467	0.351	0.203	0.872
300935	mini	value	3	56.6	71.3	64	7.35	63.967	7.35	4.244	18.259
300941	mini	value	2	57.4	57.4	57.4	0	57.4	0	0	0
300946	mini	value	2	56.3	56.3	56.3	0	56.3	0	0	0
300955	mini	value	2	50.6	50.6	50.6	0	50.6	0	0	0
300957	mini	value	3	72.4	80.2	76.3	3.9	76.3	3.9	2.252	9.688
300962	mini	value	3	51.4	58.8	55.1	3.7	55.1	3.7	2.136	9.191
300963	mini	value	3	53.9	55.8	54.8	0.95	54.833	0.95	0.549	2.361
300966	mini	value	2	55.6	55.6	55.6	0	55.6	0	0	0
300968	mini	value	3	50.3	52.5	51.4	1.1	51.4	1.1	0.635	2.733
300972	mini	value	2	62.3	62.3	62.3	0	62.3	0	0	0
300974	mini	value	3	64.1	66.1	65.1	1	65.1	1	0.577	2.484
300975	mini	value	3	60.7	62.6	61.7	0.95	61.667	0.95	0.549	2.361
300978	mini	value	2	53.6	53.6	53.6	0	53.6	0	0	0
300992	mini	value	3	55.2	62.6	58.9	3.7	58.9	3.7	2.136	9.191
300996	mini	value	3	70.3	71	70.7	0.35	70.667	0.351	0.203	0.872
301000	mini	value	3	58.9	60.6	59.8	0.85	59.767	0.85	0.491	2.113
301001	mini	value	2	89.9	89.9	89.9	0	89.9	0	0	0
301003	mini	value	3	55.9	55.9	55.9	0	55.9	0	0	0
301007	mini	value	3	54.9	66.8	60.8	5.95	60.833	5.95	3.435	14.781
301009	mini	value	2	57.8	57.8	57.8	0	57.8	0	0	0
301013	mini	value	2	53	53	53	0	53	0	0	0
301014	mini	value	3	55.5	58.5	57	1.5	57	1.5	0.866	3.726
301015	mini	value	3	57.2	67.5	62.4	5.15	62.367	5.15	2.973	12.794
301021	mini	value	3	52.7	54.3	53.5	0.8	53.5	0.8	0.462	1.987
301024	mini	value	2	53.8	53.8	53.8	0	53.8	0	0	0
301025	mini	value	3	60.4	62.1	61.2	0.85	61.233	0.85	0.491	2.113
301028	mini	value	3	68.8	71.2	70	1.2	70	1.2	0.693	2.981
301032	mini	value	3	59.4	73.1	66.2	6.85	66.233	6.85	3.955	17.016
301033	mini	value	3	72.3	76.7	74.5	2.2	74.5	2.2	1.27	5.465
301039	mini	value	3	55.5	57	56.2	0.75	56.233	0.751	0.433	1.864
301042	mini	value	3	50.1	51.4	50.8	0.65	50.767	0.651	0.376	1.616
301045	mini	value	3	50.6	57.3	54	3.35	53.967	3.35	1.934	8.322
301052	mini	value	2	55.2	55.2	55.2	0	55.2	0	0	0
301064	mini	value	3	50.1	56.1	53.1	3	53.1	3	1.732	7.452
301065	mini	value	3	58.3	63.6	61	2.65	60.967	2.65	1.53	6.583
301086	mini	value	3	54.1	60.1	57.1	3	57.1	3	1.732	7.452
301088	mini	value	3	65.9	76.6	71.2	5.35	71.233	5.35	3.089	13.29
301091	mini	value	3	54.3	55.9	55.1	0.8	55.1	0.8	0.462	1.987
301092	mini	value	3	59.1	67.8	63.5	4.35	63.467	4.35	2.512	10.806
301095	mini	value	2	51.6	51.6	51.6	0	51.6	0	0	0
301099	mini	value	2	64.2	64.2	64.2	0	64.2	0	0	0
301102	mini	value	2	51.6	51.6	51.6	0	51.6	0	0	0
301104	mini	value	3	71.9	75.6	73.8	1.85	73.767	1.85	1.068	4.596
301105	mini	value	3	50.5	54.6	52.5	2.05	52.533	2.05	1.184	5.093
301106	mini	value	3	52.8	57.9	55.3	2.55	55.333	2.55	1.472	6.335
301107	mini	value	3	61.4	62.9	62.1	0.75	62.133	0.751	0.433	1.864
301111	mini	value	2	51.4	51.4	51.4	0	51.4	0	0	0
301116	mini	value	3	50.6	54.4	52.5	1.9	52.5	1.9	1.097	4.72
301121	mini	value	3	56.7	65.9	61.3	4.6	61.3	4.6	2.656	11.427
301125	mini	value	2	66.9	66.9	66.9	0	66.9	0	0	0
301127	mini	value	3	50.7	53.6	52.2	1.45	52.167	1.45	0.837	3.603
301134	mini	value	3	50.5	51.2	50.9	0.35	50.867	0.351	0.203	0.872
301139	mini	value	3	55.9	72.5	64.2	8.3	64.2	8.3	4.792	20.618
301140	mini	value	2	50.4	50.4	50.4	0	50.4	0	0	0
301143	mini	value	3	53.6	56.4	55	1.4	55	1.4	0.808	3.478
301144	mini	value	2	52.3	52.3	52.3	0	52.3	0	0	0
301149	mini	value	2	62.4	62.4	62.4	0	62.4	0	0	0
301150	mini	value	2	55.1	55.1	55.1	0	55.1	0	0	0
301151	mini	value	2	66.8	66.8	66.8	0	66.8	0	0	0
301152	mini	value	3	55.6	58.4	57	1.4	57	1.4	0.808	3.478
301154	mini	value	3	57.1	59.5	58.3	1.2	58.3	1.2	0.693	2.981
301160	mini	value	3	50.7	56.1	53.4	2.7	53.4	2.7	1.559	6.707
301168	mini	value	3	64.8	68.8	66.8	2	66.8	2	1.155	4.968
301170	mini	value	3	71.3	76.8	74	2.75	74.033	2.75	1.588	6.832
301173	mini	value	2	59.4	59.4	59.4	0	59.4	0	0	0
301184	mini	value	3	51.7	53.2	52.5	0.75	52.467	0.751	0.433	1.864
301190	mini	value	3	58.7	63	60.9	2.15	60.867	2.15	1.241	5.341
301191	mini	value	3	59.1	72.4	65.8	6.65	65.767	6.65	3.839	16.52
301195	mini	value	3	52.2	57	54.6	2.4	54.6	2.4	1.386	5.962
301197	mini	value	2	51	51	51	0	51	0	0	0
301198	mini	value	2	63.5	63.5	63.5	0	63.5	0	0	0
301202	mini	value	3	51.7	57.4	54.5	2.85	54.533	2.85	1.646	7.08
301206	mini	value	3	52	54	53	1	53	1	0.577	2.484
301209	mini	value	3	71.3	72.9	72.1	0.8	72.1	0.8	0.462	1.987
301213	mini	value	2	88.6	88.6	88.6	0	88.6	0	0	0
301215	mini	value	3	61.4	61.7	61.5	0.15	61.533	0.153	0.088	0.379
301217	mini	value	3	57.1	60.5	58.8	1.7	58.8	1.7	0.981	4.223
301227	mini	value	3	85.1	90.4	87.8	2.65	87.767	2.65	1.53	6.583
301228	mini	value	3	51.3	51.6	51.5	0.15	51.467	0.153	0.088	0.379
301234	mini	value	3	67.9	72.7	70.3	2.4	70.3	2.4	1.386	5.962
301236	mini	value	3	55.7	73	64.3	8.65	64.333	8.65	4.994	21.488
301239	mini	value	3	61.7	69.5	65.6	3.9	65.6	3.9	2.252	9.688
301245	mini	value	3	52.1	58.6	55.4	3.25	55.367	3.25	1.876	8.074
301252	mini	value	3	52.3	55.7	54	1.7	54	1.7	0.981	4.223
301255	mini	value	3	52	56.8	54.4	2.4	54.4	2.4	1.386	5.962
301262	mini	value	3	50.4	66.2	58.3	7.9	58.3	7.9	4.561	19.625
301273	mini	value	3	57.3	64.8	61	3.75	61.033	3.75	2.165	9.316
301276	mini	value	2	55.6	55.6	55.6	0	55.6	0	0	0
301282	mini	value	3	55.1	60	57.5	2.45	57.533	2.45	1.415	6.087
301284	mini	value	2	54.1	54.1	54.1	0	54.1	0	0	0
301295	mini	value	2	50.4	50.4	50.4	0	50.4	0	0	0
301297	mini	value	2	50.4	50.4	50.4	0	50.4	0	0	0
301356	mini	value	3	51	67.8	59.4	8.4	59.4	8.4	4.85	20.867
301359	mini	value	2	52.2	52.2	52.2	0	52.2	0	0	0
301363	mini	value	3	94.6	96.2	95.4	0.8	95.4	0.8	0.462	1.987
301374	mini	value	3	61.6	68.7	65.2	3.55	65.167	3.55	2.05	8.819
301381	mini	value	3	52.7	59.9	56.3	3.6	56.3	3.6	2.078	8.943
301383	mini	value	2	74.5	74.5	74.5	0	74.5	0	0	0
301385	mini	value	2	59.2	59.2	59.2	0	59.2	0	0	0
301394	mini	value	2	55	55	55	0	55	0	0	0
301402	mini	value	3	73.3	75.3	74.3	1	74.3	1	0.577	2.484
301406	mini	value	2	56.2	56.2	56.2	0	56.2	0	0	0
301410	mini	value	3	62.7	63.6	63.2	0.45	63.167	0.451	0.26	1.12
301411	mini	value	3	75.2	80	77.6	2.4	77.6	2.4	1.386	5.962
301414	mini	value	3	65.9	89.4	77.7	11.75	77.667	11.75	6.784	29.189
301423	mini	value	3	50.5	52.2	51.4	0.85	51.367	0.85	0.491	2.113
301425	mini	value	2	79.6	79.6	79.6	0	79.6	0	0	0
301435	mini	value	2	86.4	86.4	86.4	0	86.4	0	0	0
301443	mini	value	3	63.1	66.4	64.8	1.65	64.767	1.65	0.953	4.099
301445	mini	value	2	66.6	66.6	66.6	0	66.6	0	0	0
301446	mini	value	3	59.9	68.7	64.3	4.4	64.3	4.4	2.54	10.93
301447	mini	value	2	72.7	72.7	72.7	0	72.7	0	0	0
301456	mini	value	3	50.2	58.6	54.4	4.2	54.4	4.2	2.425	10.433
301458	mini	value	2	58.3	58.3	58.3	0	58.3	0	0	0
301462	mini	value	2	59.1	59.1	59.1	0	59.1	0	0	0
301463	mini	value	3	59	59	59	0	59	0	0	0
301464	mini	value	3	58.2	63.6	60.9	2.7	60.9	2.7	1.559	6.707
301465	mini	value	2	71	71	71	0	71	0	0	0
301472	mini	value	2	57.2	57.2	57.2	0	57.2	0	0	0
301478	mini	value	3	65.5	67.4	66.4	0.95	66.433	0.95	0.549	2.361
301481	mini	value	3	68	79.6	73.8	5.8	73.8	5.8	3.349	14.408
301494	mini	value	3	50.4	56.6	53.5	3.1	53.5	3.1	1.79	7.701
301495	mini	value	2	50.9	50.9	50.9	0	50.9	0	0	0
301501	mini	value	3	63.7	66	64.8	1.15	64.833	1.15	0.664	2.858
301502	mini	value	2	65.4	65.4	65.4	0	65.4	0	0	0
301510	mini	value	3	52.4	55.4	53.9	1.5	53.9	1.5	0.866	3.726
301511	mini	value	2	55.3	55.3	55.3	0	55.3	0	0	0
301520	mini	value	3	67.7	73	70.3	2.65	70.333	2.65	1.53	6.583
301521	mini	value	3	83.4	85.2	84.3	0.9	84.3	0.9	0.52	2.236
301526	mini	value	3	54.6	59.2	56.9	2.3	56.9	2.3	1.328	5.714
301528	mini	value	3	56.6	58.7	57.7	1.05	57.667	1.05	0.606	2.609
301534	mini	value	2	80.1	80.1	80.1	0	80.1	0	0	0
301539	mini	value	2	54.7	54.7	54.7	0	54.7	0	0	0
301540	mini	value	3	58.4	64.4	61.4	3	61.4	3	1.732	7.452
301543	mini	value	3	58.6	58.8	58.7	0.1	58.7	0.1	0.058	0.248
301546	mini	value	3	55.7	61.8	58.8	3.05	58.767	3.05	1.761	7.577
301548	mini	value	2	55.6	55.6	55.6	0	55.6	0	0	0
301549	mini	value	3	57.9	70.5	64.2	6.3	64.2	6.3	3.637	15.65
301555	mini	value	2	55.6	55.6	55.6	0	55.6	0	0	0
301556	mini	value	2	66.7	66.7	66.7	0	66.7	0	0	0
301558	mini	value	3	51.3	53.8	52.5	1.25	52.533	1.25	0.722	3.106
301559	mini	value	2	64.2	64.2	64.2	0	64.2	0	0	0
301560	mini	value	3	75.2	81	78.1	2.9	78.1	2.9	1.674	7.204
301564	mini	value	3	66.5	72.8	69.7	3.15	69.667	3.15	1.819	7.825
301570	mini	value	3	59.7	60.8	60.2	0.55	60.233	0.551	0.318	1.368
301574	mini	value	3	67.3	72.1	69.7	2.4	69.7	2.4	1.386	5.962
301576	mini	value	2	57	57	57	0	57	0	0	0
301592	mini	value	3	56.9	60.1	58.5	1.6	58.5	1.6	0.924	3.975
302504	full	value	4	50.2	56.4	51.35	2.975	52.325	2.877	1.438	4.578
302632	full	value	3	61.7	69.3	65.5	3.8	65.5	3.8	2.194	9.44
302701	mini	value	3	58.4	66.5	62.5	4.05	62.467	4.05	2.338	10.061
302707	mini	value	3	74	76.4	75.2	1.2	75.2	1.2	0.693	2.981
302708	mini	value	3	55.5	61.5	58.5	3	58.5	3	1.732	7.452
302709	mini	value	2	61.1	61.1	61.1	0	61.1	0	0	0
302712	mini	value	3	54.4	69.4	61.9	7.5	61.9	7.5	4.33	18.631
302714	mini	value	2	55.5	55.5	55.5	0	55.5	0	0	0
302715	mini	value	3	64.8	73	68.9	4.1	68.9	4.1	2.367	10.185
302716	mini	value	3	62.5	68.3	65.4	2.9	65.4	2.9	1.674	7.204
302717	mini	value	3	64.9	74.5	69.7	4.8	69.7	4.8	2.771	11.924
302722	mini	value	3	50.1	52	51	0.95	51.033	0.95	0.549	2.361
302724	mini	value	3	51.3	60.7	56	4.7	56	4.7	2.714	11.675
302727	mini	value	3	57.4	63.4	60.4	3	60.4	3	1.732	7.452
302730	mini	value	3	54.4	58.7	56.5	2.15	56.533	2.15	1.241	5.341
302733	mini	value	3	56.4	57.7	57	0.65	57.033	0.651	0.376	1.616
302734	mini	value	3	65.7	71.1	68.4	2.7	68.4	2.7	1.559	6.707
302739	mini	value	3	76.4	77.5	77	0.55	76.967	0.551	0.318	1.368
302740	mini	value	2	57.2	57.2	57.2	0	57.2	0	0	0
302753	mini	value	3	55.2	55.3	55.2	0.05	55.233	0.058	0.033	0.143
302754	mini	value	3	50.8	52.7	51.8	0.95	51.767	0.95	0.549	2.361
302757	mini	value	2	77.6	77.6	77.6	0	77.6	0	0	0
302766	mini	value	3	52.8	55.2	54	1.2	54	1.2	0.693	2.981
302767	mini	value	3	52.7	54.5	53.6	0.9	53.6	0.9	0.52	2.236
302806	mini	value	3	50.1	51.1	50.6	0.5	50.6	0.5	0.289	1.242
302815	mini	value	3	62.3	64.1	63.2	0.9	63.2	0.9	0.52	2.236
302825	mini	value	2	84.7	84.7	84.7	0	84.7	0	0	0
302828	mini	value	3	53.7	63.5	58.6	4.9	58.6	4.9	2.829	12.172
302830	mini	value	3	51.3	52.9	52.1	0.8	52.1	0.8	0.462	1.987
302838	mini	value	3	56.3	61.7	59	2.7	59	2.7	1.559	6.707
302843	mini	value	2	59.5	59.5	59.5	0	59.5	0	0	0
302851	mini	value	2	56.2	56.2	56.2	0	56.2	0	0	0
302852	mini	value	3	50.1	51.2	50.7	0.55	50.667	0.551	0.318	1.368
302856	mini	value	2	63.8	63.8	63.8	0	63.8	0	0	0
302858	mini	value	3	51.8	54.8	53.3	1.5	53.3	1.5	0.866	3.726
302860	mini	value	3	56.4	61	58.7	2.3	58.7	2.3	1.328	5.714
302862	mini	value	3	54.2	54.3	54.2	0.05	54.233	0.058	0.033	0.143
302863	mini	value	3	50.9	61.3	56.1	5.2	56.1	5.2	3.002	12.918
302864	mini	value	2	53.3	53.3	53.3	0	53.3	0	0	0
302868	mini	value	3	50.9	56.3	53.6	2.7	53.6	2.7	1.559	6.707
302871	mini	value	2	53.7	53.7	53.7	0	53.7	0	0	0
302873	mini	value	3	59.5	60.5	60	0.5	60	0.5	0.289	1.242
302878	mini	value	2	52.2	52.2	52.2	0	52.2	0	0	0
302880	mini	value	2	77.3	77.3	77.3	0	77.3	0	0	0
302885	mini	value	3	60.6	61.9	61.2	0.65	61.233	0.651	0.376	1.616
302889	mini	value	3	53.1	56.7	54.9	1.8	54.9	1.8	1.039	4.471
302903	mini	value	3	51.3	60.8	56	4.75	56.033	4.75	2.742	11.8
302939	mini	value	2	55.7	55.7	55.7	0	55.7	0	0	0
302966	mini	value	3	51.5	52.2	51.9	0.35	51.867	0.351	0.203	0.872
302977	mini	value	3	60	70.6	65.3	5.3	65.3	5.3	3.06	13.166
302980	mini	value	3	74	75.7	74.8	0.85	74.833	0.85	0.491	2.113
302986	mini	value	2	56.8	56.8	56.8	0	56.8	0	0	0
303005	mini	value	3	54.2	62	58.1	3.9	58.1	3.9	2.252	9.688
303008	mini	value	3	53	53.4	53.2	0.2	53.2	0.2	0.115	0.497
303013	mini	value	3	62.3	69.3	65.8	3.5	65.8	3.5	2.021	8.694
303023	mini	value	3	57.7	75.5	66.6	8.9	66.6	8.9	5.138	22.109
303031	mini	value	3	67.7	73.5	70.6	2.9	70.6	2.9	1.674	7.204
303037	mini	value	3	53	54.1	53.5	0.55	53.533	0.551	0.318	1.368
303044	mini	value	3	52.7	61.5	57.1	4.4	57.1	4.4	2.54	10.93
303047	mini	value	3	60	64.7	62.4	2.35	62.367	2.35	1.357	5.838
303197	mini	value	3	73.1	77.9	75.5	2.4	75.5	2.4	1.386	5.962
303201	mini	value	3	53.5	55.6	54.5	1.05	54.533	1.05	0.606	2.609
303202	mini	value	3	50.8	52.8	51.8	1	51.8	1	0.577	2.484
303208	mini	value	3	61.1	66.8	64	2.85	63.967	2.85	1.646	7.08
303214	mini	value	3	70.3	76.4	73.3	3.05	73.333	3.05	1.761	7.577
303220	mini	value	2	60.3	60.3	60.3	0	60.3	0	0	0
303224	mini	value	3	54.8	66	60.4	5.6	60.4	5.6	3.233	13.911
303227	mini	value	3	66.9	67.4	67.2	0.25	67.167	0.252	0.145	0.625
303234	mini	value	2	59.1	59.1	59.1	0	59.1	0	0	0
303235	mini	value	2	73.2	73.2	73.2	0	73.2	0	0	0
303271	mini	value	3	60.3	68.8	64.6	4.25	64.567	4.25	2.454	10.558
303282	mini	value	3	52.7	62.5	57.6	4.9	57.6	4.9	2.829	12.172
303286	mini	value	2	53.9	53.9	53.9	0	53.9	0	0	0
303294	mini	value	3	59	64.4	61.7	2.7	61.7	2.7	1.559	6.707
303299	mini	value	3	53.7	54.2	54	0.25	53.967	0.252	0.145	0.625
303307	mini	value	3	52.8	56.3	54.5	1.75	54.533	1.75	1.011	4.348
303402	mini	value	3	62	65.4	63.7	1.7	63.7	1.7	0.981	4.223
303411	mini	value	3	67	68.8	67.9	0.9	67.9	0.9	0.52	2.236
303419	mini	value	3	91.5	95.1	93.3	1.8	93.3	1.8	1.039	4.471
303420	mini	value	3	73.8	76.9	75.3	1.55	75.333	1.55	0.895	3.851
303422	mini	value	3	70.8	84.4	77.6	6.8	77.6	6.8	3.926	16.892
303423	mini	value	2	64	64	64	0	64	0	0	0
303428	mini	value	2	59.9	59.9	59.9	0	59.9	0	0	0
303432	mini	value	3	51.1	61.1	56.1	5	56.1	5	2.887	12.421
303435	mini	value	3	55.8	56.4	56.1	0.3	56.1	0.3	0.173	0.745
303438	mini	value	3	51.6	63.3	57.5	5.85	57.467	5.85	3.378	14.532
303439	mini	value	3	58	58.7	58.4	0.35	58.367	0.351	0.203	0.872
303440	mini	value	3	66.9	81.1	74	7.1	74	7.1	4.099	17.637
303455	mini	value	2	58.9	58.9	58.9	0	58.9	0	0	0
303457	mini	value	2	57.9	57.9	57.9	0	57.9	0	0	0
303459	mini	value	2	50.8	50.8	50.8	0	50.8	0	0	0
303466	mini	value	3	67.8	69.3	68.6	0.75	68.567	0.751	0.433	1.864
303467	mini	value	3	65.2	68.4	66.8	1.6	66.8	1.6	0.924	3.975
303476	mini	value	3	50.9	59.1	55	4.1	55	4.1	2.367	10.185
303479	mini	value	3	62.9	65.5	64.2	1.3	64.2	1.3	0.751	3.229
303486	mini	value	3	61.4	70.1	65.8	4.35	65.767	4.35	2.512	10.806
303497	mini	value	3	52.2	52.7	52.5	0.25	52.467	0.252	0.145	0.625
303499	mini	value	2	57.4	57.4	57.4	0	57.4	0	0	0
303500	mini	value	2	63.7	63.7	63.7	0	63.7	0	0	0
303502	mini	value	3	64	67.7	65.8	1.85	65.833	1.85	1.068	4.596
303503	mini	value	3	55.9	57.8	56.8	0.95	56.833	0.95	0.549	2.361
303504	mini	value	3	52.8	53.5	53.1	0.35	53.133	0.351	0.203	0.872
303505	mini	value	3	56.1	63.2	59.7	3.55	59.667	3.55	2.05	8.819
303510	mini	value	3	53	54.4	53.7	0.7	53.7	0.7	0.404	1.739
303517	mini	value	3	55.7	62.2	59	3.25	58.967	3.25	1.876	8.074
303518	mini	value	3	51	59.5	55.2	4.25	55.233	4.25	2.454	10.558
303523	mini	value	3	51.6	72.2	61.9	10.3	61.9	10.3	5.947	25.587
303544	mini	value	2	54.2	54.2	54.2	0	54.2	0	0	0
303616	mini	value	3	50.2	59.9	55	4.85	55.033	4.85	2.8	12.048
303620	mini	value	3	51.7	53.1	52.4	0.7	52.4	0.7	0.404	1.739
303628	mini	value	2	50.9	50.9	50.9	0	50.9	0	0	0
303630	mini	value	3	60.3	67.6	63.9	3.65	63.933	3.65	2.107	9.067
303632	mini	value	3	53.2	53.6	53.4	0.2	53.4	0.2	0.115	0.497
303636	mini	value	2	71.9	71.9	71.9	0	71.9	0	0	0
303637	mini	value	3	52.7	54	53.4	0.65	53.367	0.651	0.376	1.616
303638	mini	value	3	51.6	54.5	53	1.45	53.033	1.45	0.837	3.603
303640	mini	value	2	85.7	85.7	85.7	0	85.7	0	0	0
303646	mini	value	3	50.9	61.7	56.3	5.4	56.3	5.4	3.118	13.414
303648	mini	value	2	67.9	67.9	67.9	0	67.9	0	0	0
303653	mini	value	2	67.3	67.3	67.3	0	67.3	0	0	0
303655	mini	value	2	76.7	76.7	76.7	0	76.7	0	0	0
303657	mini	value	3	60.4	70.5	65.4	5.05	65.433	5.05	2.916	12.545
303660	mini	value	2	53.9	53.9	53.9	0	53.9	0	0	0
303663	mini	value	3	64.7	73.9	69.3	4.6	69.3	4.6	2.656	11.427
303664	mini	value	2	66.2	66.2	66.2	0	66.2	0	0	0
303666	mini	value	3	66	72.8	69.4	3.4	69.4	3.4	1.963	8.446
303670	mini	value	2	82.5	82.5	82.5	0	82.5	0	0	0
303671	mini	value	2	62	62	62	0	62	0	0	0
303672	mini	value	3	72.8	77.8	75.3	2.5	75.3	2.5	1.443	6.21
303673	mini	value	2	53.3	53.3	53.3	0	53.3	0	0	0
303675	mini	value	3	69.3	73.4	71.3	2.05	71.333	2.05	1.184	5.093
303681	mini	value	3	61.7	62.3	62	0.3	62	0.3	0.173	0.745
303682	mini	value	2	51.9	51.9	51.9	0	51.9	0	0	0
303683	mini	value	2	63.1	63.1	63.1	0	63.1	0	0	0
303684	mini	value	3	86.8	88.2	87.5	0.7	87.5	0.7	0.404	1.739
303686	mini	value	2	82.5	82.5	82.5	0	82.5	0	0	0
303688	mini	value	3	72	72.8	72.4	0.4	72.4	0.4	0.231	0.994
303690	mini	value	3	50.9	67.8	59.3	8.45	59.333	8.45	4.879	20.991
303695	mini	value	3	63.7	77.6	70.7	6.95	70.667	6.95	4.013	17.265
303699	mini	value	3	50.3	64.2	57.2	6.95	57.233	6.95	4.013	17.265
303703	mini	value	3	81.9	84.3	83.1	1.2	83.1	1.2	0.693	2.981
303704	mini	value	2	50.3	50.3	50.3	0	50.3	0	0	0
303712	mini	value	2	62.4	62.4	62.4	0	62.4	0	0	0
303713	mini	value	2	80.5	80.5	80.5	0	80.5	0	0	0
303714	mini	value	3	56	74.7	65.3	9.35	65.333	9.35	5.398	23.227
303717	mini	value	2	51.3	51.3	51.3	0	51.3	0	0	0
303718	mini	value	3	64.5	64.9	64.7	0.2	64.7	0.2	0.115	0.497
303730	mini	value	3	57.5	58.4	58	0.45	57.967	0.451	0.26	1.12
303737	mini	value	2	64.2	64.2	64.2	0	64.2	0	0	0
303740	mini	value	3	53.9	59.9	56.9	3	56.9	3	1.732	7.452
303745	mini	value	3	55.5	56.8	56.1	0.65	56.133	0.651	0.376	1.616
303756	mini	value	2	54.6	54.6	54.6	0	54.6	0	0	0
303757	mini	value	2	64.6	64.6	64.6	0	64.6	0	0	0
303762	mini	value	3	72.3	72.7	72.5	0.2	72.5	0.2	0.115	0.497
303767	mini	value	2	62.9	62.9	62.9	0	62.9	0	0	0
303768	mini	value	2	58.5	58.5	58.5	0	58.5	0	0	0
303772	mini	value	3	64.5	65.4	65	0.45	64.967	0.451	0.26	1.12
303773	mini	value	3	51.3	51.7	51.5	0.2	51.5	0.2	0.115	0.497
303778	mini	value	2	54.7	54.7	54.7	0	54.7	0	0	0
303786	mini	value	2	71.2	71.2	71.2	0	71.2	0	0	0
303787	mini	value	3	71.1	73.3	72.2	1.1	72.2	1.1	0.635	2.733
303795	mini	value	2	67	67	67	0	67	0	0	0
303799	mini	value	3	54.2	59.6	56.9	2.7	56.9	2.7	1.559	6.707
303800	mini	value	2	73.1	73.1	73.1	0	73.1	0	0	0
305105	mini	value	3	55.1	61.5	58.3	3.2	58.3	3.2	1.848	7.949
305127	mini	value	3	57	67.9	62.5	5.45	62.467	5.45	3.147	13.539
305130	mini	value	3	56	63.5	59.8	3.75	59.767	3.75	2.165	9.316
305131	mini	value	3	52.6	65.5	59	6.45	59.033	6.45	3.724	16.023
305151	mini	value	3	56.9	66.2	61.5	4.65	61.533	4.65	2.685	11.551
305163	mini	value	3	63.7	76.1	69.9	6.2	69.9	6.2	3.58	15.402
305165	mini	value	3	74.9	75.1	75	0.1	75	0.1	0.058	0.248
305177	mini	value	2	66.4	66.4	66.4	0	66.4	0	0	0
305354	mini	value	2	66.7	66.7	66.7	0	66.7	0	0	0
305369	mini	value	3	57	59.7	58.4	1.35	58.367	1.35	0.78	3.354
305379	mini	value	2	59	59	59	0	59	0	0	0
305382	mini	value	2	58.1	58.1	58.1	0	58.1	0	0	0
305391	mini	value	3	50.8	56.8	53.8	3	53.8	3	1.732	7.452
307816	mini	value	2	67	67	67	0	67	0	0	0
307821	mini	value	2	53.5	53.5	53.5	0	53.5	0	0	0
307822	mini	value	3	54.7	60.6	57.7	2.95	57.667	2.95	1.703	7.329
307827	mini	value	3	70.1	85.2	77.7	7.55	77.667	7.55	4.359	18.755
307832	mini	value	3	51.9	52.9	52.4	0.5	52.4	0.5	0.289	1.242
307835	mini	value	2	58.6	58.6	58.6	0	58.6	0	0	0
307837	mini	value	3	52.3	58.3	55.3	3	55.3	3	1.732	7.452
307838	mini	value	3	63.1	69.6	66.3	3.25	66.333	3.25	1.876	8.074
307839	mini	value	3	78.3	90.6	84.4	6.15	84.433	6.15	3.551	15.278
307899	mini	value	2	51.8	51.8	51.8	0	51.8	0	0	0
307902	mini	value	3	64.3	78.1	71.2	6.9	71.2	6.9	3.984	17.141
307903	mini	value	3	50.1	57.7	53.9	3.8	53.9	3.8	2.194	9.44
307915	mini	value	3	60.9	62.5	61.7	0.8	61.7	0.8	0.462	1.987
307917	mini	value	3	69	74	71.5	2.5	71.5	2.5	1.443	6.21
307919	mini	value	2	67.5	67.5	67.5	0	67.5	0	0	0
307921	mini	value	3	58	71.1	64.6	6.55	64.567	6.55	3.782	16.271
307924	mini	value	2	64.7	64.7	64.7	0	64.7	0	0	0
307927	mini	value	2	85.5	85.5	85.5	0	85.5	0	0	0
307929	mini	value	2	50.2	50.2	50.2	0	50.2	0	0	0
307933	mini	value	3	50.2	59.3	54.8	4.55	54.767	4.55	2.627	11.303
307937	mini	value	3	52.3	58.5	55.4	3.1	55.4	3.1	1.79	7.701
307938	mini	value	3	50.7	57.3	54	3.3	54	3.3	1.905	8.198
307940	mini	value	3	68.9	73.4	71.2	2.25	71.167	2.25	1.299	5.59
307942	mini	value	3	51.6	55.6	53.6	2	53.6	2	1.155	4.968
307959	mini	value	2	60.7	60.7	60.7	0	60.7	0	0	0
307973	mini	value	3	58.3	61.4	59.8	1.55	59.833	1.55	0.895	3.851
307974	mini	value	2	62.2	62.2	62.2	0	62.2	0	0	0
307976	mini	value	2	55.6	55.6	55.6	0	55.6	0	0	0
307999	mini	value	3	58.2	60.6	59.4	1.2	59.4	1.2	0.693	2.981
309242	full	value	5	73.8	80.9	76.8	4.4	76.78	3.009	1.346	3.736
313013	full	value	5	52	55.8	53.7	1.5	53.68	1.462	0.654	1.815
313605	full	value	6	58	64.4	61.15	2.05	61.067	2.203	0.9	2.312
313609	full	value	5	53.3	66.9	63.9	3.2	62.42	5.375	2.404	6.674
313633	mini	value	2	72.3	72.3	72.3	0	72.3	0	0	0
313639	mini	value	3	62.8	65.5	64.2	1.35	64.167	1.35	0.78	3.354
313642	mini	value	2	58.4	58.4	58.4	0	58.4	0	0	0
313644	full	value	5	52.2	60.3	56.6	6.6	56.58	3.708	1.658	4.605
313668	full	value	5	79.2	85.4	82.2	3.2	82.16	2.471	1.105	3.069
313673	full	value	4	51.4	56.6	55.35	2.275	54.675	2.323	1.161	3.696
313690	full	value	6	61.1	71.2	67.55	1.425	67.067	3.323	1.357	3.487
313694	mini	value	3	54.7	65.5	60.1	5.4	60.1	5.4	3.118	13.414
313696	full	value	3	51.7	54.5	52.2	1.4	52.8	1.493	0.862	3.71
313697	full	value	5	61.2	72.3	67.1	0.9	67.1	3.953	1.768	4.908
314100	full	value	6	51	69.2	56.75	4.375	57.083	6.548	2.673	6.871
314311	full	value	3	59.6	70.3	65	5.35	64.967	5.35	3.089	13.29
315015	full	value	5	51.8	60.9	55.8	2.1	55.76	3.356	1.501	4.167
315049	full	value	5	73	94.9	84.2	7.1	84.24	8.145	3.643	10.114
315058	full	value	5	51.9	82	66.7	6.8	66.72	10.912	4.88	13.55
315077	full	value	2	60.9	60.9	60.9	0	60.9	0	0	0
315092	full	value	4	60.6	64.8	63.05	1.275	62.875	1.731	0.865	2.754
315129	full	value	4	54.3	69.6	66.05	6.75	64	6.867	3.433	10.927
315163	full	value	3	53.7	55.2	54.5	0.75	54.467	0.751	0.433	1.864
315186	full	value	3	65.5	70.5	68	2.5	68	2.5	1.443	6.21
315188	full	value	6	51.3	82	71.55	11.55	69.917	11.054	4.513	11.6
315199	full	value	5	61.3	71.5	67.6	2.2	67.52	3.85	1.722	4.78
315202	full	value	6	58.9	71.9	62	4.875	63.183	4.866	1.987	5.107
315215	full	value	5	56.5	74.1	70.4	5.3	68.78	7.246	3.241	8.997
315222	mini	value	3	52.1	58.4	55.2	3.15	55.233	3.15	1.819	7.825
315228	full	value	3	51.7	53.9	52.8	1.1	52.8	1.1	0.635	2.733
315269	mini	value	3	51.2	53.8	52.5	1.3	52.5	1.3	0.751	3.229
315313	full	value	4	50.6	63.7	58.4	4.175	57.775	5.419	2.709	8.622
315324	full	value	5	50.2	57	53.7	5.5	53.68	3.093	1.383	3.841
315326	full	value	4	51.3	66.5	58.7	3.95	58.8	6.207	3.103	9.877
315339	mini	value	3	56.4	59.7	58	1.65	58.033	1.65	0.953	4.099
315385	full	value	4	54.4	55.9	54.9	0.525	55.025	0.634	0.317	1.01
315386	full	value	5	50.4	59.2	54.2	4.7	54.18	3.582	1.602	4.448
315400	full	value	6	71.5	83.3	75.15	2.4	75.933	4.021	1.642	4.22
315867	mini	value	3	57.5	70.1	63.8	6.3	63.8	6.3	3.637	15.65
315906	full	value	4	53.6	66.1	58.3	4.325	59.075	5.222	2.611	8.309
315911	full	value	6	52.8	66.7	59.45	3.675	59.6	4.653	1.9	4.883
315918	mini	value	3	66.9	67.6	67.2	0.35	67.233	0.351	0.203	0.872
315922	full	value	4	59.4	66.3	65.1	3.375	63.975	3.229	1.615	5.139
315945	mini	value	3	61.3	69.7	65.5	4.2	65.5	4.2	2.425	10.433
315952	full	value	5	66	73.4	69.8	1.2	69.76	2.651	1.186	3.292
315973	full	value	5	61.8	73.7	68	9.2	68.02	5.325	2.381	6.612
315988	mini	value	3	73.8	88.7	81.2	7.45	81.233	7.45	4.301	18.507
316010	mini	value	3	55	59.4	57.2	2.2	57.2	2.2	1.27	5.465
316274	full	value	4	70.9	78.4	76.2	3.075	75.425	3.256	1.628	5.181
316301	mini	value	2	61.6	61.6	61.6	0	61.6	0	0	0
316302	full	value	3	59.1	63.5	61.3	2.2	61.3	2.2	1.27	5.465
316314	mini	value	3	50.1	50.9	50.5	0.4	50.5	0.4	0.231	0.994
316315	mini	value	2	57.6	57.6	57.6	0	57.6	0	0	0
316324	full	value	5	52.4	63.4	59.8	2.7	59.42	4.256	1.903	5.284
316327	full	value	5	55.6	62.9	57.2	1.5	58.08	2.844	1.272	3.531
316340	full	value	4	80.6	88.2	85.6	2.8	85	3.217	1.608	5.118
316345	full	value	4	50	53.5	51.3	1.175	51.525	1.461	0.731	2.325
316346	mini	value	2	62.9	62.9	62.9	0	62.9	0	0	0
316348	full	value	6	62	75.6	70.95	4.1	70.733	4.901	2.001	5.144
316354	mini	value	3	60.1	75.1	67.6	7.5	67.6	7.5	4.33	18.631
316367	mini	value	2	61	61	61	0	61	0	0	0
316373	full	value	5	54.9	71	64.4	9.6	64.38	6.779	3.032	8.417
316387	mini	value	3	74.8	77.8	76.3	1.5	76.3	1.5	0.866	3.726
316389	full	value	6	77.4	86.4	84.35	2.4	83.567	3.275	1.337	3.436
316415	mini	value	2	70.5	70.5	70.5	0	70.5	0	0	0
316468	mini	value	2	67	67	67	0	67	0	0	0
316472	mini	value	3	51.3	52.3	51.8	0.5	51.8	0.5	0.289	1.242
316476	full	value	4	63.2	82.2	73.25	5.125	72.975	7.766	3.883	12.357
316493	full	value	4	54.1	65.9	62.8	5.05	61.4	5.208	2.604	8.288
316502	mini	value	3	56.8	58.9	57.8	1.05	57.833	1.05	0.606	2.609
316517	mini	value	3	52.7	57.2	55	2.25	54.967	2.25	1.299	5.59
316544	full	value	3	59.4	64.4	61.9	2.5	61.9	2.5	1.443	6.21
316558	mini	value	3	50.7	61.6	56.2	5.45	56.167	5.45	3.147	13.539
316561	full	value	5	54.1	65.5	62	1.4	61	4.208	1.882	5.225
316568	mini	value	3	53.6	63.9	58.8	5.15	58.767	5.15	2.973	12.794
316604	full	value	5	50.8	62.5	57	6	57.02	4.664	2.086	5.791
316611	full	value	5	50.7	57.3	52.9	2.6	53.42	2.565	1.147	3.184
316613	full	value	4	52.4	56.3	54	1.275	54.175	1.613	0.807	2.567
316635	full	value	6	53.6	71.5	59.45	11.125	61.3	7.351	3.001	7.715
316647	full	value	5	59.1	71.1	64.5	7.1	64.52	4.963	2.22	6.162
316652	mini	value	3	79	84.8	81.9	2.9	81.9	2.9	1.674	7.204
316653	mini	value	3	55.4	73.3	64.3	8.95	64.333	8.95	5.167	22.233
316654	full	value	5	66.3	78.3	73.3	6.8	73.3	4.978	2.226	6.181
316662	full	value	6	55.4	61.8	56.75	1.3	57.233	2.353	0.961	2.47
316676	full	value	4	53.4	59	54.85	2.375	55.525	2.473	1.237	3.935
316680	mini	value	2	54.7	54.7	54.7	0	54.7	0	0	0
316683	full	value	6	50.5	63.1	54.75	1.45	55.3	4.198	1.714	4.405
316689	full	value	5	63.7	66	64.7	0.4	64.72	0.835	0.373	1.037
316700	full	value	5	68.3	77.8	73	5.2	72.98	3.83	1.713	4.755
316707	full	value	5	52.3	77.4	60.9	8	60.88	10.127	4.529	12.574
316714	full	value	3	54	68.1	63.3	7.05	61.8	7.169	4.139	17.808
316721	full	value	4	51	53.7	51.7	1.125	52.025	1.19	0.595	1.893
316732	mini	value	2	51.8	51.8	51.8	0	51.8	0	0	0
316755	mini	value	2	71.7	71.7	71.7	0	71.7	0	0	0
316757	mini	value	3	58.2	72.1	65.2	6.95	65.167	6.95	4.013	17.265
316765	mini	value	3	60.9	71.6	66.2	5.35	66.233	5.35	3.089	13.29
316769	mini	value	3	60.6	66	63.3	2.7	63.3	2.7	1.559	6.707
316785	mini	value	3	61.6	63	62.3	0.7	62.3	0.7	0.404	1.739
316795	full	value	2	68.8	69.5	69.15	0.35	69.15	0.495	0.35	4.447
316798	full	value	5	53	65.5	60.2	4.9	60.24	4.851	2.169	6.023
316803	full	value	4	76.6	87.4	83.6	3.15	82.8	4.511	2.256	7.179
316809	full	value	4	51.5	76.3	57.35	11.075	60.625	11.129	5.564	17.708
316819	mini	value	2	72.9	72.9	72.9	0	72.9	0	0	0
316820	full	value	4	65.5	72.7	69.4	2.25	69.25	2.955	1.477	4.702
316849	full	value	5	51.2	57	53.1	0.5	53.6	2.111	0.944	2.621
316856	full	value	5	50.5	71.1	58.2	5.7	58.18	8	3.578	9.933
316861	mini	value	3	54.1	58.5	56.3	2.2	56.3	2.2	1.27	5.465
316879	mini	value	3	54.6	61.1	57.9	3.25	57.867	3.25	1.876	8.074
316886	full	value	5	57.6	79.1	67.2	0.7	67.72	7.627	3.411	9.471
316903	full	value	5	54.4	66.6	56.1	3.2	57.98	5.019	2.245	6.232
316914	full	value	3	57	65.7	63.7	4.35	62.133	4.557	2.631	11.319
316960	full	value	3	53.8	55.3	54.5	0.75	54.533	0.751	0.433	1.864
316970	full	value	6	50.5	62.5	53.25	4.475	54.383	4.508	1.841	4.731
316972	full	value	5	54.2	63.3	55.8	2.1	57.08	3.638	1.627	4.518
316977	full	value	5	79.9	86.2	82.4	2.5	82.36	2.497	1.117	3.1
316984	full	value	5	50.4	68	58.9	12.8	58.94	7.698	3.443	9.559
316987	mini	value	3	52.7	62.6	57.7	4.95	57.667	4.95	2.858	12.297
316994	full	value	5	52.9	60.3	57.9	4.9	57.24	3.195	1.429	3.967
316997	full	value	3	50.7	54.7	54.6	2	53.333	2.281	1.317	5.667
316998	full	value	3	69.3	77.4	69.5	4.05	72.067	4.62	2.667	11.476
317001	full	value	4	51.6	71.8	57.3	8.35	59.5	8.814	4.407	14.025
317006	full	value	3	92.1	95.5	93.8	1.7	93.8	1.7	0.981	4.223
317008	full	value	4	56.6	76.9	69.3	5.525	68.025	8.421	4.21	13.399
317017	full	value	5	56.6	66.1	63.8	3.4	63.02	3.885	1.737	4.824
317023	full	value	5	53.7	65.9	60.7	7.1	60.44	5.026	2.248	6.24
317027	full	value	5	63.7	80.5	70.8	5.5	71.14	6.314	2.824	7.84
317031	full	value	3	70.6	86.3	78.4	7.85	78.433	7.85	4.532	19.501
317043	full	value	4	51.2	57.4	54.5	1.7	54.4	2.535	1.268	4.034
317048	full	value	4	55.3	63.2	60.05	4.75	59.65	3.591	1.796	5.714
317055	full	value	4	51.4	73.3	65.4	7.725	63.875	9.194	4.597	14.63
317064	full	value	5	51.9	65.7	54.3	3.3	56.2	5.551	2.482	6.892
317065	full	value	5	63.2	68.2	65.3	3.9	65.4	2.259	1.01	2.805
317067	full	value	3	50.1	54.2	52.4	2.05	52.233	2.055	1.186	5.105
317081	full	value	5	50.7	74.8	56.8	5.1	59.04	9.346	4.18	11.604
317112	full	value	4	50.1	75.5	55.45	11.825	59.125	11.594	5.797	18.448
317121	full	value	5	61.5	70.3	65	4.5	65.02	3.602	1.611	4.473
317134	full	value	4	50.5	62.3	57.55	3.775	56.975	4.884	2.442	7.771
317158	mini	value	3	80.9	82	81.4	0.55	81.433	0.551	0.318	1.368
317159	full	value	2	62.1	62.1	62.1	0	62.1	0	0	0
317168	mini	value	3	74.9	82.5	78.7	3.8	78.7	3.8	2.194	9.44
317189	mini	value	3	60.3	66.6	63.4	3.15	63.433	3.15	1.819	7.825
317204	mini	value	2	54.1	54.1	54.1	0	54.1	0	0	0
317205	full	value	4	52.7	61.5	58.5	3.25	57.8	3.726	1.863	5.93
317218	full	value	3	55.3	64.5	61.6	4.6	60.467	4.704	2.716	11.684
317233	mini	value	3	70.5	77.7	74.1	3.6	74.1	3.6	2.078	8.943
317234	mini	value	3	50.8	53.8	52.3	1.5	52.3	1.5	0.866	3.726
317243	mini	value	2	61.5	61.5	61.5	0	61.5	0	0	0
317258	mini	value	2	57.1	57.1	57.1	0	57.1	0	0	0
317280	full	value	5	50	56.1	54	1.9	53.96	2.432	1.087	3.019
317281	full	value	6	51.4	54.2	53.45	1.6	53.067	1.134	0.463	1.19
317292	mini	value	3	62.5	72.2	67.3	4.85	67.333	4.85	2.8	12.048
317296	full	value	5	51.3	63.2	56.3	5.1	56.3	4.675	2.091	5.805
317315	full	value	4	52	65.5	56.25	5.25	57.5	5.788	2.894	9.21
317317	full	value	5	50.2	84.8	54	8.6	60.12	14.311	6.4	17.77
317347	full	value	3	59.5	74.7	67.1	7.6	67.1	7.6	4.388	18.879
317361	mini	value	2	64.1	64.1	64.1	0	64.1	0	0	0
317366	full	value	5	50.3	58.7	55.2	2.7	55.22	3.203	1.432	3.977
317380	full	value	5	50.7	69.9	61.2	1.2	61	6.833	3.056	8.485
317386	full	value	4	54.9	64.4	56.5	4.775	58.075	4.478	2.239	7.126
317398	full	value	4	51.1	55.5	52.35	1.775	52.825	1.914	0.957	3.045
317402	full	value	4	52.6	55.6	54.3	0.9	54.2	1.233	0.616	1.962
317409	full	value	3	50.1	56.4	53.2	3.15	53.233	3.15	1.819	7.825
317412	full	value	6	51.8	60.7	56.1	2.125	55.867	2.983	1.218	3.131
317419	full	value	5	55.9	64.2	56.9	2	58.32	3.411	1.525	4.235
317427	full	value	5	53.6	61.2	58	0.4	57.72	2.707	1.211	3.361
317431	mini	value	3	59.3	62.2	60.8	1.45	60.767	1.45	0.837	3.603
317438	mini	value	3	54.1	59.2	56.7	2.55	56.667	2.55	1.472	6.335
317450	full	value	5	62.4	74.3	65.7	2	66.8	4.495	2.01	5.581
317457	mini	value	3	52.4	55.5	54	1.55	53.967	1.55	0.895	3.851
317460	full	value	5	58.2	78	68	4.1	68.02	7.149	3.197	8.877
317464	mini	value	2	57.7	57.7	57.7	0	57.7	0	0	0
317490	mini	value	2	50.8	50.8	50.8	0	50.8	0	0	0
317491	mini	value	3	51.9	59.8	55.8	3.95	55.833	3.95	2.281	9.813
317498	full	value	5	50.3	72.6	62.8	7.4	62.78	8.412	3.762	10.445
317501	full	value	3	50.4	52.2	51.3	0.9	51.3	0.9	0.52	2.236
317513	mini	value	3	69.4	72.5	71	1.55	70.967	1.55	0.895	3.851
317526	mini	value	2	50.8	50.8	50.8	0	50.8	0	0	0
317543	mini	value	2	60.3	60.3	60.3	0	60.3	0	0	0
317551	full	value	2	52.1	52.1	52.1	0	52.1	0	0	0
317568	full	value	5	56.5	78.6	73.5	4.2	70.92	8.53	3.815	10.591
317597	mini	value	3	72.4	77.8	75.1	2.7	75.1	2.7	1.559	6.707
317607	mini	value	3	55.5	62.4	59	3.45	58.967	3.45	1.992	8.571
317624	full	value	5	54.1	63.7	61	2.5	60.42	3.781	1.691	4.695
317631	mini	value	2	85.1	85.1	85.1	0	85.1	0	0	0
317636	mini	value	3	54.7	55.5	55.1	0.4	55.1	0.4	0.231	0.994
317661	full	value	6	52.7	57.5	56.3	1.7	55.867	1.767	0.721	1.854
317669	mini	value	3	50.3	63	56.6	6.35	56.633	6.35	3.666	15.774
317671	full	value	4	67.9	87.3	78.35	7.025	77.975	8.02	4.01	12.761
317674	full	value	2	61.3	61.3	61.3	0	61.3	0	0	0
317680	mini	value	2	62.5	62.5	62.5	0	62.5	0	0	0
317689	mini	value	2	70.9	70.9	70.9	0	70.9	0	0	0
317706	full	value	3	55.1	57.8	56.5	1.35	56.467	1.35	0.78	3.354
317710	mini	value	3	63.4	68.8	66.1	2.7	66.1	2.7	1.559	6.707
317711	full	value	5	61.2	66.1	63.3	3.6	63.32	2.174	0.972	2.7
317722	mini	value	3	65	72.1	68.6	3.55	68.567	3.55	2.05	8.819
317727	full	value	2	76.6	76.6	76.6	0	76.6	0	0	0
317734	full	value	6	64.8	73.6	70.6	2.1	70.333	3.049	1.245	3.2
317740	full	value	6	50.3	63.5	57	8.5	57.167	5.486	2.24	5.757
317766	full	value	6	51	60.4	53.75	0.85	54.467	3.143	1.283	3.298
317767	mini	value	3	51.9	65.1	58.5	6.6	58.5	6.6	3.811	16.395
317779	mini	value	3	77.5	83.1	80.3	2.8	80.3	2.8	1.617	6.956
317793	full	value	5	51.5	77.1	60	6.9	60.54	10.055	4.497	12.485
317803	full	value	5	55.3	58.2	56.4	1.2	56.42	1.156	0.517	1.436
317824	mini	value	3	61.2	74.2	67.7	6.5	67.7	6.5	3.753	16.147
317838	full	value	4	51.4	76.9	55.85	12.6	60	11.951	5.975	19.016
317848	mini	value	3	62.5	67	64.8	2.25	64.767	2.25	1.299	5.59
317852	mini	value	2	62.3	62.3	62.3	0	62.3	0	0	0
317855	full	value	5	54.6	59.6	57	0.2	57.04	1.77	0.792	2.198
317904	full	value	6	52.7	64	59.65	5	59.083	4.149	1.694	4.354
317910	full	value	3	54.8	68.1	59	6.65	60.633	6.799	3.925	16.889
317913	full	value	4	51.3	69.1	54.65	8.575	57.425	8.253	4.127	13.133
317917	full	value	6	52.8	71.2	59.6	5.475	60.483	6.329	2.584	6.642
317921	mini	value	2	58	58	58	0	58	0	0	0
317935	full	value	6	50.7	69.4	55.95	8.825	58.033	7.13	2.911	7.482
317958	mini	value	3	58.1	65.3	61.7	3.6	61.7	3.6	2.078	8.943
317959	full	value	5	52.7	58.1	55	3.2	54.96	2.265	1.013	2.812
317974	mini	value	2	53.6	53.6	53.6	0	53.6	0	0	0
318005	mini	value	3	50.9	52.7	51.8	0.9	51.8	0.9	0.52	2.236
318021	full	value	4	56.9	77.5	64.75	7.025	65.975	8.589	4.294	13.667
318025	full	value	4	67.8	80.2	75.95	4.525	74.975	5.244	2.622	8.344
318029	mini	value	3	53.4	54.4	53.9	0.5	53.9	0.5	0.289	1.242
318030	full	value	5	59.4	72.6	65.5	5.5	65.52	5.078	2.271	6.305
318034	full	value	5	79.3	89.4	83.1	3.6	83.12	3.984	1.782	4.947
318035	full	value	6	58.8	65.6	60.5	0.95	61.1	2.349	0.959	2.465
318050	full	value	6	54.1	79.5	65.4	12.55	65.633	9.644	3.937	10.121
318058	mini	value	3	59.2	61.1	60.2	0.95	60.167	0.95	0.549	2.361
318075	full	value	6	53.9	63.8	57.3	4.55	57.717	3.744	1.528	3.929
318085	mini	value	3	52.2	61.5	56.9	4.65	56.867	4.65	2.685	11.551
318088	full	value	4	56.1	68.7	63.75	4.125	63.075	5.23	2.615	8.322
318095	full	value	4	73.6	83.2	76.75	3.075	77.575	4.05	2.025	6.444
318113	full	value	4	54.7	65.8	62.7	4.575	61.475	4.847	2.424	7.713
318120	mini	value	3	63	64.9	64	0.95	63.967	0.95	0.549	2.361
318126	full	value	5	57.1	63.9	60.8	4.3	60.82	2.863	1.28	3.555
318136	full	value	6	63.1	80.1	70.6	7.55	70.667	6.289	2.568	6.6
318150	full	value	4	66.6	79.9	70.4	5.425	71.825	5.788	2.894	9.209
318160	mini	value	3	57.5	58.8	58.1	0.65	58.133	0.651	0.376	1.616
318165	full	value	4	58.6	81.5	76.4	10.525	73.225	10.376	5.188	16.511
318176	full	value	5	59.1	65.4	61.4	1	61.66	2.32	1.038	2.881
318198	mini	value	3	53.2	53.8	53.5	0.3	53.5	0.3	0.173	0.745
318205	full	value	4	60.5	79.4	71	5.475	70.475	7.75	3.875	12.333
318244	full	value	5	74.1	79.5	77.4	2.8	77.4	2.233	0.998	2.772
318250	full	value	4	66.4	76.4	74.2	4.9	72.8	4.581	2.291	7.29
318252	mini	value	2	57.4	57.4	57.4	0	57.4	0	0	0
318257	mini	value	3	51.5	52.6	52	0.55	52.033	0.551	0.318	1.368
318271	full	value	4	57	60.7	58.75	1	58.8	1.512	0.756	2.406
318288	full	value	6	51	72.8	61.6	4.875	61.917	7.184	2.933	7.539
318290	full	value	2	58	60.5	59.25	1.25	59.25	1.768	1.25	15.883
318291	full	value	5	50.6	56.1	54	2.1	54	2.181	0.975	2.708
318292	full	value	5	51.1	55.9	53.9	3.1	53.92	2.064	0.923	2.563
318293	mini	value	2	59.3	59.3	59.3	0	59.3	0	0	0
318322	full	value	5	52.6	93.6	62.6	9.7	66.34	16.13	7.214	20.028
318326	full	value	5	57.8	74.2	65.1	10	64.78	6.917	3.093	8.588
318328	full	value	5	62.3	72.4	66.6	3.7	66.56	3.886	1.738	4.825
318329	full	value	4	67.6	75.1	68.9	3.675	70.125	3.512	1.756	5.589
318333	mini	value	3	50.1	58.8	54.5	4.35	54.467	4.35	2.512	10.806
318344	full	value	4	61.6	69.8	65.5	2.2	65.6	3.351	1.675	5.332
318351	full	value	3	53.4	63.5	57.2	5.05	58.033	5.101	2.945	12.672
318374	full	value	4	51.1	57.6	53.25	1.85	53.8	2.731	1.366	4.346
318417	mini	value	3	60.4	66.9	63.7	3.25	63.667	3.25	1.876	8.074
318422	full	value	5	67.1	73.6	70.4	2.8	70.38	2.502	1.119	3.107
318433	full	value	5	53.2	70.7	56.5	4.5	58.62	7.075	3.164	8.785
318450	mini	value	2	50.4	50.4	50.4	0	50.4	0	0	0
318458	full	value	5	52.9	57.7	53.4	1.2	54.28	1.985	0.888	2.465
318466	mini	value	3	76.6	78	77.3	0.7	77.3	0.7	0.404	1.739
318470	mini	value	2	63.8	63.8	63.8	0	63.8	0	0	0
318485	full	value	3	61	71.2	66.1	5.1	66.1	5.1	2.944	12.669
318489	full	value	4	50.5	59.3	53.65	3.175	54.275	3.703	1.851	5.892
318497	mini	value	3	52.2	58.9	55.5	3.35	55.533	3.35	1.934	8.322
318520	mini	value	3	51.6	56.3	54	2.35	53.967	2.35	1.357	5.838
318523	full	value	4	50.5	65.4	61.8	6.575	59.875	6.66	3.33	10.597
318531	full	value	4	77.1	89.9	80.45	5.525	81.975	5.658	2.829	9.003
318573	mini	value	2	60.2	60.2	60.2	0	60.2	0	0	0
318580	mini	value	2	63.6	63.6	63.6	0	63.6	0	0	0
318581	full	value	5	56.8	71.3	63.5	10.8	63.48	6.418	2.87	7.969
318600	mini	value	2	72.7	72.7	72.7	0	72.7	0	0	0
318609	mini	value	3	80.2	80.5	80.3	0.15	80.333	0.153	0.088	0.379
318625	full	value	6	50.5	64.2	56.25	4.075	56.167	4.784	1.953	5.021
318641	full	value	4	52.9	56.5	55.9	1.8	55.3	1.697	0.849	2.7
318642	full	value	6	50	60.5	52.45	1.1	53.517	3.613	1.475	3.792
318643	full	value	5	58.9	74.7	65.2	3.9	65.18	5.979	2.674	7.424
318662	full	value	5	50.3	67.8	56.3	5.5	56.34	7.025	3.142	8.723
318680	full	value	4	70.9	85.4	77.9	3.775	78.025	5.922	2.961	9.423
318689	mini	value	3	59.4	70	64.7	5.3	64.7	5.3	3.06	13.166
318726	mini	value	2	68.5	68.5	68.5	0	68.5	0	0	0
318730	full	value	3	55.6	64.7	61.5	4.55	60.6	4.616	2.665	11.467
318736	mini	value	3	57.3	58.6	58	0.65	57.967	0.651	0.376	1.616
318745	mini	value	2	83.7	83.7	83.7	0	83.7	0	0	0
318761	full	value	6	51.7	70.6	57.6	1.775	58.867	6.274	2.561	6.584
318765	full	value	6	63.4	77.9	72.4	3.475	72.167	4.967	2.028	5.212
318766	full	value	6	50.2	63.7	53.25	4.55	54.383	5.053	2.063	5.303
318793	mini	value	3	58.2	59.3	58.8	0.55	58.767	0.551	0.318	1.368
318799	full	value	6	50.2	57.6	52.2	3.45	53.1	2.826	1.154	2.965
318810	full	value	4	57	63	59.8	3.15	59.9	2.612	1.306	4.155
318812	mini	value	3	56.3	66.4	61.4	5.05	61.367	5.05	2.916	12.545
318825	full	value	4	50	55.5	50.9	2.725	51.825	2.593	1.296	4.126
318852	full	value	3	61.4	64.5	63.7	1.55	63.2	1.609	0.929	3.998
318863	full	value	4	55.1	67.6	62.05	3.65	61.7	5.127	2.564	8.158
318889	mini	value	2	62.5	62.5	62.5	0	62.5	0	0	0
319000	mini	value	2	51.1	51.1	51.1	0	51.1	0	0	0
319015	mini	value	2	58.8	58.8	58.8	0	58.8	0	0	0
319016	mini	value	3	52.9	61.1	57	4.1	57	4.1	2.367	10.185
319023	full	value	4	57.9	62.5	58.75	1.825	59.475	2.089	1.044	3.324
319037	full	value	5	53.6	56.1	54.7	1.8	54.68	1.103	0.493	1.37
319042	full	value	5	57.2	60.2	58.9	1.7	58.92	1.24	0.554	1.539
319056	full	value	4	59.2	61.3	60.5	0.675	60.375	0.873	0.437	1.389
319064	mini	value	3	72	74.2	73.1	1.1	73.1	1.1	0.635	2.733
319080	mini	value	2	51.2	51.2	51.2	0	51.2	0	0	0
319082	full	value	4	51.1	60.4	57.85	3.9	56.8	4.077	2.038	6.487
319096	full	value	4	53.2	57.4	55.05	1.275	55.175	1.725	0.863	2.745
319141	full	value	3	74.1	84.4	75.6	5.15	78.033	5.564	3.213	13.823
319153	full	value	5	57.1	71.6	62.9	2.4	63.08	5.34	2.388	6.63
319155	full	value	3	71.3	78.3	74.8	3.5	74.8	3.5	2.021	8.694
319165	full	value	5	51.1	62.8	57.2	9	57.18	5.224	2.336	6.486
319170	full	value	4	65.4	83.4	73.15	5.475	73.775	7.403	3.701	11.78
319187	mini	value	3	60.6	62.7	61.7	1.05	61.667	1.05	0.606	2.609
319189	mini	value	3	54.2	54.4	54.3	0.1	54.3	0.1	0.058	0.248
319197	mini	value	2	65	65	65	0	65	0	0	0
319231	full	value	4	53.7	58.4	56.5	2.675	56.275	2.101	1.051	3.344
319235	mini	value	2	52.4	52.4	52.4	0	52.4	0	0	0
319250	mini	value	2	78	78	78	0	78	0	0	0
319276	mini	value	2	50.7	50.7	50.7	0	50.7	0	0	0
319289	mini	value	3	54.9	58.7	56.8	1.9	56.8	1.9	1.097	4.72
319321	full	value	4	58.4	66.3	63.65	2.95	63	3.354	1.677	5.336
319325	full	value	4	52.4	59.8	56.75	2.375	56.425	3.058	1.529	4.865
319329	full	value	4	71.2	73.9	73	0.675	72.775	1.132	0.566	1.802
319334	full	value	5	51	57.1	53.5	1.9	53.46	2.337	1.045	2.902
319345	full	value	4	74.4	89.9	80.65	5	81.4	6.416	3.208	10.209
319356	full	value	5	51.7	65.2	58.5	2.9	58.5	4.882	2.183	6.062
319361	full	value	5	52.7	65.8	59.9	0.9	59.78	4.67	2.088	5.798
319367	full	value	5	50.3	56.6	53.5	2.2	53.52	2.361	1.056	2.931
319408	full	value	6	57.4	72.8	63.65	3.65	63.867	5.195	2.121	5.452
319433	full	value	5	56.5	81.6	69.9	3.5	69.9	9	4.025	11.175
319459	full	value	5	68.8	72.8	71.1	1	71.1	1.488	0.666	1.848
319460	mini	value	2	62.1	62.1	62.1	0	62.1	0	0	0
319470	full	value	4	59.8	63.2	62.55	1.675	62.025	1.58	0.79	2.514
319471	full	value	5	50.4	61.5	53.5	1.9	54.5	4.196	1.876	5.21
319489	full	value	4	53.1	74.7	64.65	5.925	64.275	8.833	4.417	14.056
319512	mini	value	3	68.6	72.6	70.6	2	70.6	2	1.155	4.968
319525	full	value	6	57.1	76.5	62.1	9.3	64.533	7.486	3.056	7.856
319532	full	value	4	51.6	61.2	55.1	3	55.75	4.004	2.002	6.371
319569	full	value	6	53.1	57.9	55.15	1.075	55.217	1.598	0.652	1.677
319579	mini	value	3	61.3	65.7	63.5	2.2	63.5	2.2	1.27	5.465
319592	mini	value	3	72	72.2	72.1	0.1	72.1	0.1	0.058	0.248
319607	full	value	2	64.1	67.4	65.75	1.65	65.75	2.333	1.65	20.965
319638	mini	value	2	69	69	69	0	69	0	0	0
319678	full	value	3	55.1	77.9	66.5	11.4	66.5	11.4	6.582	28.319
319681	full	value	5	56.2	68.8	63.5	7	63.46	5.184	2.318	6.437
319689	full	value	5	52.4	57.8	55.1	3	55.14	2.185	0.977	2.713
319691	mini	value	3	56.8	63.3	60	3.25	60.033	3.25	1.876	8.074
319707	full	value	4	60.4	70	66.4	3.3	65.8	4.01	2.005	6.381
319710	full	value	5	56.7	66.1	61.1	6.4	61.1	4.032	1.803	5.006
319711	mini	value	2	54.5	54.5	54.5	0	54.5	0	0	0
319715	full	value	2	58.5	58.5	58.5	0	58.5	0	0	0
319726	mini	value	3	77.7	80.2	79	1.25	78.967	1.25	0.722	3.106
319748	full	value	5	58.5	62.6	61.4	0.8	61.1	1.56	0.698	1.938
319806	mini	value	3	60.5	63.5	62	1.5	62	1.5	0.866	3.726
319808	mini	value	2	68.9	68.9	68.9	0	68.9	0	0	0
319814	full	value	5	51.5	73.9	59.1	7.2	59.1	9.064	4.054	11.255
319820	full	value	5	63.4	81.5	69.4	1.7	70.84	6.597	2.95	8.192
319822	full	value	4	50.2	61.3	56.65	3.45	56.2	4.576	2.288	7.281
319824	full	value	6	59.4	76	68.7	7.1	67.733	6.035	2.464	6.333
319827	mini	value	2	60.3	60.3	60.3	0	60.3	0	0	0
319830	full	value	2	68.7	70.1	69.4	0.7	69.4	0.99	0.7	8.894
319875	full	value	4	52.5	61.4	55.5	3.275	56.225	3.772	1.886	6.002
319890	mini	value	3	80.1	85.8	82.9	2.85	82.933	2.85	1.646	7.08
320229	full	value	4	77.4	83.3	79.55	2.9	79.95	2.572	1.286	4.093
320233	full	value	4	62.3	72.3	65.9	4.75	66.6	4.338	2.169	6.903
320234	full	value	3	55.3	58	56.6	1.35	56.633	1.35	0.78	3.354
320248	full	value	4	89.6	92.7	91.5	1.075	91.325	1.292	0.646	2.056
320254	full	value	3	58.8	65.4	62.1	3.3	62.1	3.3	1.905	8.198
320255	full	value	6	58.2	82.4	67.05	3.925	67.683	8.094	3.304	8.494
320256	full	value	6	50.3	82.5	61	11.475	61.917	11.793	4.815	12.376
320277	full	value	4	61	68.1	64.1	2.075	64.325	2.915	1.457	4.638
320280	full	value	6	93.3	99.6	97.4	3.575	96.967	2.499	1.02	2.622
320290	mini	value	2	76.4	76.4	76.4	0	76.4	0	0	0
320345	full	value	4	64.4	72	69.05	2.575	68.625	3.163	1.581	5.033
320357	full	value	6	50.7	58.5	53.5	1.875	53.483	2.779	1.134	2.916
320362	full	value	4	71	82.5	78.65	4.3	77.7	4.883	2.442	7.77
320376	full	value	3	64	68.2	66.1	2.1	66.1	2.1	1.212	5.217
320420	full	value	5	52.8	69.1	60.3	8.7	60.34	6.56	2.934	8.145
320433	mini	value	3	61	64.6	62.8	1.8	62.8	1.8	1.039	4.471
320468	full	value	6	50.3	67.8	60.95	8.9	59.483	6.687	2.73	7.017
320486	mini	value	3	55.8	62.9	59.3	3.55	59.333	3.55	2.05	8.819
320511	full	value	4	55.5	70.9	64.4	4.75	63.8	6.344	3.172	10.095
320525	full	value	5	52.7	67	63.6	2.8	62.06	5.533	2.474	6.87
320547	mini	value	3	62.3	68.6	65.4	3.15	65.433	3.15	1.819	7.825
320560	full	value	4	62.3	73.1	65.7	4.2	66.7	4.63	2.315	7.368
320564	full	value	6	62.2	75.4	67.65	7.775	67.917	5.324	2.174	5.587
320566	full	value	5	51.1	55.8	51.8	1.2	52.5	1.922	0.86	2.387
320570	full	value	3	60.7	67.6	64.2	3.45	64.167	3.45	1.992	8.571
320574	full	value	4	84.5	98.4	96.1	6.925	93.775	6.553	3.276	10.427
320601	full	value	6	50.3	54.2	52.35	1.975	52.333	1.484	0.606	1.558
320607	full	value	6	50.4	69.2	57.65	2.525	58.217	6.157	2.514	6.461
320615	full	value	4	62.1	76.3	67.667	4.7	68.433	5.898	2.949	9.384
320658	full	value	3	70.1	71.5	70.8	0.7	70.8	0.7	0.404	1.739
320668	full	value	5	66.5	77.1	68.5	2.3	69.92	4.203	1.879	5.218
320678	full	value	4	62.7	67.6	63.85	2.2	64.5	2.202	1.101	3.503
320822	full	value	5	62.7	76.2	69	5.3	69.04	5.143	2.3	6.386
320832	mini	value	3	63.6	70.3	67	3.35	66.967	3.35	1.934	8.322
320835	full	value	6	52.5	63.6	58.45	5.6	58.183	4.209	1.718	4.417
320841	mini	value	2	53.9	53.9	53.9	0	53.9	0	0	0
320843	full	value	4	54.9	67	64.9	6.025	62.925	5.681	2.84	9.039
320862	full	value	4	52.8	61.5	56.25	2.85	56.7	3.608	1.804	5.742
320864	full	value	5	64.1	89.2	78.3	8.3	78.3	9.491	4.245	11.785
320888	full	value	5	54.7	82.3	71.8	6.6	71.76	10.546	4.717	13.095
320891	mini	value	3	61	66.7	63.9	2.85	63.867	2.85	1.646	7.08
320896	mini	value	3	53.9	65.1	59.5	5.6	59.5	5.6	3.233	13.911
320901	full	value	5	54.6	63.7	57.1	2.2	57.76	3.549	1.587	4.406
320902	full	value	5	68.3	80.3	77.6	3.5	76.58	4.895	2.189	6.077
321022	full	value	3	82.4	85.6	84.3	1.6	84.1	1.609	0.929	3.998
321025	full	value	6	62	78.6	65.7	3.2	67	5.988	2.444	6.284
321051	full	value	6	52.1	70.4	62.2	3.75	61.917	6.008	2.453	6.305
321053	full	value	5	50	62.9	55.1	3.9	55.1	4.952	2.215	6.149
321063	full	value	5	50.1	63.8	54.4	2.3	55.36	5.122	2.291	6.36
321094	full	value	4	51.4	52.8	52.5	0.65	52.3	0.638	0.319	1.015
321433	full	value	4	53.9	63.8	60.35	3.6	59.6	4.179	2.089	6.649
321453	mini	value	2	77.6	77.6	77.6	0	77.6	0	0	0
321465	full	value	6	51.4	73.6	68.25	6.15	66.567	8.089	3.302	8.489
321467	mini	value	3	54.2	65.8	60	5.8	60	5.8	3.349	14.408
321469	full	value	4	53.7	81.4	70.7	9.325	69.125	11.528	5.764	18.344
321478	full	value	6	54.4	82	68.35	14.25	68.233	10.579	4.319	11.102
321482	mini	value	2	55.7	55.7	55.7	0	55.7	0	0	0
321834	mini	value	2	70.2	70.2	70.2	0	70.2	0	0	0
321841	full	value	3	56.7	85.5	74.3	14.4	72.167	14.518	8.382	36.065
321852	full	value	5	51	74.7	63.5	8.9	63.54	8.978	4.015	11.148
321883	full	value	5	50.9	56.2	53.4	0.2	53.42	1.879	0.84	2.334
321890	full	value	4	55.4	69.8	65.85	6.075	64.225	6.316	3.158	10.051
321892	mini	value	2	58.9	58.9	58.9	0	58.9	0	0	0
321922	full	value	4	61.2	68	64.45	1.775	64.525	2.778	1.389	4.42
321932	full	value	4	54.4	64.4	56.85	4.375	58.125	4.458	2.229	7.094
321945	full	value	6	50.9	65.5	57.9	7.75	58.667	5.666	2.313	5.946
321954	full	value	5	54.5	57.5	55.9	0.7	55.88	1.096	0.49	1.361
321957	full	value	4	50	68.8	64	8.15	61.7	8.336	4.168	13.264
321966	full	value	6	56.7	68.6	61.8	3.05	61.717	4.066	1.66	4.267
321967	full	value	4	65.4	70.6	67.95	1.375	67.975	2.123	1.062	3.379
321976	full	value	4	70.1	76.3	73.35	1.625	73.275	2.533	1.266	4.03
321977	full	value	4	51.3	62.3	53.25	5.375	55.025	5.139	2.569	8.177
321984	full	value	5	50.1	61.1	54.5	3.6	54.46	4.251	1.901	5.278
321987	full	value	5	50	60.4	52.9	3.1	53.4	4.196	1.876	5.21
321992	full	value	6	59.1	71.3	63.1	4.975	63.583	4.539	1.853	4.764
321994	full	value	4	70.4	82.5	75.15	4	75.8	5.025	2.512	7.995
321996	mini	value	3	50	54	52	2	52	2	1.155	4.968
322012	full	value	5	71.6	79.2	75.3	1.3	75.32	2.727	1.22	3.386
322039	full	value	4	63.2	76.3	72.45	5.3	71.1	5.679	2.839	9.036
322041	mini	value	2	65	65	65	0	65	0	0	0
322043	mini	value	3	65.3	76.4	70.8	5.55	70.833	5.55	3.204	13.787
322053	mini	value	3	78.8	79.4	79.1	0.3	79.1	0.3	0.173	0.745
322068	mini	value	2	57.7	57.7	57.7	0	57.7	0	0	0
322082	full	value	5	50.8	69.7	59.8	9.2	59.78	7.447	3.33	9.247
322327	mini	value	3	56.4	58	57.2	0.8	57.2	0.8	0.462	1.987
322347	mini	value	2	59.5	59.5	59.5	0	59.5	0	0	0
322354	full	value	3	63.2	75.4	69.3	6.1	69.3	6.1	3.522	15.153
322365	full	value	2	55.7	55.7	55.7	0	55.7	0	0	0
322384	full	value	3	55.6	69.3	62.5	6.85	62.467	6.85	3.955	17.016
322394	full	value	4	56.6	72.4	63.35	4.775	63.925	6.5	3.25	10.343
322411	mini	value	3	56.9	63.5	60.2	3.3	60.2	3.3	1.905	8.198
322421	full	value	4	81.9	86.7	85.7	2.25	85	2.195	1.098	3.493
322464	full	value	5	66.6	82	70.4	3.9	71.7	6.103	2.729	7.578
322468	full	value	5	50.4	52.1	51.3	0.4	51.32	0.622	0.278	0.772
322620	full	value	6	50.7	61.9	55.95	1.575	55.783	3.641	1.486	3.821
322646	full	value	3	82.6	82.9	82.8	0.15	82.767	0.153	0.088	0.379
322671	full	value	6	50.3	60.9	54.35	4.875	54.817	3.941	1.609	4.136
322730	full	value	6	50.5	73	58.75	7.175	59.9	7.81	3.188	8.196
322731	full	value	5	50.1	56.8	53.9	4	53.88	2.791	1.248	3.466
322738	full	value	5	51.1	59.7	55.8	2	55.8	3.147	1.407	3.908
322755	mini	value	2	70.6	70.6	70.6	0	70.6	0	0	0
322757	mini	value	3	54	57.1	55.5	1.55	55.533	1.55	0.895	3.851
322779	mini	value	2	55.3	55.3	55.3	0	55.3	0	0	0
322784	full	value	5	66.5	72.3	68.2	0.8	68.76	2.152	0.963	2.673
322828	full	value	4	58.9	66.9	64.85	3.425	63.875	3.541	1.77	5.634
322829	full	value	5	70	94.5	85.7	3.6	84.6	9.019	4.033	11.198
322835	full	value	5	55.3	64.3	58.9	1.9	58.88	3.381	1.512	4.198
322860	full	value	6	52.5	65	57.05	6.05	57.583	4.743	1.936	4.977
322892	full	value	5	52.9	58.5	54.1	1.2	54.78	2.192	0.981	2.722
322910	full	value	5	50.5	75.4	64.4	9.8	64.38	9.567	4.279	11.88
322920	mini	value	2	56.4	56.4	56.4	0	56.4	0	0	0
322960	mini	value	3	50.5	52.8	51.6	1.15	51.633	1.15	0.664	2.858
322978	full	value	3	52.3	60.4	55.2	4.05	55.967	4.104	2.369	10.195
323211	mini	value	3	60.7	70.6	65.7	4.95	65.667	4.95	2.858	12.297
323213	full	value	4	73.3	84.1	77.8	5.55	78.25	4.703	2.351	7.483
323221	mini	value	2	65.2	65.2	65.2	0	65.2	0	0	0
323236	mini	value	3	73	75.4	74.2	1.2	74.2	1.2	0.693	2.981
323240	mini	value	3	58.1	61.8	60	1.85	59.967	1.85	1.068	4.596
323252	mini	value	2	57.2	57.2	57.2	0	57.2	0	0	0
323259	full	value	4	58.9	78.7	70.2	6	69.5	8.144	4.072	12.958
323266	full	value	2	74.7	74.7	74.7	0	74.7	0	0	0
323285	full	value	3	50.3	66.9	58.6	8.3	58.6	8.3	4.792	20.618
323286	full	value	3	57	64.6	60.8	3.8	60.8	3.8	2.194	9.44
323296	full	value	4	60.1	64.5	63.1	1.7	62.7	1.883	0.942	2.997
323313	full	value	3	69.1	76.3	73.5	3.6	72.967	3.63	2.095	9.016
323315	full	value	4	78.2	83.5	80.15	1.85	80.5	2.22	1.11	3.532
323317	mini	value	2	84.3	84.3	84.3	0	84.3	0	0	0
323327	full	value	5	51.2	61.1	58.3	2.4	57.68	3.871	1.731	4.806
323333	mini	value	3	64.9	73.1	69	4.1	69	4.1	2.367	10.185
323356	mini	value	3	69.7	71.4	70.6	0.85	70.567	0.85	0.491	2.113
323361	full	value	5	58.9	75.2	73.1	3.5	70.22	6.583	2.944	8.174
323952	full	value	6	50.3	57.5	53.8	2.525	53.883	2.506	1.023	2.63
323955	full	value	4	59.5	80.1	66.45	7.625	68.125	8.734	4.367	13.898
323984	full	value	5	54.6	71.2	64	5.3	63.98	6.254	2.797	7.765
323987	mini	value	2	60.2	60.2	60.2	0	60.2	0	0	0
324002	mini	value	3	61.2	62.2	61.7	0.5	61.7	0.5	0.289	1.242
324003	full	value	3	60.4	67.1	63.6	3.35	63.7	3.351	1.935	8.325
324010	full	value	5	62.2	78.7	70.3	2.1	70.34	5.882	2.63	7.303
324044	mini	value	2	53.3	53.3	53.3	0	53.3	0	0	0
324048	full	value	4	59.2	63.9	60.4	2.075	60.975	2.089	1.044	3.324
324062	mini	value	2	79.7	79.7	79.7	0	79.7	0	0	0
324064	mini	value	2	64.3	64.3	64.3	0	64.3	0	0	0
324066	full	value	5	62	78.4	70.6	7.5	70.58	6.387	2.856	7.93
324074	full	value	5	56.3	65.9	61.3	2.8	61.3	3.541	1.584	4.397
324093	full	value	5	55.1	61.7	58.5	4.1	58.32	2.752	1.231	3.417
324122	full	value	6	56.5	69.1	62.2	8.225	62.883	5.246	2.142	5.505
324126	full	value	6	60.4	75.9	65.35	2.225	66.233	5.206	2.125	5.463
324147	full	value	4	50.1	58.4	51.75	3.95	53	3.822	1.911	6.081
324188	mini	value	2	78.8	78.8	78.8	0	78.8	0	0	0
324192	full	value	6	57.1	74.9	65.85	2.55	66.267	5.745	2.346	6.03
324193	mini	value	3	52.3	53.7	53	0.7	53	0.7	0.404	1.739
324194	mini	value	3	51.3	60.1	55.7	4.4	55.7	4.4	2.54	10.93
324196	full	value	4	67.8	81.6	69.4	5.1	72.05	6.474	3.237	10.301
324215	full	value	4	53.8	62.4	58.5	2.45	58.3	3.522	1.761	5.605
324222	mini	value	3	51.9	52.1	52	0.1	52	0.1	0.058	0.248
324228	full	value	3	52.5	65.8	59.1	6.65	59.133	6.65	3.839	16.52
324249	mini	value	2	78.1	78.1	78.1	0	78.1	0	0	0
324251	mini	value	3	55.8	59.1	57.5	1.65	57.467	1.65	0.953	4.099
324408	full	value	6	54.6	70.7	62	2.325	62.3	5.185	2.117	5.441
324415	full	value	5	51.7	55.9	53.7	1.5	53.72	1.579	0.706	1.96
324416	full	value	6	56.9	70.9	60.1	2.475	61.383	4.96	2.025	5.205
324420	full	value	5	58.9	70.8	64.6	10.6	65.06	5.65	2.527	7.015
324421	mini	value	2	55	55	55	0	55	0	0	0
324431	mini	value	3	53.5	58.7	56.1	2.6	56.1	2.6	1.501	6.459
324434	mini	value	2	86.6	86.6	86.6	0	86.6	0	0	0
324643	mini	value	2	69.2	69.2	69.2	0	69.2	0	0	0
324645	full	value	6	50.7	62.6	55.7	7.325	56.667	4.858	1.983	5.098
324655	full	value	4	75	88.3	82.4	3.625	82.025	5.449	2.725	8.671
324657	full	value	5	64.6	72.7	67.8	3.5	67.8	3.233	1.446	4.015
324664	full	value	3	57.4	60	58.7	1.3	58.7	1.3	0.751	3.229
324681	full	value	4	52.9	58.3	56	1.35	55.8	2.217	1.108	3.527
821022	full	value	4	77.8	85.9	81.2	2.475	81.525	3.337	1.669	5.31
